17:55:41.681 [32minfo[39m: PUT /api/projects/5413fc94-3245-4153-9641-b9d025367e1d/board-position 200 {"service":"nords-server","method":"PUT","path":"/api/projects/5413fc94-3245-4153-9641-b9d025367e1d/board-position","status":200,"duration":"32ms","bytes":"287"}
17:55:41.681 [34mdebug[39m: Query executed {"service":"nords-server","text":"INSERT INTO nord_board_positions (nord_id, type_id, distance_x, distance_y)\n    ","duration":31,"rows":1}
17:55:41.681 [32minfo[39m: PUT /api/projects/5413fc94-3245-4153-9641-b9d025367e1d/board-position 200 {"service":"nords-server","method":"PUT","path":"/api/projects/5413fc94-3245-4153-9641-b9d025367e1d/board-position","status":200,"duration":"31ms","bytes":"287"}
17:55:41.681 [34mdebug[39m: Query executed {"service":"nords-server","text":"INSERT INTO nord_board_positions (nord_id, type_id, distance_x, distance_y)\n    ","duration":32,"rows":1}
17:55:41.682 [32minfo[39m: PUT /api/projects/5413fc94-3245-4153-9641-b9d025367e1d/board-position 200 {"service":"nords-server","method":"PUT","path":"/api/projects/5413fc94-3245-4153-9641-b9d025367e1d/board-position","status":200,"duration":"33ms","bytes":"288"}
17:55:41.682 [34mdebug[39m: Query executed {"service":"nords-server","text":"INSERT INTO nord_board_positions (nord_id, type_id, distance_x, distance_y)\n    ","duration":33,"rows":1}
17:55:41.682 [32minfo[39m: PUT /api/projects/5413fc94-3245-4153-9641-b9d025367e1d/board-position 200 {"service":"nords-server","method":"PUT","path":"/api/projects/5413fc94-3245-4153-9641-b9d025367e1d/board-position","status":200,"duration":"33ms","bytes":"259"}
17:55:41.682 [34mdebug[39m: Query executed {"service":"nords-server","text":"INSERT INTO nord_board_positions (nord_id, type_id, distance_x, distance_y)\n    ","duration":33,"rows":1}
17:55:41.682 [32minfo[39m: PUT /api/projects/5413fc94-3245-4153-9641-b9d025367e1d/board-position 200 {"service":"nords-server","method":"PUT","path":"/api/projects/5413fc94-3245-4153-9641-b9d025367e1d/board-position","status":200,"duration":"33ms","bytes":"259"}
17:55:41.706 [34mdebug[39m: Query executed {"service":"nords-server","text":"INSERT INTO nord_board_positions (nord_id, type_id, distance_x, distance_y)\n    ","duration":30,"rows":1}
17:55:41.706 [32minfo[39m: PUT /api/projects/5413fc94-3245-4153-9641-b9d025367e1d/board-position 200 {"service":"nords-server","method":"PUT","path":"/api/projects/5413fc94-3245-4153-9641-b9d025367e1d/board-position","status":200,"duration":"30ms","bytes":"261"}
17:55:41.713 [34mdebug[39m: Query executed {"service":"nords-server","text":"INSERT INTO nord_board_positions (nord_id, type_id, distance_x, distance_y)\n    ","duration":30,"rows":1}
17:55:41.714 [32minfo[39m: PUT /api/projects/5413fc94-3245-4153-9641-b9d025367e1d/board-position 200 {"service":"nords-server","method":"PUT","path":"/api/projects/5413fc94-3245-4153-9641-b9d025367e1d/board-position","status":200,"duration":"31ms","bytes":"259"}
17:55:41.715 [34mdebug[39m: Query executed {"service":"nords-server","text":"INSERT INTO nord_board_positions (nord_id, type_id, distance_x, distance_y)\n    ","duration":31,"rows":1}
17:55:41.715 [32minfo[39m: PUT /api/projects/5413fc94-3245-4153-9641-b9d025367e1d/board-position 200 {"service":"nords-server","method":"PUT","path":"/api/projects/5413fc94-3245-4153-9641-b9d025367e1d/board-position","status":200,"duration":"31ms","bytes":"287"}
17:55:41.715 [34mdebug[39m: Query executed {"service":"nords-server","text":"INSERT INTO nord_board_positions (nord_id, type_id, distance_x, distance_y)\n    ","duration":31,"rows":1}
17:55:41.715 [32minfo[39m: PUT /api/projects/5413fc94-3245-4153-9641-b9d025367e1d/board-position 200 {"service":"nords-server","method":"PUT","path":"/api/projects/5413fc94-3245-4153-9641-b9d025367e1d/board-position","status":200,"duration":"31ms","bytes":"289"}
17:55:41.715 [34mdebug[39m: Query executed {"service":"nords-server","text":"INSERT INTO nord_board_positions (nord_id, type_id, distance_x, distance_y)\n    ","duration":31,"rows":1}
17:55:41.715 [32minfo[39m: PUT /api/projects/5413fc94-3245-4153-9641-b9d025367e1d/board-position 200 {"service":"nords-server","method":"PUT","path":"/api/projects/5413fc94-3245-4153-9641-b9d025367e1d/board-position","status":200,"duration":"31ms","bytes":"288"}
17:55:41.716 [34mdebug[39m: Query executed {"service":"nords-server","text":"INSERT INTO nord_board_positions (nord_id, type_id, distance_x, distance_y)\n    ","duration":32,"rows":1}
17:55:41.716 [32minfo[39m: PUT /api/projects/5413fc94-3245-4153-9641-b9d025367e1d/board-position 200 {"service":"nords-server","method":"PUT","path":"/api/projects/5413fc94-3245-4153-9641-b9d025367e1d/board-position","status":200,"duration":"32ms","bytes":"289"}
17:55:41.738 [34mdebug[39m: Query executed {"service":"nords-server","text":"INSERT INTO nord_board_positions (nord_id, type_id, distance_x, distance_y)\n    ","duration":30,"rows":1}
17:55:41.738 [32minfo[39m: PUT /api/projects/5413fc94-3245-4153-9641-b9d025367e1d/board-position 200 {"service":"nords-server","method":"PUT","path":"/api/projects/5413fc94-3245-4153-9641-b9d025367e1d/board-position","status":200,"duration":"30ms","bytes":"260"}
17:55:41.744 [34mdebug[39m: Query executed {"service":"nords-server","text":"INSERT INTO nord_board_positions (nord_id, type_id, distance_x, distance_y)\n    ","duration":29,"rows":1}
17:55:41.744 [32minfo[39m: PUT /api/projects/5413fc94-3245-4153-9641-b9d025367e1d/board-position 200 {"service":"nords-server","method":"PUT","path":"/api/projects/5413fc94-3245-4153-9641-b9d025367e1d/board-position","status":200,"duration":"29ms","bytes":"288"}
17:55:41.745 [34mdebug[39m: Query executed {"service":"nords-server","text":"INSERT INTO nord_board_positions (nord_id, type_id, distance_x, distance_y)\n    ","duration":30,"rows":1}
17:55:41.745 [32minfo[39m: PUT /api/projects/5413fc94-3245-4153-9641-b9d025367e1d/board-position 200 {"service":"nords-server","method":"PUT","path":"/api/projects/5413fc94-3245-4153-9641-b9d025367e1d/board-position","status":200,"duration":"30ms","bytes":"289"}
17:55:41.749 [34mdebug[39m: Query executed {"service":"nords-server","text":"INSERT INTO nord_board_positions (nord_id, type_id, distance_x, distance_y)\n    ","duration":33,"rows":1}
17:55:41.749 [32minfo[39m: PUT /api/projects/5413fc94-3245-4153-9641-b9d025367e1d/board-position 200 {"service":"nords-server","method":"PUT","path":"/api/projects/5413fc94-3245-4153-9641-b9d025367e1d/board-position","status":200,"duration":"33ms","bytes":"287"}
17:55:41.749 [34mdebug[39m: Query executed {"service":"nords-server","text":"INSERT INTO nord_board_positions (nord_id, type_id, distance_x, distance_y)\n    ","duration":35,"rows":1}
17:55:41.749 [32minfo[39m: PUT /api/projects/5413fc94-3245-4153-9641-b9d025367e1d/board-position 200 {"service":"nords-server","method":"PUT","path":"/api/projects/5413fc94-3245-4153-9641-b9d025367e1d/board-position","status":200,"duration":"35ms","bytes":"261"}
17:55:41.749 [34mdebug[39m: Query executed {"service":"nords-server","text":"INSERT INTO nord_board_positions (nord_id, type_id, distance_x, distance_y)\n    ","duration":33,"rows":1}
17:55:41.749 [32minfo[39m: PUT /api/projects/5413fc94-3245-4153-9641-b9d025367e1d/board-position 200 {"service":"nords-server","method":"PUT","path":"/api/projects/5413fc94-3245-4153-9641-b9d025367e1d/board-position","status":200,"duration":"33ms","bytes":"288"}
17:55:41.770 [34mdebug[39m: Query executed {"service":"nords-server","text":"INSERT INTO nord_board_positions (nord_id, type_id, distance_x, distance_y)\n    ","duration":29,"rows":1}
17:55:41.771 [32minfo[39m: PUT /api/projects/5413fc94-3245-4153-9641-b9d025367e1d/board-position 200 {"service":"nords-server","method":"PUT","path":"/api/projects/5413fc94-3245-4153-9641-b9d025367e1d/board-position","status":200,"duration":"30ms","bytes":"263"}
17:55:41.772 [34mdebug[39m: Query executed {"service":"nords-server","text":"INSERT INTO nord_board_positions (nord_id, type_id, distance_x, distance_y)\n    ","duration":27,"rows":1}
17:55:41.772 [32minfo[39m: PUT /api/projects/5413fc94-3245-4153-9641-b9d025367e1d/board-position 200 {"service":"nords-server","method":"PUT","path":"/api/projects/5413fc94-3245-4153-9641-b9d025367e1d/board-position","status":200,"duration":"27ms","bytes":"287"}
17:55:41.780 [34mdebug[39m: Query executed {"service":"nords-server","text":"INSERT INTO nord_board_positions (nord_id, type_id, distance_x, distance_y)\n    ","duration":34,"rows":1}
17:55:41.780 [32minfo[39m: PUT /api/projects/5413fc94-3245-4153-9641-b9d025367e1d/board-position 200 {"service":"nords-server","method":"PUT","path":"/api/projects/5413fc94-3245-4153-9641-b9d025367e1d/board-position","status":200,"duration":"34ms","bytes":"288"}
17:55:41.780 [34mdebug[39m: Query executed {"service":"nords-server","text":"INSERT INTO nord_board_positions (nord_id, type_id, distance_x, distance_y)\n    ","duration":30,"rows":1}
17:55:41.781 [32minfo[39m: PUT /api/projects/5413fc94-3245-4153-9641-b9d025367e1d/board-position 200 {"service":"nords-server","method":"PUT","path":"/api/projects/5413fc94-3245-4153-9641-b9d025367e1d/board-position","status":200,"duration":"30ms","bytes":"288"}
17:55:41.781 [34mdebug[39m: Query executed {"service":"nords-server","text":"INSERT INTO nord_board_positions (nord_id, type_id, distance_x, distance_y)\n    ","duration":31,"rows":1}
17:55:41.781 [32minfo[39m: PUT /api/projects/5413fc94-3245-4153-9641-b9d025367e1d/board-position 200 {"service":"nords-server","method":"PUT","path":"/api/projects/5413fc94-3245-4153-9641-b9d025367e1d/board-position","status":200,"duration":"31ms","bytes":"287"}
17:55:41.782 [34mdebug[39m: Query executed {"service":"nords-server","text":"INSERT INTO nord_board_positions (nord_id, type_id, distance_x, distance_y)\n    ","duration":32,"rows":1}
17:55:41.782 [32minfo[39m: PUT /api/projects/5413fc94-3245-4153-9641-b9d025367e1d/board-position 200 {"service":"nords-server","method":"PUT","path":"/api/projects/5413fc94-3245-4153-9641-b9d025367e1d/board-position","status":200,"duration":"32ms","bytes":"289"}
17:55:41.804 [34mdebug[39m: Query executed {"service":"nords-server","text":"INSERT INTO nord_board_positions (nord_id, type_id, distance_x, distance_y)\n    ","duration":30,"rows":1}
17:55:41.805 [32minfo[39m: PUT /api/projects/5413fc94-3245-4153-9641-b9d025367e1d/board-position 200 {"service":"nords-server","method":"PUT","path":"/api/projects/5413fc94-3245-4153-9641-b9d025367e1d/board-position","status":200,"duration":"31ms","bytes":"256"}
17:55:41.940 [34mdebug[39m: Query executed {"service":"nords-server","text":"SELECT fn_load_project_graph($1) AS fn_load_project_graph","duration":131,"rows":1}
17:55:41.941 [32minfo[39m: GET /api/projects/5413fc94-3245-4153-9641-b9d025367e1d/graph 200 {"service":"nords-server","method":"GET","path":"/api/projects/5413fc94-3245-4153-9641-b9d025367e1d/graph","status":200,"duration":"132ms","bytes":"140633"}
17:55:57.829 [34mdebug[39m: New client connected to pool {"service":"nords-server"}
17:55:57.831 [34mdebug[39m: New client connected to pool {"service":"nords-server"}
17:55:57.831 [34mdebug[39m: New client connected to pool {"service":"nords-server"}
17:55:57.866 [34mdebug[39m: Query executed {"service":"nords-server","text":"SELECT * FROM connection_types\n       WHERE project_id = $1 AND deleted_at IS NU","duration":177,"rows":6}
17:55:57.866 [34mdebug[39m: Query executed {"service":"nords-server","text":"SELECT * FROM nord_types\n       WHERE project_id = $1 AND deleted_at IS NULL\n   ","duration":177,"rows":10}
17:55:57.867 [32minfo[39m: GET /api/projects/5413fc94-3245-4153-9641-b9d025367e1d/types 304 {"service":"nords-server","method":"GET","path":"/api/projects/5413fc94-3245-4153-9641-b9d025367e1d/types","status":304,"duration":"178ms"}
17:55:57.867 [34mdebug[39m: Query executed {"service":"nords-server","text":"SELECT * FROM projects WHERE id = $1 AND deleted_at IS NULL","duration":180,"rows":1}
17:55:57.867 [32minfo[39m: GET /api/projects/5413fc94-3245-4153-9641-b9d025367e1d 304 {"service":"nords-server","method":"GET","path":"/api/projects/5413fc94-3245-4153-9641-b9d025367e1d","status":304,"duration":"180ms"}
17:55:57.902 [34mdebug[39m: Query executed {"service":"nords-server","text":"SELECT * FROM connection_types\n       WHERE project_id = $1 AND deleted_at IS NU","duration":34,"rows":6}
17:55:57.902 [34mdebug[39m: Query executed {"service":"nords-server","text":"SELECT * FROM projects WHERE id = $1 AND deleted_at IS NULL","duration":34,"rows":1}
17:55:57.902 [32minfo[39m: GET /api/projects/5413fc94-3245-4153-9641-b9d025367e1d 304 {"service":"nords-server","method":"GET","path":"/api/projects/5413fc94-3245-4153-9641-b9d025367e1d","status":304,"duration":"34ms"}
17:55:57.902 [34mdebug[39m: Query executed {"service":"nords-server","text":"SELECT * FROM nord_types\n       WHERE project_id = $1 AND deleted_at IS NULL\n   ","duration":34,"rows":10}
17:55:57.903 [32minfo[39m: GET /api/projects/5413fc94-3245-4153-9641-b9d025367e1d/types 304 {"service":"nords-server","method":"GET","path":"/api/projects/5413fc94-3245-4153-9641-b9d025367e1d/types","status":304,"duration":"35ms"}
17:56:03.675 [34mdebug[39m: Query executed {"service":"nords-server","text":"SELECT * FROM connection_types\n       WHERE project_id = $1 AND deleted_at IS NU","duration":38,"rows":6}
17:56:03.676 [34mdebug[39m: Query executed {"service":"nords-server","text":"SELECT * FROM projects WHERE id = $1 AND deleted_at IS NULL","duration":39,"rows":1}
17:56:03.676 [32minfo[39m: GET /api/projects/5413fc94-3245-4153-9641-b9d025367e1d 304 {"service":"nords-server","method":"GET","path":"/api/projects/5413fc94-3245-4153-9641-b9d025367e1d","status":304,"duration":"39ms"}
17:56:03.677 [34mdebug[39m: Query executed {"service":"nords-server","text":"SELECT * FROM nord_types\n       WHERE project_id = $1 AND deleted_at IS NULL\n   ","duration":40,"rows":10}
17:56:03.677 [32minfo[39m: GET /api/projects/5413fc94-3245-4153-9641-b9d025367e1d/types 304 {"service":"nords-server","method":"GET","path":"/api/projects/5413fc94-3245-4153-9641-b9d025367e1d/types","status":304,"duration":"40ms"}
17:56:03.711 [34mdebug[39m: Query executed {"service":"nords-server","text":"SELECT * FROM connection_types\n       WHERE project_id = $1 AND deleted_at IS NU","duration":33,"rows":6}
17:56:03.711 [34mdebug[39m: Query executed {"service":"nords-server","text":"SELECT * FROM projects WHERE id = $1 AND deleted_at IS NULL","duration":34,"rows":1}
17:56:03.711 [32minfo[39m: GET /api/projects/5413fc94-3245-4153-9641-b9d025367e1d 304 {"service":"nords-server","method":"GET","path":"/api/projects/5413fc94-3245-4153-9641-b9d025367e1d","status":304,"duration":"34ms"}
17:56:03.711 [34mdebug[39m: Query executed {"service":"nords-server","text":"SELECT * FROM nord_types\n       WHERE project_id = $1 AND deleted_at IS NULL\n   ","duration":33,"rows":10}
17:56:03.711 [32minfo[39m: GET /api/projects/5413fc94-3245-4153-9641-b9d025367e1d/types 304 {"service":"nords-server","method":"GET","path":"/api/projects/5413fc94-3245-4153-9641-b9d025367e1d/types","status":304,"duration":"33ms"}
18:01:29.081 [34mdebug[39m: New client connected to pool {"service":"nords-server"}
18:01:29.083 [34mdebug[39m: New client connected to pool {"service":"nords-server"}
18:01:29.085 [34mdebug[39m: New client connected to pool {"service":"nords-server"}
18:01:29.114 [34mdebug[39m: Query executed {"service":"nords-server","text":"SELECT * FROM projects WHERE id = $1 AND deleted_at IS NULL","duration":159,"rows":1}
18:01:29.114 [32minfo[39m: GET /api/projects/5413fc94-3245-4153-9641-b9d025367e1d 304 {"service":"nords-server","method":"GET","path":"/api/projects/5413fc94-3245-4153-9641-b9d025367e1d","status":304,"duration":"159ms"}
18:01:29.121 [34mdebug[39m: Query executed {"service":"nords-server","text":"SELECT * FROM personas WHERE project_id = $1 AND deleted_at IS NULL ORDER BY sor","duration":165,"rows":2}
18:01:29.153 [34mdebug[39m: Query executed {"service":"nords-server","text":"SELECT * FROM persona_mental_models WHERE persona_id = ANY($1) ORDER BY sort_ord","duration":32,"rows":2}
18:01:29.186 [34mdebug[39m: Query executed {"service":"nords-server","text":"SELECT * FROM persona_category_weights WHERE persona_id = ANY($1)","duration":32,"rows":12}
18:01:29.187 [32minfo[39m: GET /api/projects/5413fc94-3245-4153-9641-b9d025367e1d/personas 304 {"service":"nords-server","method":"GET","path":"/api/projects/5413fc94-3245-4153-9641-b9d025367e1d/personas","status":304,"duration":"232ms"}
18:01:29.224 [34mdebug[39m: Query executed {"service":"nords-server","text":"SELECT fn_load_project_graph($1) AS fn_load_project_graph","duration":268,"rows":1}
18:01:29.225 [32minfo[39m: GET /api/projects/5413fc94-3245-4153-9641-b9d025367e1d/graph 304 {"service":"nords-server","method":"GET","path":"/api/projects/5413fc94-3245-4153-9641-b9d025367e1d/graph","status":304,"duration":"269ms"}
18:01:37.696 [34mdebug[39m: Query executed {"service":"nords-server","text":"SELECT * FROM projects WHERE id = $1 AND deleted_at IS NULL","duration":34,"rows":1}
18:01:37.697 [32minfo[39m: GET /api/projects/5413fc94-3245-4153-9641-b9d025367e1d 304 {"service":"nords-server","method":"GET","path":"/api/projects/5413fc94-3245-4153-9641-b9d025367e1d","status":304,"duration":"35ms"}
18:01:37.697 [34mdebug[39m: Query executed {"service":"nords-server","text":"SELECT * FROM connection_types\n       WHERE project_id = $1 AND deleted_at IS NU","duration":35,"rows":6}
18:01:37.697 [34mdebug[39m: Query executed {"service":"nords-server","text":"SELECT * FROM nord_types\n       WHERE project_id = $1 AND deleted_at IS NULL\n   ","duration":35,"rows":10}
18:01:37.697 [32minfo[39m: GET /api/projects/5413fc94-3245-4153-9641-b9d025367e1d/types 304 {"service":"nords-server","method":"GET","path":"/api/projects/5413fc94-3245-4153-9641-b9d025367e1d/types","status":304,"duration":"35ms"}
18:01:37.734 [34mdebug[39m: Query executed {"service":"nords-server","text":"SELECT * FROM connection_types\n       WHERE project_id = $1 AND deleted_at IS NU","duration":36,"rows":6}
18:01:37.734 [34mdebug[39m: Query executed {"service":"nords-server","text":"SELECT * FROM nord_types\n       WHERE project_id = $1 AND deleted_at IS NULL\n   ","duration":36,"rows":10}
18:01:37.735 [32minfo[39m: GET /api/projects/5413fc94-3245-4153-9641-b9d025367e1d/types 304 {"service":"nords-server","method":"GET","path":"/api/projects/5413fc94-3245-4153-9641-b9d025367e1d/types","status":304,"duration":"37ms"}
18:01:37.735 [34mdebug[39m: Query executed {"service":"nords-server","text":"SELECT * FROM projects WHERE id = $1 AND deleted_at IS NULL","duration":37,"rows":1}
18:01:37.736 [32minfo[39m: GET /api/projects/5413fc94-3245-4153-9641-b9d025367e1d 304 {"service":"nords-server","method":"GET","path":"/api/projects/5413fc94-3245-4153-9641-b9d025367e1d","status":304,"duration":"38ms"}
18:54:51.043 [34mdebug[39m: New client connected to pool {"service":"nords-server"}
18:54:51.044 [34mdebug[39m: New client connected to pool {"service":"nords-server"}
18:54:51.087 [34mdebug[39m: Query executed {"service":"nords-server","text":"\n    UPDATE connections\n    SET distance_x = $1, distance_y = $2, sort_order = $","duration":178,"rows":1}
18:54:51.087 [32minfo[39m: PUT /api/connections/f02ee836-0563-49ef-a692-2dd712256370 200 {"service":"nords-server","method":"PUT","path":"/api/connections/f02ee836-0563-49ef-a692-2dd712256370","status":200,"duration":"178ms","bytes":"466"}
18:54:51.088 [34mdebug[39m: Query executed {"service":"nords-server","text":"\n    UPDATE connections\n    SET distance_x = $1, distance_y = $2, sort_order = $","duration":180,"rows":1}
18:54:51.088 [32minfo[39m: PUT /api/connections/40c74440-b389-4326-98f6-22f6f8f1eec3 200 {"service":"nords-server","method":"PUT","path":"/api/connections/40c74440-b389-4326-98f6-22f6f8f1eec3","status":200,"duration":"180ms","bytes":"405"}
18:54:51.125 [34mdebug[39m: Query executed {"service":"nords-server","text":"INSERT INTO nord_board_positions (nord_id, type_id, distance_x, distance_y)\n    ","duration":32,"rows":1}
18:54:51.126 [32minfo[39m: PUT /api/projects/5413fc94-3245-4153-9641-b9d025367e1d/board-position 200 {"service":"nords-server","method":"PUT","path":"/api/projects/5413fc94-3245-4153-9641-b9d025367e1d/board-position","status":200,"duration":"33ms","bytes":"287"}
18:54:51.126 [34mdebug[39m: Query executed {"service":"nords-server","text":"INSERT INTO nord_board_positions (nord_id, type_id, distance_x, distance_y)\n    ","duration":33,"rows":1}
18:54:51.126 [32minfo[39m: PUT /api/projects/5413fc94-3245-4153-9641-b9d025367e1d/board-position 200 {"service":"nords-server","method":"PUT","path":"/api/projects/5413fc94-3245-4153-9641-b9d025367e1d/board-position","status":200,"duration":"34ms","bytes":"260"}
18:54:51.160 [34mdebug[39m: Query executed {"service":"nords-server","text":"INSERT INTO nord_board_positions (nord_id, type_id, distance_x, distance_y)\n    ","duration":34,"rows":1}
18:54:51.160 [32minfo[39m: PUT /api/projects/5413fc94-3245-4153-9641-b9d025367e1d/board-position 200 {"service":"nords-server","method":"PUT","path":"/api/projects/5413fc94-3245-4153-9641-b9d025367e1d/board-position","status":200,"duration":"34ms","bytes":"289"}
18:54:51.161 [34mdebug[39m: Query executed {"service":"nords-server","text":"INSERT INTO nord_board_positions (nord_id, type_id, distance_x, distance_y)\n    ","duration":35,"rows":1}
18:54:51.161 [32minfo[39m: PUT /api/projects/5413fc94-3245-4153-9641-b9d025367e1d/board-position 200 {"service":"nords-server","method":"PUT","path":"/api/projects/5413fc94-3245-4153-9641-b9d025367e1d/board-position","status":200,"duration":"35ms","bytes":"288"}
18:54:51.191 [34mdebug[39m: Query executed {"service":"nords-server","text":"INSERT INTO nord_board_positions (nord_id, type_id, distance_x, distance_y)\n    ","duration":30,"rows":1}
18:54:51.191 [32minfo[39m: PUT /api/projects/5413fc94-3245-4153-9641-b9d025367e1d/board-position 200 {"service":"nords-server","method":"PUT","path":"/api/projects/5413fc94-3245-4153-9641-b9d025367e1d/board-position","status":200,"duration":"30ms","bytes":"256"}
18:54:51.192 [34mdebug[39m: Query executed {"service":"nords-server","text":"INSERT INTO nord_board_positions (nord_id, type_id, distance_x, distance_y)\n    ","duration":31,"rows":1}
18:54:51.192 [32minfo[39m: PUT /api/projects/5413fc94-3245-4153-9641-b9d025367e1d/board-position 200 {"service":"nords-server","method":"PUT","path":"/api/projects/5413fc94-3245-4153-9641-b9d025367e1d/board-position","status":200,"duration":"31ms","bytes":"287"}
18:54:51.216 [34mdebug[39m: New client connected to pool {"service":"nords-server"}
18:54:51.219 [34mdebug[39m: New client connected to pool {"service":"nords-server"}
18:54:51.222 [34mdebug[39m: New client connected to pool {"service":"nords-server"}
18:54:51.222 [34mdebug[39m: Query executed {"service":"nords-server","text":"INSERT INTO nord_board_positions (nord_id, type_id, distance_x, distance_y)\n    ","duration":30,"rows":1}
18:54:51.223 [32minfo[39m: PUT /api/projects/5413fc94-3245-4153-9641-b9d025367e1d/board-position 200 {"service":"nords-server","method":"PUT","path":"/api/projects/5413fc94-3245-4153-9641-b9d025367e1d/board-position","status":200,"duration":"31ms","bytes":"288"}
18:54:51.223 [34mdebug[39m: Query executed {"service":"nords-server","text":"INSERT INTO nord_board_positions (nord_id, type_id, distance_x, distance_y)\n    ","duration":30,"rows":1}
18:54:51.223 [32minfo[39m: PUT /api/projects/5413fc94-3245-4153-9641-b9d025367e1d/board-position 200 {"service":"nords-server","method":"PUT","path":"/api/projects/5413fc94-3245-4153-9641-b9d025367e1d/board-position","status":200,"duration":"30ms","bytes":"287"}
18:54:51.226 [34mdebug[39m: New client connected to pool {"service":"nords-server"}
18:54:51.247 [34mdebug[39m: Query executed {"service":"nords-server","text":"INSERT INTO nord_board_positions (nord_id, type_id, distance_x, distance_y)\n    ","duration":153,"rows":1}
18:54:51.247 [32minfo[39m: PUT /api/projects/5413fc94-3245-4153-9641-b9d025367e1d/board-position 200 {"service":"nords-server","method":"PUT","path":"/api/projects/5413fc94-3245-4153-9641-b9d025367e1d/board-position","status":200,"duration":"153ms","bytes":"289"}
18:54:51.251 [34mdebug[39m: Query executed {"service":"nords-server","text":"INSERT INTO nord_board_positions (nord_id, type_id, distance_x, distance_y)\n    ","duration":157,"rows":1}
18:54:51.251 [32minfo[39m: PUT /api/projects/5413fc94-3245-4153-9641-b9d025367e1d/board-position 200 {"service":"nords-server","method":"PUT","path":"/api/projects/5413fc94-3245-4153-9641-b9d025367e1d/board-position","status":200,"duration":"157ms","bytes":"288"}
18:54:51.254 [34mdebug[39m: Query executed {"service":"nords-server","text":"INSERT INTO nord_board_positions (nord_id, type_id, distance_x, distance_y)\n    ","duration":30,"rows":1}
18:54:51.254 [32minfo[39m: PUT /api/projects/5413fc94-3245-4153-9641-b9d025367e1d/board-position 200 {"service":"nords-server","method":"PUT","path":"/api/projects/5413fc94-3245-4153-9641-b9d025367e1d/board-position","status":200,"duration":"31ms","bytes":"287"}
18:54:51.256 [34mdebug[39m: Query executed {"service":"nords-server","text":"INSERT INTO nord_board_positions (nord_id, type_id, distance_x, distance_y)\n    ","duration":33,"rows":1}
18:54:51.256 [32minfo[39m: PUT /api/projects/5413fc94-3245-4153-9641-b9d025367e1d/board-position 200 {"service":"nords-server","method":"PUT","path":"/api/projects/5413fc94-3245-4153-9641-b9d025367e1d/board-position","status":200,"duration":"33ms","bytes":"288"}
18:54:51.257 [34mdebug[39m: Query executed {"service":"nords-server","text":"INSERT INTO nord_board_positions (nord_id, type_id, distance_x, distance_y)\n    ","duration":163,"rows":1}
18:54:51.257 [32minfo[39m: PUT /api/projects/5413fc94-3245-4153-9641-b9d025367e1d/board-position 200 {"service":"nords-server","method":"PUT","path":"/api/projects/5413fc94-3245-4153-9641-b9d025367e1d/board-position","status":200,"duration":"163ms","bytes":"288"}
18:54:51.259 [34mdebug[39m: Query executed {"service":"nords-server","text":"INSERT INTO nord_board_positions (nord_id, type_id, distance_x, distance_y)\n    ","duration":166,"rows":1}
18:54:51.259 [32minfo[39m: PUT /api/projects/5413fc94-3245-4153-9641-b9d025367e1d/board-position 200 {"service":"nords-server","method":"PUT","path":"/api/projects/5413fc94-3245-4153-9641-b9d025367e1d/board-position","status":200,"duration":"166ms","bytes":"287"}
18:54:51.282 [34mdebug[39m: Query executed {"service":"nords-server","text":"INSERT INTO nord_board_positions (nord_id, type_id, distance_x, distance_y)\n    ","duration":32,"rows":1}
18:54:51.283 [32minfo[39m: PUT /api/projects/5413fc94-3245-4153-9641-b9d025367e1d/board-position 200 {"service":"nords-server","method":"PUT","path":"/api/projects/5413fc94-3245-4153-9641-b9d025367e1d/board-position","status":200,"duration":"32ms","bytes":"259"}
18:54:51.283 [34mdebug[39m: Query executed {"service":"nords-server","text":"INSERT INTO nord_board_positions (nord_id, type_id, distance_x, distance_y)\n    ","duration":31,"rows":1}
18:54:51.283 [32minfo[39m: PUT /api/projects/5413fc94-3245-4153-9641-b9d025367e1d/board-position 200 {"service":"nords-server","method":"PUT","path":"/api/projects/5413fc94-3245-4153-9641-b9d025367e1d/board-position","status":200,"duration":"31ms","bytes":"261"}
18:54:51.284 [34mdebug[39m: Query executed {"service":"nords-server","text":"INSERT INTO nord_board_positions (nord_id, type_id, distance_x, distance_y)\n    ","duration":29,"rows":1}
18:54:51.284 [32minfo[39m: PUT /api/projects/5413fc94-3245-4153-9641-b9d025367e1d/board-position 200 {"service":"nords-server","method":"PUT","path":"/api/projects/5413fc94-3245-4153-9641-b9d025367e1d/board-position","status":200,"duration":"29ms","bytes":"289"}
18:54:51.289 [34mdebug[39m: Query executed {"service":"nords-server","text":"INSERT INTO nord_board_positions (nord_id, type_id, distance_x, distance_y)\n    ","duration":32,"rows":1}
18:54:51.289 [32minfo[39m: PUT /api/projects/5413fc94-3245-4153-9641-b9d025367e1d/board-position 200 {"service":"nords-server","method":"PUT","path":"/api/projects/5413fc94-3245-4153-9641-b9d025367e1d/board-position","status":200,"duration":"32ms","bytes":"287"}
18:54:51.289 [34mdebug[39m: Query executed {"service":"nords-server","text":"INSERT INTO nord_board_positions (nord_id, type_id, distance_x, distance_y)\n    ","duration":31,"rows":1}
18:54:51.289 [32minfo[39m: PUT /api/projects/5413fc94-3245-4153-9641-b9d025367e1d/board-position 200 {"service":"nords-server","method":"PUT","path":"/api/projects/5413fc94-3245-4153-9641-b9d025367e1d/board-position","status":200,"duration":"31ms","bytes":"289"}
18:54:51.291 [34mdebug[39m: Query executed {"service":"nords-server","text":"INSERT INTO nord_board_positions (nord_id, type_id, distance_x, distance_y)\n    ","duration":31,"rows":1}
18:54:51.291 [32minfo[39m: PUT /api/projects/5413fc94-3245-4153-9641-b9d025367e1d/board-position 200 {"service":"nords-server","method":"PUT","path":"/api/projects/5413fc94-3245-4153-9641-b9d025367e1d/board-position","status":200,"duration":"31ms","bytes":"288"}
18:54:51.318 [34mdebug[39m: Query executed {"service":"nords-server","text":"INSERT INTO nord_board_positions (nord_id, type_id, distance_x, distance_y)\n    ","duration":34,"rows":1}
18:54:51.318 [32minfo[39m: PUT /api/projects/5413fc94-3245-4153-9641-b9d025367e1d/board-position 200 {"service":"nords-server","method":"PUT","path":"/api/projects/5413fc94-3245-4153-9641-b9d025367e1d/board-position","status":200,"duration":"34ms","bytes":"261"}
18:54:51.319 [34mdebug[39m: Query executed {"service":"nords-server","text":"INSERT INTO nord_board_positions (nord_id, type_id, distance_x, distance_y)\n    ","duration":34,"rows":1}
18:54:51.319 [32minfo[39m: PUT /api/projects/5413fc94-3245-4153-9641-b9d025367e1d/board-position 200 {"service":"nords-server","method":"PUT","path":"/api/projects/5413fc94-3245-4153-9641-b9d025367e1d/board-position","status":200,"duration":"34ms","bytes":"288"}
18:54:51.319 [34mdebug[39m: Query executed {"service":"nords-server","text":"INSERT INTO nord_board_positions (nord_id, type_id, distance_x, distance_y)\n    ","duration":35,"rows":1}
18:54:51.319 [32minfo[39m: PUT /api/projects/5413fc94-3245-4153-9641-b9d025367e1d/board-position 200 {"service":"nords-server","method":"PUT","path":"/api/projects/5413fc94-3245-4153-9641-b9d025367e1d/board-position","status":200,"duration":"35ms","bytes":"259"}
18:54:51.320 [34mdebug[39m: Query executed {"service":"nords-server","text":"INSERT INTO nord_board_positions (nord_id, type_id, distance_x, distance_y)\n    ","duration":30,"rows":1}
18:54:51.320 [32minfo[39m: PUT /api/projects/5413fc94-3245-4153-9641-b9d025367e1d/board-position 200 {"service":"nords-server","method":"PUT","path":"/api/projects/5413fc94-3245-4153-9641-b9d025367e1d/board-position","status":200,"duration":"30ms","bytes":"289"}
18:54:51.321 [34mdebug[39m: Query executed {"service":"nords-server","text":"INSERT INTO nord_board_positions (nord_id, type_id, distance_x, distance_y)\n    ","duration":31,"rows":1}
18:54:51.321 [32minfo[39m: PUT /api/projects/5413fc94-3245-4153-9641-b9d025367e1d/board-position 200 {"service":"nords-server","method":"PUT","path":"/api/projects/5413fc94-3245-4153-9641-b9d025367e1d/board-position","status":200,"duration":"31ms","bytes":"260"}
18:54:51.322 [34mdebug[39m: Query executed {"service":"nords-server","text":"INSERT INTO nord_board_positions (nord_id, type_id, distance_x, distance_y)\n    ","duration":31,"rows":1}
18:54:51.323 [32minfo[39m: PUT /api/projects/5413fc94-3245-4153-9641-b9d025367e1d/board-position 200 {"service":"nords-server","method":"PUT","path":"/api/projects/5413fc94-3245-4153-9641-b9d025367e1d/board-position","status":200,"duration":"32ms","bytes":"287"}
18:54:51.350 [34mdebug[39m: Query executed {"service":"nords-server","text":"INSERT INTO nord_board_positions (nord_id, type_id, distance_x, distance_y)\n    ","duration":30,"rows":1}
18:54:51.350 [32minfo[39m: PUT /api/projects/5413fc94-3245-4153-9641-b9d025367e1d/board-position 200 {"service":"nords-server","method":"PUT","path":"/api/projects/5413fc94-3245-4153-9641-b9d025367e1d/board-position","status":200,"duration":"30ms","bytes":"287"}
18:54:51.353 [34mdebug[39m: Query executed {"service":"nords-server","text":"INSERT INTO nord_board_positions (nord_id, type_id, distance_x, distance_y)\n    ","duration":33,"rows":1}
18:54:51.353 [32minfo[39m: PUT /api/projects/5413fc94-3245-4153-9641-b9d025367e1d/board-position 200 {"service":"nords-server","method":"PUT","path":"/api/projects/5413fc94-3245-4153-9641-b9d025367e1d/board-position","status":200,"duration":"33ms","bytes":"288"}
18:54:51.353 [34mdebug[39m: Query executed {"service":"nords-server","text":"INSERT INTO nord_board_positions (nord_id, type_id, distance_x, distance_y)\n    ","duration":32,"rows":1}
18:54:51.353 [32minfo[39m: PUT /api/projects/5413fc94-3245-4153-9641-b9d025367e1d/board-position 200 {"service":"nords-server","method":"PUT","path":"/api/projects/5413fc94-3245-4153-9641-b9d025367e1d/board-position","status":200,"duration":"32ms","bytes":"288"}
18:54:51.353 [34mdebug[39m: Query executed {"service":"nords-server","text":"INSERT INTO nord_board_positions (nord_id, type_id, distance_x, distance_y)\n    ","duration":34,"rows":1}
18:54:51.353 [32minfo[39m: PUT /api/projects/5413fc94-3245-4153-9641-b9d025367e1d/board-position 200 {"service":"nords-server","method":"PUT","path":"/api/projects/5413fc94-3245-4153-9641-b9d025367e1d/board-position","status":200,"duration":"34ms","bytes":"263"}
18:54:51.353 [34mdebug[39m: Query executed {"service":"nords-server","text":"INSERT INTO nord_board_positions (nord_id, type_id, distance_x, distance_y)\n    ","duration":34,"rows":1}
18:54:51.353 [32minfo[39m: PUT /api/projects/5413fc94-3245-4153-9641-b9d025367e1d/board-position 200 {"service":"nords-server","method":"PUT","path":"/api/projects/5413fc94-3245-4153-9641-b9d025367e1d/board-position","status":200,"duration":"34ms","bytes":"288"}
18:54:51.353 [34mdebug[39m: Query executed {"service":"nords-server","text":"INSERT INTO nord_board_positions (nord_id, type_id, distance_x, distance_y)\n    ","duration":30,"rows":1}
18:54:51.354 [32minfo[39m: PUT /api/projects/5413fc94-3245-4153-9641-b9d025367e1d/board-position 200 {"service":"nords-server","method":"PUT","path":"/api/projects/5413fc94-3245-4153-9641-b9d025367e1d/board-position","status":200,"duration":"31ms","bytes":"289"}
18:54:51.381 [34mdebug[39m: Query executed {"service":"nords-server","text":"INSERT INTO nord_board_positions (nord_id, type_id, distance_x, distance_y)\n    ","duration":30,"rows":1}
18:54:51.381 [32minfo[39m: PUT /api/projects/5413fc94-3245-4153-9641-b9d025367e1d/board-position 200 {"service":"nords-server","method":"PUT","path":"/api/projects/5413fc94-3245-4153-9641-b9d025367e1d/board-position","status":200,"duration":"30ms","bytes":"256"}
18:54:51.384 [34mdebug[39m: Query executed {"service":"nords-server","text":"INSERT INTO nord_board_positions (nord_id, type_id, distance_x, distance_y)\n    ","duration":30,"rows":1}
18:54:51.384 [32minfo[39m: PUT /api/projects/5413fc94-3245-4153-9641-b9d025367e1d/board-position 200 {"service":"nords-server","method":"PUT","path":"/api/projects/5413fc94-3245-4153-9641-b9d025367e1d/board-position","status":200,"duration":"30ms","bytes":"289"}
18:54:51.385 [34mdebug[39m: Query executed {"service":"nords-server","text":"INSERT INTO nord_board_positions (nord_id, type_id, distance_x, distance_y)\n    ","duration":31,"rows":1}
18:54:51.385 [32minfo[39m: PUT /api/projects/5413fc94-3245-4153-9641-b9d025367e1d/board-position 200 {"service":"nords-server","method":"PUT","path":"/api/projects/5413fc94-3245-4153-9641-b9d025367e1d/board-position","status":200,"duration":"31ms","bytes":"259"}
18:54:51.385 [34mdebug[39m: Query executed {"service":"nords-server","text":"INSERT INTO nord_board_positions (nord_id, type_id, distance_x, distance_y)\n    ","duration":31,"rows":1}
18:54:51.385 [32minfo[39m: PUT /api/projects/5413fc94-3245-4153-9641-b9d025367e1d/board-position 200 {"service":"nords-server","method":"PUT","path":"/api/projects/5413fc94-3245-4153-9641-b9d025367e1d/board-position","status":200,"duration":"31ms","bytes":"288"}
18:54:51.386 [34mdebug[39m: Query executed {"service":"nords-server","text":"INSERT INTO nord_board_positions (nord_id, type_id, distance_x, distance_y)\n    ","duration":32,"rows":1}
18:54:51.386 [32minfo[39m: PUT /api/projects/5413fc94-3245-4153-9641-b9d025367e1d/board-position 200 {"service":"nords-server","method":"PUT","path":"/api/projects/5413fc94-3245-4153-9641-b9d025367e1d/board-position","status":200,"duration":"32ms","bytes":"287"}
18:54:51.530 [34mdebug[39m: Query executed {"service":"nords-server","text":"SELECT fn_load_project_graph($1) AS fn_load_project_graph","duration":142,"rows":1}
18:54:51.531 [32minfo[39m: GET /api/projects/5413fc94-3245-4153-9641-b9d025367e1d/graph 200 {"service":"nords-server","method":"GET","path":"/api/projects/5413fc94-3245-4153-9641-b9d025367e1d/graph","status":200,"duration":"143ms","bytes":"140624"}
18:54:53.935 [34mdebug[39m: Query executed {"service":"nords-server","text":"\n    UPDATE connections\n    SET distance_x = $1, distance_y = $2, sort_order = $","duration":35,"rows":1}
18:54:53.935 [32minfo[39m: PUT /api/connections/f02ee836-0563-49ef-a692-2dd712256370 200 {"service":"nords-server","method":"PUT","path":"/api/connections/f02ee836-0563-49ef-a692-2dd712256370","status":200,"duration":"35ms","bytes":"469"}
18:54:53.935 [34mdebug[39m: Query executed {"service":"nords-server","text":"\n    UPDATE connections\n    SET distance_x = $1, distance_y = $2, sort_order = $","duration":36,"rows":1}
18:54:53.935 [32minfo[39m: PUT /api/connections/40c74440-b389-4326-98f6-22f6f8f1eec3 200 {"service":"nords-server","method":"PUT","path":"/api/connections/40c74440-b389-4326-98f6-22f6f8f1eec3","status":200,"duration":"36ms","bytes":"408"}
18:54:53.969 [34mdebug[39m: Query executed {"service":"nords-server","text":"INSERT INTO nord_board_positions (nord_id, type_id, distance_x, distance_y)\n    ","duration":32,"rows":1}
18:54:53.969 [32minfo[39m: PUT /api/projects/5413fc94-3245-4153-9641-b9d025367e1d/board-position 200 {"service":"nords-server","method":"PUT","path":"/api/projects/5413fc94-3245-4153-9641-b9d025367e1d/board-position","status":200,"duration":"32ms","bytes":"260"}
18:54:53.969 [34mdebug[39m: Query executed {"service":"nords-server","text":"INSERT INTO nord_board_positions (nord_id, type_id, distance_x, distance_y)\n    ","duration":31,"rows":1}
18:54:53.969 [32minfo[39m: PUT /api/projects/5413fc94-3245-4153-9641-b9d025367e1d/board-position 200 {"service":"nords-server","method":"PUT","path":"/api/projects/5413fc94-3245-4153-9641-b9d025367e1d/board-position","status":200,"duration":"31ms","bytes":"259"}
18:54:53.970 [34mdebug[39m: Query executed {"service":"nords-server","text":"INSERT INTO nord_board_positions (nord_id, type_id, distance_x, distance_y)\n    ","duration":32,"rows":1}
18:54:53.970 [32minfo[39m: PUT /api/projects/5413fc94-3245-4153-9641-b9d025367e1d/board-position 200 {"service":"nords-server","method":"PUT","path":"/api/projects/5413fc94-3245-4153-9641-b9d025367e1d/board-position","status":200,"duration":"32ms","bytes":"288"}
18:54:53.970 [34mdebug[39m: Query executed {"service":"nords-server","text":"INSERT INTO nord_board_positions (nord_id, type_id, distance_x, distance_y)\n    ","duration":32,"rows":1}
18:54:53.970 [32minfo[39m: PUT /api/projects/5413fc94-3245-4153-9641-b9d025367e1d/board-position 200 {"service":"nords-server","method":"PUT","path":"/api/projects/5413fc94-3245-4153-9641-b9d025367e1d/board-position","status":200,"duration":"32ms","bytes":"287"}
18:54:53.970 [34mdebug[39m: Query executed {"service":"nords-server","text":"INSERT INTO nord_board_positions (nord_id, type_id, distance_x, distance_y)\n    ","duration":32,"rows":1}
18:54:53.970 [32minfo[39m: PUT /api/projects/5413fc94-3245-4153-9641-b9d025367e1d/board-position 200 {"service":"nords-server","method":"PUT","path":"/api/projects/5413fc94-3245-4153-9641-b9d025367e1d/board-position","status":200,"duration":"32ms","bytes":"259"}
18:54:53.971 [34mdebug[39m: Query executed {"service":"nords-server","text":"INSERT INTO nord_board_positions (nord_id, type_id, distance_x, distance_y)\n    ","duration":33,"rows":1}
18:54:53.971 [32minfo[39m: PUT /api/projects/5413fc94-3245-4153-9641-b9d025367e1d/board-position 200 {"service":"nords-server","method":"PUT","path":"/api/projects/5413fc94-3245-4153-9641-b9d025367e1d/board-position","status":200,"duration":"33ms","bytes":"288"}
18:54:53.999 [34mdebug[39m: Query executed {"service":"nords-server","text":"INSERT INTO nord_board_positions (nord_id, type_id, distance_x, distance_y)\n    ","duration":29,"rows":1}
18:54:54.000 [32minfo[39m: PUT /api/projects/5413fc94-3245-4153-9641-b9d025367e1d/board-position 200 {"service":"nords-server","method":"PUT","path":"/api/projects/5413fc94-3245-4153-9641-b9d025367e1d/board-position","status":200,"duration":"30ms","bytes":"289"}
18:54:54.001 [34mdebug[39m: Query executed {"service":"nords-server","text":"INSERT INTO nord_board_positions (nord_id, type_id, distance_x, distance_y)\n    ","duration":31,"rows":1}
18:54:54.001 [32minfo[39m: PUT /api/projects/5413fc94-3245-4153-9641-b9d025367e1d/board-position 200 {"service":"nords-server","method":"PUT","path":"/api/projects/5413fc94-3245-4153-9641-b9d025367e1d/board-position","status":200,"duration":"31ms","bytes":"260"}
18:54:54.002 [34mdebug[39m: Query executed {"service":"nords-server","text":"INSERT INTO nord_board_positions (nord_id, type_id, distance_x, distance_y)\n    ","duration":31,"rows":1}
18:54:54.002 [32minfo[39m: PUT /api/projects/5413fc94-3245-4153-9641-b9d025367e1d/board-position 200 {"service":"nords-server","method":"PUT","path":"/api/projects/5413fc94-3245-4153-9641-b9d025367e1d/board-position","status":200,"duration":"31ms","bytes":"288"}
18:54:54.002 [34mdebug[39m: Query executed {"service":"nords-server","text":"INSERT INTO nord_board_positions (nord_id, type_id, distance_x, distance_y)\n    ","duration":31,"rows":1}
18:54:54.002 [32minfo[39m: PUT /api/projects/5413fc94-3245-4153-9641-b9d025367e1d/board-position 200 {"service":"nords-server","method":"PUT","path":"/api/projects/5413fc94-3245-4153-9641-b9d025367e1d/board-position","status":200,"duration":"31ms","bytes":"289"}
18:54:54.002 [34mdebug[39m: Query executed {"service":"nords-server","text":"INSERT INTO nord_board_positions (nord_id, type_id, distance_x, distance_y)\n    ","duration":31,"rows":1}
18:54:54.002 [32minfo[39m: PUT /api/projects/5413fc94-3245-4153-9641-b9d025367e1d/board-position 200 {"service":"nords-server","method":"PUT","path":"/api/projects/5413fc94-3245-4153-9641-b9d025367e1d/board-position","status":200,"duration":"31ms","bytes":"256"}
18:54:54.004 [34mdebug[39m: Query executed {"service":"nords-server","text":"INSERT INTO nord_board_positions (nord_id, type_id, distance_x, distance_y)\n    ","duration":32,"rows":1}
18:54:54.005 [32minfo[39m: PUT /api/projects/5413fc94-3245-4153-9641-b9d025367e1d/board-position 200 {"service":"nords-server","method":"PUT","path":"/api/projects/5413fc94-3245-4153-9641-b9d025367e1d/board-position","status":200,"duration":"33ms","bytes":"287"}
18:54:54.032 [34mdebug[39m: Query executed {"service":"nords-server","text":"INSERT INTO nord_board_positions (nord_id, type_id, distance_x, distance_y)\n    ","duration":32,"rows":1}
18:54:54.032 [32minfo[39m: PUT /api/projects/5413fc94-3245-4153-9641-b9d025367e1d/board-position 200 {"service":"nords-server","method":"PUT","path":"/api/projects/5413fc94-3245-4153-9641-b9d025367e1d/board-position","status":200,"duration":"32ms","bytes":"287"}
18:54:54.035 [34mdebug[39m: Query executed {"service":"nords-server","text":"INSERT INTO nord_board_positions (nord_id, type_id, distance_x, distance_y)\n    ","duration":32,"rows":1}
18:54:54.036 [32minfo[39m: PUT /api/projects/5413fc94-3245-4153-9641-b9d025367e1d/board-position 200 {"service":"nords-server","method":"PUT","path":"/api/projects/5413fc94-3245-4153-9641-b9d025367e1d/board-position","status":200,"duration":"33ms","bytes":"289"}
18:54:54.036 [34mdebug[39m: Query executed {"service":"nords-server","text":"INSERT INTO nord_board_positions (nord_id, type_id, distance_x, distance_y)\n    ","duration":35,"rows":1}
18:54:54.036 [32minfo[39m: PUT /api/projects/5413fc94-3245-4153-9641-b9d025367e1d/board-position 200 {"service":"nords-server","method":"PUT","path":"/api/projects/5413fc94-3245-4153-9641-b9d025367e1d/board-position","status":200,"duration":"35ms","bytes":"289"}
18:54:54.036 [34mdebug[39m: Query executed {"service":"nords-server","text":"INSERT INTO nord_board_positions (nord_id, type_id, distance_x, distance_y)\n    ","duration":33,"rows":1}
18:54:54.036 [32minfo[39m: PUT /api/projects/5413fc94-3245-4153-9641-b9d025367e1d/board-position 200 {"service":"nords-server","method":"PUT","path":"/api/projects/5413fc94-3245-4153-9641-b9d025367e1d/board-position","status":200,"duration":"33ms","bytes":"288"}
18:54:54.036 [34mdebug[39m: Query executed {"service":"nords-server","text":"INSERT INTO nord_board_positions (nord_id, type_id, distance_x, distance_y)\n    ","duration":34,"rows":1}
18:54:54.036 [32minfo[39m: PUT /api/projects/5413fc94-3245-4153-9641-b9d025367e1d/board-position 200 {"service":"nords-server","method":"PUT","path":"/api/projects/5413fc94-3245-4153-9641-b9d025367e1d/board-position","status":200,"duration":"34ms","bytes":"288"}
18:54:54.036 [34mdebug[39m: Query executed {"service":"nords-server","text":"INSERT INTO nord_board_positions (nord_id, type_id, distance_x, distance_y)\n    ","duration":31,"rows":1}
18:54:54.036 [32minfo[39m: PUT /api/projects/5413fc94-3245-4153-9641-b9d025367e1d/board-position 200 {"service":"nords-server","method":"PUT","path":"/api/projects/5413fc94-3245-4153-9641-b9d025367e1d/board-position","status":200,"duration":"31ms","bytes":"256"}
18:54:54.063 [34mdebug[39m: Query executed {"service":"nords-server","text":"INSERT INTO nord_board_positions (nord_id, type_id, distance_x, distance_y)\n    ","duration":30,"rows":1}
18:54:54.063 [32minfo[39m: PUT /api/projects/5413fc94-3245-4153-9641-b9d025367e1d/board-position 200 {"service":"nords-server","method":"PUT","path":"/api/projects/5413fc94-3245-4153-9641-b9d025367e1d/board-position","status":200,"duration":"30ms","bytes":"287"}
18:54:54.066 [34mdebug[39m: Query executed {"service":"nords-server","text":"INSERT INTO nord_board_positions (nord_id, type_id, distance_x, distance_y)\n    ","duration":30,"rows":1}
18:54:54.066 [32minfo[39m: PUT /api/projects/5413fc94-3245-4153-9641-b9d025367e1d/board-position 200 {"service":"nords-server","method":"PUT","path":"/api/projects/5413fc94-3245-4153-9641-b9d025367e1d/board-position","status":200,"duration":"30ms","bytes":"288"}
18:54:54.067 [34mdebug[39m: Query executed {"service":"nords-server","text":"INSERT INTO nord_board_positions (nord_id, type_id, distance_x, distance_y)\n    ","duration":30,"rows":1}
18:54:54.068 [32minfo[39m: PUT /api/projects/5413fc94-3245-4153-9641-b9d025367e1d/board-position 200 {"service":"nords-server","method":"PUT","path":"/api/projects/5413fc94-3245-4153-9641-b9d025367e1d/board-position","status":200,"duration":"31ms","bytes":"261"}
18:54:54.068 [34mdebug[39m: Query executed {"service":"nords-server","text":"INSERT INTO nord_board_positions (nord_id, type_id, distance_x, distance_y)\n    ","duration":31,"rows":1}
18:54:54.068 [32minfo[39m: PUT /api/projects/5413fc94-3245-4153-9641-b9d025367e1d/board-position 200 {"service":"nords-server","method":"PUT","path":"/api/projects/5413fc94-3245-4153-9641-b9d025367e1d/board-position","status":200,"duration":"31ms","bytes":"287"}
18:54:54.068 [34mdebug[39m: Query executed {"service":"nords-server","text":"INSERT INTO nord_board_positions (nord_id, type_id, distance_x, distance_y)\n    ","duration":31,"rows":1}
18:54:54.068 [32minfo[39m: PUT /api/projects/5413fc94-3245-4153-9641-b9d025367e1d/board-position 200 {"service":"nords-server","method":"PUT","path":"/api/projects/5413fc94-3245-4153-9641-b9d025367e1d/board-position","status":200,"duration":"31ms","bytes":"287"}
18:54:54.069 [34mdebug[39m: Query executed {"service":"nords-server","text":"INSERT INTO nord_board_positions (nord_id, type_id, distance_x, distance_y)\n    ","duration":32,"rows":1}
18:54:54.070 [32minfo[39m: PUT /api/projects/5413fc94-3245-4153-9641-b9d025367e1d/board-position 200 {"service":"nords-server","method":"PUT","path":"/api/projects/5413fc94-3245-4153-9641-b9d025367e1d/board-position","status":200,"duration":"33ms","bytes":"289"}
18:54:54.093 [34mdebug[39m: Query executed {"service":"nords-server","text":"INSERT INTO nord_board_positions (nord_id, type_id, distance_x, distance_y)\n    ","duration":29,"rows":1}
18:54:54.093 [32minfo[39m: PUT /api/projects/5413fc94-3245-4153-9641-b9d025367e1d/board-position 200 {"service":"nords-server","method":"PUT","path":"/api/projects/5413fc94-3245-4153-9641-b9d025367e1d/board-position","status":200,"duration":"29ms","bytes":"288"}
18:54:54.100 [34mdebug[39m: Query executed {"service":"nords-server","text":"INSERT INTO nord_board_positions (nord_id, type_id, distance_x, distance_y)\n    ","duration":32,"rows":1}
18:54:54.101 [32minfo[39m: PUT /api/projects/5413fc94-3245-4153-9641-b9d025367e1d/board-position 200 {"service":"nords-server","method":"PUT","path":"/api/projects/5413fc94-3245-4153-9641-b9d025367e1d/board-position","status":200,"duration":"33ms","bytes":"288"}
18:54:54.101 [34mdebug[39m: Query executed {"service":"nords-server","text":"INSERT INTO nord_board_positions (nord_id, type_id, distance_x, distance_y)\n    ","duration":34,"rows":1}
18:54:54.101 [32minfo[39m: PUT /api/projects/5413fc94-3245-4153-9641-b9d025367e1d/board-position 200 {"service":"nords-server","method":"PUT","path":"/api/projects/5413fc94-3245-4153-9641-b9d025367e1d/board-position","status":200,"duration":"34ms","bytes":"261"}
18:54:54.101 [34mdebug[39m: Query executed {"service":"nords-server","text":"INSERT INTO nord_board_positions (nord_id, type_id, distance_x, distance_y)\n    ","duration":33,"rows":1}
18:54:54.101 [32minfo[39m: PUT /api/projects/5413fc94-3245-4153-9641-b9d025367e1d/board-position 200 {"service":"nords-server","method":"PUT","path":"/api/projects/5413fc94-3245-4153-9641-b9d025367e1d/board-position","status":200,"duration":"33ms","bytes":"287"}
18:54:54.102 [34mdebug[39m: Query executed {"service":"nords-server","text":"INSERT INTO nord_board_positions (nord_id, type_id, distance_x, distance_y)\n    ","duration":34,"rows":1}
18:54:54.102 [32minfo[39m: PUT /api/projects/5413fc94-3245-4153-9641-b9d025367e1d/board-position 200 {"service":"nords-server","method":"PUT","path":"/api/projects/5413fc94-3245-4153-9641-b9d025367e1d/board-position","status":200,"duration":"34ms","bytes":"289"}
18:54:54.102 [34mdebug[39m: Query executed {"service":"nords-server","text":"INSERT INTO nord_board_positions (nord_id, type_id, distance_x, distance_y)\n    ","duration":32,"rows":1}
18:54:54.103 [32minfo[39m: PUT /api/projects/5413fc94-3245-4153-9641-b9d025367e1d/board-position 200 {"service":"nords-server","method":"PUT","path":"/api/projects/5413fc94-3245-4153-9641-b9d025367e1d/board-position","status":200,"duration":"33ms","bytes":"288"}
18:54:54.125 [34mdebug[39m: Query executed {"service":"nords-server","text":"INSERT INTO nord_board_positions (nord_id, type_id, distance_x, distance_y)\n    ","duration":31,"rows":1}
18:54:54.125 [32minfo[39m: PUT /api/projects/5413fc94-3245-4153-9641-b9d025367e1d/board-position 200 {"service":"nords-server","method":"PUT","path":"/api/projects/5413fc94-3245-4153-9641-b9d025367e1d/board-position","status":200,"duration":"31ms","bytes":"263"}
18:54:54.138 [34mdebug[39m: Query executed {"service":"nords-server","text":"INSERT INTO nord_board_positions (nord_id, type_id, distance_x, distance_y)\n    ","duration":35,"rows":1}
18:54:54.138 [32minfo[39m: PUT /api/projects/5413fc94-3245-4153-9641-b9d025367e1d/board-position 200 {"service":"nords-server","method":"PUT","path":"/api/projects/5413fc94-3245-4153-9641-b9d025367e1d/board-position","status":200,"duration":"35ms","bytes":"287"}
18:54:54.138 [34mdebug[39m: Query executed {"service":"nords-server","text":"INSERT INTO nord_board_positions (nord_id, type_id, distance_x, distance_y)\n    ","duration":35,"rows":1}
18:54:54.139 [32minfo[39m: PUT /api/projects/5413fc94-3245-4153-9641-b9d025367e1d/board-position 200 {"service":"nords-server","method":"PUT","path":"/api/projects/5413fc94-3245-4153-9641-b9d025367e1d/board-position","status":200,"duration":"36ms","bytes":"288"}
18:54:54.139 [34mdebug[39m: Query executed {"service":"nords-server","text":"INSERT INTO nord_board_positions (nord_id, type_id, distance_x, distance_y)\n    ","duration":36,"rows":1}
18:54:54.140 [32minfo[39m: PUT /api/projects/5413fc94-3245-4153-9641-b9d025367e1d/board-position 200 {"service":"nords-server","method":"PUT","path":"/api/projects/5413fc94-3245-4153-9641-b9d025367e1d/board-position","status":200,"duration":"37ms","bytes":"289"}
18:54:54.140 [34mdebug[39m: Query executed {"service":"nords-server","text":"INSERT INTO nord_board_positions (nord_id, type_id, distance_x, distance_y)\n    ","duration":36,"rows":1}
18:54:54.141 [32minfo[39m: PUT /api/projects/5413fc94-3245-4153-9641-b9d025367e1d/board-position 200 {"service":"nords-server","method":"PUT","path":"/api/projects/5413fc94-3245-4153-9641-b9d025367e1d/board-position","status":200,"duration":"37ms","bytes":"287"}
18:54:54.141 [34mdebug[39m: Query executed {"service":"nords-server","text":"INSERT INTO nord_board_positions (nord_id, type_id, distance_x, distance_y)\n    ","duration":38,"rows":1}
18:54:54.141 [32minfo[39m: PUT /api/projects/5413fc94-3245-4153-9641-b9d025367e1d/board-position 200 {"service":"nords-server","method":"PUT","path":"/api/projects/5413fc94-3245-4153-9641-b9d025367e1d/board-position","status":200,"duration":"38ms","bytes":"288"}
18:54:54.158 [34mdebug[39m: Query executed {"service":"nords-server","text":"INSERT INTO nord_board_positions (nord_id, type_id, distance_x, distance_y)\n    ","duration":30,"rows":1}
18:54:54.159 [32minfo[39m: PUT /api/projects/5413fc94-3245-4153-9641-b9d025367e1d/board-position 200 {"service":"nords-server","method":"PUT","path":"/api/projects/5413fc94-3245-4153-9641-b9d025367e1d/board-position","status":200,"duration":"33ms","bytes":"259"}
18:54:54.294 [34mdebug[39m: Query executed {"service":"nords-server","text":"SELECT fn_load_project_graph($1) AS fn_load_project_graph","duration":134,"rows":1}
18:54:54.295 [32minfo[39m: GET /api/projects/5413fc94-3245-4153-9641-b9d025367e1d/graph 200 {"service":"nords-server","method":"GET","path":"/api/projects/5413fc94-3245-4153-9641-b9d025367e1d/graph","status":200,"duration":"135ms","bytes":"140630"}
18:54:57.093 [34mdebug[39m: Query executed {"service":"nords-server","text":"SELECT * FROM projects WHERE id = $1 AND deleted_at IS NULL","duration":34,"rows":1}
18:54:57.093 [32minfo[39m: GET /api/projects/5413fc94-3245-4153-9641-b9d025367e1d 304 {"service":"nords-server","method":"GET","path":"/api/projects/5413fc94-3245-4153-9641-b9d025367e1d","status":304,"duration":"34ms"}
18:54:57.094 [34mdebug[39m: Query executed {"service":"nords-server","text":"SELECT * FROM personas WHERE project_id = $1 AND deleted_at IS NULL ORDER BY sor","duration":35,"rows":2}
18:54:57.103 [34mdebug[39m: Query executed {"service":"nords-server","text":"SELECT fn_load_project_graph($1) AS fn_load_project_graph","duration":44,"rows":1}
18:54:57.104 [32minfo[39m: GET /api/projects/5413fc94-3245-4153-9641-b9d025367e1d/graph 304 {"service":"nords-server","method":"GET","path":"/api/projects/5413fc94-3245-4153-9641-b9d025367e1d/graph","status":304,"duration":"45ms"}
18:54:57.123 [34mdebug[39m: Query executed {"service":"nords-server","text":"SELECT * FROM projects WHERE id = $1 AND deleted_at IS NULL","duration":30,"rows":1}
18:54:57.123 [32minfo[39m: GET /api/projects/5413fc94-3245-4153-9641-b9d025367e1d 304 {"service":"nords-server","method":"GET","path":"/api/projects/5413fc94-3245-4153-9641-b9d025367e1d","status":304,"duration":"30ms"}
18:54:57.125 [34mdebug[39m: Query executed {"service":"nords-server","text":"SELECT * FROM persona_mental_models WHERE persona_id = ANY($1) ORDER BY sort_ord","duration":30,"rows":2}
18:54:57.143 [34mdebug[39m: Query executed {"service":"nords-server","text":"SELECT fn_load_project_graph($1) AS fn_load_project_graph","duration":38,"rows":1}
18:54:57.144 [32minfo[39m: GET /api/projects/5413fc94-3245-4153-9641-b9d025367e1d/graph 304 {"service":"nords-server","method":"GET","path":"/api/projects/5413fc94-3245-4153-9641-b9d025367e1d/graph","status":304,"duration":"39ms"}
18:54:57.155 [34mdebug[39m: Query executed {"service":"nords-server","text":"SELECT * FROM persona_category_weights WHERE persona_id = ANY($1)","duration":30,"rows":12}
18:54:57.156 [32minfo[39m: GET /api/projects/5413fc94-3245-4153-9641-b9d025367e1d/personas 304 {"service":"nords-server","method":"GET","path":"/api/projects/5413fc94-3245-4153-9641-b9d025367e1d/personas","status":304,"duration":"97ms"}
18:54:57.186 [34mdebug[39m: Query executed {"service":"nords-server","text":"SELECT * FROM personas WHERE project_id = $1 AND deleted_at IS NULL ORDER BY sor","duration":30,"rows":2}
18:54:57.219 [34mdebug[39m: Query executed {"service":"nords-server","text":"SELECT * FROM persona_mental_models WHERE persona_id = ANY($1) ORDER BY sort_ord","duration":33,"rows":2}
18:54:57.249 [34mdebug[39m: Query executed {"service":"nords-server","text":"SELECT * FROM persona_category_weights WHERE persona_id = ANY($1)","duration":30,"rows":12}
18:54:57.249 [32minfo[39m: GET /api/projects/5413fc94-3245-4153-9641-b9d025367e1d/personas 304 {"service":"nords-server","method":"GET","path":"/api/projects/5413fc94-3245-4153-9641-b9d025367e1d/personas","status":304,"duration":"93ms"}
18:54:57.280 [34mdebug[39m: Query executed {"service":"nords-server","text":"SELECT * FROM personas WHERE project_id = $1 AND deleted_at IS NULL ORDER BY sor","duration":31,"rows":2}
18:54:57.310 [34mdebug[39m: Query executed {"service":"nords-server","text":"SELECT * FROM persona_mental_models WHERE persona_id = ANY($1) ORDER BY sort_ord","duration":30,"rows":2}
18:54:57.342 [34mdebug[39m: Query executed {"service":"nords-server","text":"SELECT * FROM persona_category_weights WHERE persona_id = ANY($1)","duration":32,"rows":12}
18:54:57.342 [32minfo[39m: GET /api/projects/5413fc94-3245-4153-9641-b9d025367e1d/personas 304 {"service":"nords-server","method":"GET","path":"/api/projects/5413fc94-3245-4153-9641-b9d025367e1d/personas","status":304,"duration":"93ms"}
18:54:57.375 [34mdebug[39m: Query executed {"service":"nords-server","text":"SELECT * FROM personas WHERE project_id = $1 AND deleted_at IS NULL ORDER BY sor","duration":32,"rows":2}
18:54:57.404 [34mdebug[39m: Query executed {"service":"nords-server","text":"SELECT * FROM persona_mental_models WHERE persona_id = ANY($1) ORDER BY sort_ord","duration":29,"rows":2}
18:54:57.433 [34mdebug[39m: Query executed {"service":"nords-server","text":"SELECT * FROM persona_category_weights WHERE persona_id = ANY($1)","duration":28,"rows":12}
18:54:57.433 [32minfo[39m: GET /api/projects/5413fc94-3245-4153-9641-b9d025367e1d/personas 304 {"service":"nords-server","method":"GET","path":"/api/projects/5413fc94-3245-4153-9641-b9d025367e1d/personas","status":304,"duration":"90ms"}
18:55:04.384 [34mdebug[39m: Query executed {"service":"nords-server","text":"SELECT * FROM projects WHERE deleted_at IS NULL ORDER BY updated_at DESC","duration":30,"rows":1}
18:55:04.384 [32minfo[39m: GET /api/projects 304 {"service":"nords-server","method":"GET","path":"/api/projects","status":304,"duration":"30ms"}
18:55:04.415 [34mdebug[39m: Query executed {"service":"nords-server","text":"SELECT * FROM projects WHERE deleted_at IS NULL ORDER BY updated_at DESC","duration":31,"rows":1}
18:55:04.415 [32minfo[39m: GET /api/projects 304 {"service":"nords-server","method":"GET","path":"/api/projects","status":304,"duration":"31ms"}
18:55:11.801 [34mdebug[39m: Query executed {"service":"nords-server","text":"SELECT * FROM personas WHERE project_id = $1 AND deleted_at IS NULL ORDER BY sor","duration":29,"rows":2}
18:55:11.831 [34mdebug[39m: Query executed {"service":"nords-server","text":"SELECT * FROM persona_mental_models WHERE persona_id = ANY($1) ORDER BY sort_ord","duration":30,"rows":2}
18:55:11.867 [34mdebug[39m: Query executed {"service":"nords-server","text":"SELECT * FROM persona_category_weights WHERE persona_id = ANY($1)","duration":36,"rows":12}
18:55:11.867 [32minfo[39m: GET /api/projects/5413fc94-3245-4153-9641-b9d025367e1d/personas 304 {"service":"nords-server","method":"GET","path":"/api/projects/5413fc94-3245-4153-9641-b9d025367e1d/personas","status":304,"duration":"95ms"}
18:55:11.899 [34mdebug[39m: Query executed {"service":"nords-server","text":"SELECT * FROM personas WHERE project_id = $1 AND deleted_at IS NULL ORDER BY sor","duration":32,"rows":2}
18:55:11.900 [34mdebug[39m: New client connected to pool {"service":"nords-server"}
18:55:11.900 [34mdebug[39m: New client connected to pool {"service":"nords-server"}
18:55:11.928 [34mdebug[39m: Query executed {"service":"nords-server","text":"SELECT * FROM persona_mental_models WHERE persona_id = ANY($1) ORDER BY sort_ord","duration":29,"rows":2}
18:55:11.932 [34mdebug[39m: Query executed {"service":"nords-server","text":"SELECT * FROM projects WHERE id = $1 AND deleted_at IS NULL","duration":160,"rows":1}
18:55:11.932 [32minfo[39m: GET /api/projects/5413fc94-3245-4153-9641-b9d025367e1d 304 {"service":"nords-server","method":"GET","path":"/api/projects/5413fc94-3245-4153-9641-b9d025367e1d","status":304,"duration":"160ms"}
18:55:11.957 [34mdebug[39m: Query executed {"service":"nords-server","text":"SELECT * FROM persona_category_weights WHERE persona_id = ANY($1)","duration":29,"rows":12}
18:55:11.958 [32minfo[39m: GET /api/projects/5413fc94-3245-4153-9641-b9d025367e1d/personas 304 {"service":"nords-server","method":"GET","path":"/api/projects/5413fc94-3245-4153-9641-b9d025367e1d/personas","status":304,"duration":"91ms"}
18:55:11.961 [34mdebug[39m: Query executed {"service":"nords-server","text":"SELECT * FROM projects WHERE id = $1 AND deleted_at IS NULL","duration":29,"rows":1}
18:55:11.961 [32minfo[39m: GET /api/projects/5413fc94-3245-4153-9641-b9d025367e1d 304 {"service":"nords-server","method":"GET","path":"/api/projects/5413fc94-3245-4153-9641-b9d025367e1d","status":304,"duration":"29ms"}
18:55:11.986 [34mdebug[39m: Query executed {"service":"nords-server","text":"SELECT * FROM personas WHERE project_id = $1 AND deleted_at IS NULL ORDER BY sor","duration":28,"rows":2}
18:55:12.018 [34mdebug[39m: Query executed {"service":"nords-server","text":"SELECT * FROM persona_mental_models WHERE persona_id = ANY($1) ORDER BY sort_ord","duration":32,"rows":2}
18:55:12.040 [34mdebug[39m: Query executed {"service":"nords-server","text":"SELECT fn_load_project_graph($1) AS fn_load_project_graph","duration":267,"rows":1}
18:55:12.041 [32minfo[39m: GET /api/projects/5413fc94-3245-4153-9641-b9d025367e1d/graph 304 {"service":"nords-server","method":"GET","path":"/api/projects/5413fc94-3245-4153-9641-b9d025367e1d/graph","status":304,"duration":"268ms"}
18:55:12.049 [34mdebug[39m: Query executed {"service":"nords-server","text":"SELECT * FROM persona_category_weights WHERE persona_id = ANY($1)","duration":30,"rows":12}
18:55:12.049 [32minfo[39m: GET /api/projects/5413fc94-3245-4153-9641-b9d025367e1d/personas 304 {"service":"nords-server","method":"GET","path":"/api/projects/5413fc94-3245-4153-9641-b9d025367e1d/personas","status":304,"duration":"91ms"}
18:55:12.081 [34mdebug[39m: Query executed {"service":"nords-server","text":"SELECT * FROM personas WHERE project_id = $1 AND deleted_at IS NULL ORDER BY sor","duration":32,"rows":2}
18:55:12.085 [34mdebug[39m: Query executed {"service":"nords-server","text":"SELECT fn_load_project_graph($1) AS fn_load_project_graph","duration":44,"rows":1}
18:55:12.086 [32minfo[39m: GET /api/projects/5413fc94-3245-4153-9641-b9d025367e1d/graph 304 {"service":"nords-server","method":"GET","path":"/api/projects/5413fc94-3245-4153-9641-b9d025367e1d/graph","status":304,"duration":"45ms"}
18:55:12.115 [34mdebug[39m: Query executed {"service":"nords-server","text":"SELECT * FROM persona_mental_models WHERE persona_id = ANY($1) ORDER BY sort_ord","duration":32,"rows":2}
18:55:12.146 [34mdebug[39m: Query executed {"service":"nords-server","text":"SELECT * FROM persona_category_weights WHERE persona_id = ANY($1)","duration":31,"rows":12}
18:55:12.146 [32minfo[39m: GET /api/projects/5413fc94-3245-4153-9641-b9d025367e1d/personas 304 {"service":"nords-server","method":"GET","path":"/api/projects/5413fc94-3245-4153-9641-b9d025367e1d/personas","status":304,"duration":"97ms"}
18:55:13.904 [34mdebug[39m: Query executed {"service":"nords-server","text":"SELECT * FROM projects WHERE deleted_at IS NULL ORDER BY updated_at DESC","duration":29,"rows":1}
18:55:13.904 [32minfo[39m: GET /api/projects 304 {"service":"nords-server","method":"GET","path":"/api/projects","status":304,"duration":"29ms"}
18:55:13.933 [34mdebug[39m: Query executed {"service":"nords-server","text":"SELECT * FROM projects WHERE deleted_at IS NULL ORDER BY updated_at DESC","duration":28,"rows":1}
18:55:13.933 [32minfo[39m: GET /api/projects 304 {"service":"nords-server","method":"GET","path":"/api/projects","status":304,"duration":"28ms"}
18:55:27.015 [33mwarn[39m: Auth bypassed: dev mode (VITE_SKIP_AUTH or demo-api-key) {"service":"nords-client","clientTimestamp":"2026-05-12T22:54:57.029Z","userId":"dev-user-000"}
18:55:27.015 [33mwarn[39m: Auth bypassed: dev mode (VITE_SKIP_AUTH or demo-api-key) {"service":"nords-client","clientTimestamp":"2026-05-12T22:54:57.030Z","userId":"dev-user-000"}
18:55:27.015 [33mwarn[39m: Auth bypassed: dev mode (VITE_SKIP_AUTH or demo-api-key) {"service":"nords-client","clientTimestamp":"2026-05-12T22:54:57.064Z","userId":"dev-user-000"}
18:55:27.015 [33mwarn[39m: Auth bypassed: dev mode (VITE_SKIP_AUTH or demo-api-key) {"service":"nords-client","clientTimestamp":"2026-05-12T22:54:57.064Z","userId":"dev-user-000"}
18:55:27.015 [33mwarn[39m: Auth bypassed: dev mode (VITE_SKIP_AUTH or demo-api-key) {"service":"nords-client","clientTimestamp":"2026-05-12T22:55:04.333Z","userId":"dev-user-000"}
18:55:27.015 [33mwarn[39m: Auth bypassed: dev mode (VITE_SKIP_AUTH or demo-api-key) {"service":"nords-client","clientTimestamp":"2026-05-12T22:55:04.334Z","userId":"dev-user-000"}
18:55:27.015 [33mwarn[39m: Auth bypassed: dev mode (VITE_SKIP_AUTH or demo-api-key) {"service":"nords-client","clientTimestamp":"2026-05-12T22:55:11.731Z","userId":"dev-user-000"}
18:55:27.015 [33mwarn[39m: Auth bypassed: dev mode (VITE_SKIP_AUTH or demo-api-key) {"service":"nords-client","clientTimestamp":"2026-05-12T22:55:11.731Z","userId":"dev-user-000"}
18:55:27.015 [33mwarn[39m: Auth bypassed: dev mode (VITE_SKIP_AUTH or demo-api-key) {"service":"nords-client","clientTimestamp":"2026-05-12T22:55:13.859Z","userId":"dev-user-000"}
18:55:27.015 [33mwarn[39m: Auth bypassed: dev mode (VITE_SKIP_AUTH or demo-api-key) {"service":"nords-client","clientTimestamp":"2026-05-12T22:55:13.859Z","userId":"dev-user-000"}
18:55:27.015 [32minfo[39m: POST /api/logs 200 {"service":"nords-server","method":"POST","path":"/api/logs","status":200,"duration":"1ms","bytes":"15"}
19:05:27.902 [34mdebug[39m: New client connected to pool {"service":"nords-server"}
19:05:27.936 [34mdebug[39m: Query executed {"service":"nords-server","text":"SELECT * FROM personas WHERE project_id = $1 AND deleted_at IS NULL ORDER BY sor","duration":381,"rows":2}
19:05:28.080 [34mdebug[39m: Query executed {"service":"nords-server","text":"SELECT * FROM persona_mental_models WHERE persona_id = ANY($1) ORDER BY sort_ord","duration":144,"rows":2}
19:05:28.110 [34mdebug[39m: Query executed {"service":"nords-server","text":"SELECT * FROM persona_category_weights WHERE persona_id = ANY($1)","duration":30,"rows":12}
19:05:28.110 [32minfo[39m: GET /api/projects/5413fc94-3245-4153-9641-b9d025367e1d/personas 304 {"service":"nords-server","method":"GET","path":"/api/projects/5413fc94-3245-4153-9641-b9d025367e1d/personas","status":304,"duration":"555ms"}
19:05:28.259 [34mdebug[39m: Query executed {"service":"nords-server","text":"SELECT * FROM personas WHERE project_id = $1 AND deleted_at IS NULL ORDER BY sor","duration":148,"rows":2}
19:05:28.291 [34mdebug[39m: Query executed {"service":"nords-server","text":"SELECT * FROM persona_mental_models WHERE persona_id = ANY($1) ORDER BY sort_ord","duration":32,"rows":2}
19:05:28.437 [34mdebug[39m: Query executed {"service":"nords-server","text":"SELECT * FROM persona_category_weights WHERE persona_id = ANY($1)","duration":146,"rows":12}
19:05:28.437 [32minfo[39m: GET /api/projects/5413fc94-3245-4153-9641-b9d025367e1d/personas 304 {"service":"nords-server","method":"GET","path":"/api/projects/5413fc94-3245-4153-9641-b9d025367e1d/personas","status":304,"duration":"326ms"}
19:05:28.468 [34mdebug[39m: Query executed {"service":"nords-server","text":"SELECT * FROM personas WHERE project_id = $1 AND deleted_at IS NULL ORDER BY sor","duration":30,"rows":2}
19:05:28.568 [34mdebug[39m: Query executed {"service":"nords-server","text":"SELECT * FROM persona_mental_models WHERE persona_id = ANY($1) ORDER BY sort_ord","duration":100,"rows":2}
19:05:28.599 [34mdebug[39m: Query executed {"service":"nords-server","text":"SELECT * FROM persona_category_weights WHERE persona_id = ANY($1)","duration":31,"rows":12}
19:05:28.599 [32minfo[39m: GET /api/projects/5413fc94-3245-4153-9641-b9d025367e1d/personas 304 {"service":"nords-server","method":"GET","path":"/api/projects/5413fc94-3245-4153-9641-b9d025367e1d/personas","status":304,"duration":"161ms"}
19:05:28.926 [34mdebug[39m: New client connected to pool {"service":"nords-server"}
19:05:28.957 [34mdebug[39m: Query executed {"service":"nords-server","text":"SELECT * FROM personas WHERE project_id = $1 AND deleted_at IS NULL ORDER BY sor","duration":439,"rows":2}
19:05:29.103 [34mdebug[39m: Query executed {"service":"nords-server","text":"SELECT * FROM persona_mental_models WHERE persona_id = ANY($1) ORDER BY sort_ord","duration":146,"rows":2}
19:05:29.197 [34mdebug[39m: Query executed {"service":"nords-server","text":"SELECT * FROM persona_category_weights WHERE persona_id = ANY($1)","duration":94,"rows":12}
19:05:29.198 [32minfo[39m: GET /api/projects/5413fc94-3245-4153-9641-b9d025367e1d/personas 304 {"service":"nords-server","method":"GET","path":"/api/projects/5413fc94-3245-4153-9641-b9d025367e1d/personas","status":304,"duration":"680ms"}
19:10:58.598 [34mdebug[39m: New client connected to pool {"service":"nords-server"}
19:10:58.610 [34mdebug[39m: New client connected to pool {"service":"nords-server"}
19:10:58.614 [34mdebug[39m: New client connected to pool {"service":"nords-server"}
19:10:58.652 [34mdebug[39m: Query executed {"service":"nords-server","text":"SELECT * FROM projects WHERE id = $1 AND deleted_at IS NULL","duration":181,"rows":1}
19:10:58.652 [32minfo[39m: GET /api/projects/5413fc94-3245-4153-9641-b9d025367e1d 304 {"service":"nords-server","method":"GET","path":"/api/projects/5413fc94-3245-4153-9641-b9d025367e1d","status":304,"duration":"181ms"}
19:10:58.657 [34mdebug[39m: Query executed {"service":"nords-server","text":"SELECT * FROM personas WHERE project_id = $1 AND deleted_at IS NULL ORDER BY sor","duration":188,"rows":2}
19:10:58.686 [34mdebug[39m: Query executed {"service":"nords-server","text":"SELECT * FROM projects WHERE id = $1 AND deleted_at IS NULL","duration":34,"rows":1}
19:10:58.686 [32minfo[39m: GET /api/projects/5413fc94-3245-4153-9641-b9d025367e1d 304 {"service":"nords-server","method":"GET","path":"/api/projects/5413fc94-3245-4153-9641-b9d025367e1d","status":304,"duration":"34ms"}
19:10:58.688 [34mdebug[39m: Query executed {"service":"nords-server","text":"SELECT * FROM persona_mental_models WHERE persona_id = ANY($1) ORDER BY sort_ord","duration":30,"rows":2}
19:10:58.718 [34mdebug[39m: Query executed {"service":"nords-server","text":"SELECT * FROM persona_category_weights WHERE persona_id = ANY($1)","duration":30,"rows":12}
19:10:58.719 [32minfo[39m: GET /api/projects/5413fc94-3245-4153-9641-b9d025367e1d/personas 304 {"service":"nords-server","method":"GET","path":"/api/projects/5413fc94-3245-4153-9641-b9d025367e1d/personas","status":304,"duration":"249ms"}
19:10:58.747 [34mdebug[39m: Query executed {"service":"nords-server","text":"SELECT * FROM personas WHERE project_id = $1 AND deleted_at IS NULL ORDER BY sor","duration":28,"rows":2}
19:10:58.755 [34mdebug[39m: Query executed {"service":"nords-server","text":"SELECT fn_load_project_graph($1) AS fn_load_project_graph","duration":286,"rows":1}
19:10:58.755 [32minfo[39m: GET /api/projects/5413fc94-3245-4153-9641-b9d025367e1d/graph 304 {"service":"nords-server","method":"GET","path":"/api/projects/5413fc94-3245-4153-9641-b9d025367e1d/graph","status":304,"duration":"286ms"}
19:10:58.778 [34mdebug[39m: Query executed {"service":"nords-server","text":"SELECT * FROM persona_mental_models WHERE persona_id = ANY($1) ORDER BY sort_ord","duration":31,"rows":2}
19:10:58.799 [34mdebug[39m: Query executed {"service":"nords-server","text":"SELECT fn_load_project_graph($1) AS fn_load_project_graph","duration":43,"rows":1}
19:10:58.799 [32minfo[39m: GET /api/projects/5413fc94-3245-4153-9641-b9d025367e1d/graph 304 {"service":"nords-server","method":"GET","path":"/api/projects/5413fc94-3245-4153-9641-b9d025367e1d/graph","status":304,"duration":"43ms"}
19:10:58.809 [34mdebug[39m: Query executed {"service":"nords-server","text":"SELECT * FROM persona_category_weights WHERE persona_id = ANY($1)","duration":31,"rows":12}
19:10:58.810 [32minfo[39m: GET /api/projects/5413fc94-3245-4153-9641-b9d025367e1d/personas 304 {"service":"nords-server","method":"GET","path":"/api/projects/5413fc94-3245-4153-9641-b9d025367e1d/personas","status":304,"duration":"91ms"}
19:10:58.839 [34mdebug[39m: Query executed {"service":"nords-server","text":"SELECT * FROM personas WHERE project_id = $1 AND deleted_at IS NULL ORDER BY sor","duration":29,"rows":2}
19:10:58.870 [34mdebug[39m: Query executed {"service":"nords-server","text":"SELECT * FROM persona_mental_models WHERE persona_id = ANY($1) ORDER BY sort_ord","duration":31,"rows":2}
19:10:58.903 [34mdebug[39m: Query executed {"service":"nords-server","text":"SELECT * FROM persona_category_weights WHERE persona_id = ANY($1)","duration":33,"rows":12}
19:10:58.903 [32minfo[39m: GET /api/projects/5413fc94-3245-4153-9641-b9d025367e1d/personas 304 {"service":"nords-server","method":"GET","path":"/api/projects/5413fc94-3245-4153-9641-b9d025367e1d/personas","status":304,"duration":"93ms"}
19:10:58.933 [34mdebug[39m: Query executed {"service":"nords-server","text":"SELECT * FROM personas WHERE project_id = $1 AND deleted_at IS NULL ORDER BY sor","duration":29,"rows":2}
19:10:58.963 [34mdebug[39m: Query executed {"service":"nords-server","text":"SELECT * FROM persona_mental_models WHERE persona_id = ANY($1) ORDER BY sort_ord","duration":30,"rows":2}
19:10:58.994 [34mdebug[39m: Query executed {"service":"nords-server","text":"SELECT * FROM persona_category_weights WHERE persona_id = ANY($1)","duration":31,"rows":12}
19:10:58.994 [32minfo[39m: GET /api/projects/5413fc94-3245-4153-9641-b9d025367e1d/personas 304 {"service":"nords-server","method":"GET","path":"/api/projects/5413fc94-3245-4153-9641-b9d025367e1d/personas","status":304,"duration":"90ms"}
19:11:01.238 [34mdebug[39m: Query executed {"service":"nords-server","text":"SELECT * FROM projects WHERE id = $1 AND deleted_at IS NULL","duration":35,"rows":1}
19:11:01.239 [32minfo[39m: GET /api/projects/5413fc94-3245-4153-9641-b9d025367e1d 304 {"service":"nords-server","method":"GET","path":"/api/projects/5413fc94-3245-4153-9641-b9d025367e1d","status":304,"duration":"36ms"}
19:11:01.241 [34mdebug[39m: Query executed {"service":"nords-server","text":"SELECT * FROM nord_types\n       WHERE project_id = $1 AND deleted_at IS NULL\n   ","duration":35,"rows":10}
19:11:01.241 [34mdebug[39m: Query executed {"service":"nords-server","text":"SELECT * FROM connection_types\n       WHERE project_id = $1 AND deleted_at IS NU","duration":35,"rows":6}
19:11:01.241 [32minfo[39m: GET /api/projects/5413fc94-3245-4153-9641-b9d025367e1d/types 304 {"service":"nords-server","method":"GET","path":"/api/projects/5413fc94-3245-4153-9641-b9d025367e1d/types","status":304,"duration":"35ms"}
19:11:01.268 [34mdebug[39m: Query executed {"service":"nords-server","text":"SELECT * FROM projects WHERE id = $1 AND deleted_at IS NULL","duration":29,"rows":1}
19:11:01.268 [32minfo[39m: GET /api/projects/5413fc94-3245-4153-9641-b9d025367e1d 304 {"service":"nords-server","method":"GET","path":"/api/projects/5413fc94-3245-4153-9641-b9d025367e1d","status":304,"duration":"29ms"}
19:11:01.273 [34mdebug[39m: Query executed {"service":"nords-server","text":"SELECT * FROM connection_types\n       WHERE project_id = $1 AND deleted_at IS NU","duration":30,"rows":6}
19:11:01.275 [34mdebug[39m: Query executed {"service":"nords-server","text":"SELECT * FROM nord_types\n       WHERE project_id = $1 AND deleted_at IS NULL\n   ","duration":33,"rows":10}
19:11:01.276 [32minfo[39m: GET /api/projects/5413fc94-3245-4153-9641-b9d025367e1d/types 304 {"service":"nords-server","method":"GET","path":"/api/projects/5413fc94-3245-4153-9641-b9d025367e1d/types","status":304,"duration":"34ms"}
19:11:05.117 [34mdebug[39m: Query executed {"service":"nords-server","text":"SELECT * FROM projects WHERE id = $1 AND deleted_at IS NULL","duration":34,"rows":1}
19:11:05.118 [32minfo[39m: GET /api/projects/5413fc94-3245-4153-9641-b9d025367e1d 304 {"service":"nords-server","method":"GET","path":"/api/projects/5413fc94-3245-4153-9641-b9d025367e1d","status":304,"duration":"34ms"}
19:11:05.123 [34mdebug[39m: Query executed {"service":"nords-server","text":"SELECT * FROM personas WHERE project_id = $1 AND deleted_at IS NULL ORDER BY sor","duration":39,"rows":2}
19:11:05.152 [34mdebug[39m: Query executed {"service":"nords-server","text":"SELECT * FROM persona_mental_models WHERE persona_id = ANY($1) ORDER BY sort_ord","duration":29,"rows":2}
19:11:05.182 [34mdebug[39m: Query executed {"service":"nords-server","text":"SELECT * FROM persona_category_weights WHERE persona_id = ANY($1)","duration":30,"rows":12}
19:11:05.183 [32minfo[39m: GET /api/projects/5413fc94-3245-4153-9641-b9d025367e1d/personas 304 {"service":"nords-server","method":"GET","path":"/api/projects/5413fc94-3245-4153-9641-b9d025367e1d/personas","status":304,"duration":"100ms"}
19:11:05.223 [34mdebug[39m: Query executed {"service":"nords-server","text":"SELECT fn_load_project_graph($1) AS fn_load_project_graph","duration":139,"rows":1}
19:11:05.224 [32minfo[39m: GET /api/projects/5413fc94-3245-4153-9641-b9d025367e1d/graph 304 {"service":"nords-server","method":"GET","path":"/api/projects/5413fc94-3245-4153-9641-b9d025367e1d/graph","status":304,"duration":"140ms"}
19:11:18.556 [34mdebug[39m: New client connected to pool {"service":"nords-server"}
19:11:18.593 [34mdebug[39m: Query executed {"service":"nords-server","text":"UPDATE connection_types SET direction_filter = $1 WHERE id = $2 AND deleted_at I","duration":179,"rows":1}
19:11:18.593 [32minfo[39m: PUT /api/connection-types/08ffa416-a09e-40a1-a81d-305814121ba1 200 {"service":"nords-server","method":"PUT","path":"/api/connection-types/08ffa416-a09e-40a1-a81d-305814121ba1","status":200,"duration":"180ms","bytes":"882"}
19:11:18.739 [34mdebug[39m: Query executed {"service":"nords-server","text":"SELECT fn_load_project_graph($1) AS fn_load_project_graph","duration":140,"rows":1}
19:11:18.740 [32minfo[39m: GET /api/projects/5413fc94-3245-4153-9641-b9d025367e1d/graph 200 {"service":"nords-server","method":"GET","path":"/api/projects/5413fc94-3245-4153-9641-b9d025367e1d/graph","status":200,"duration":"141ms","bytes":"140631"}
19:11:20.019 [34mdebug[39m: Query executed {"service":"nords-server","text":"UPDATE connection_types SET direction_filter = $1 WHERE id = $2 AND deleted_at I","duration":35,"rows":1}
19:11:20.020 [32minfo[39m: PUT /api/connection-types/08ffa416-a09e-40a1-a81d-305814121ba1 200 {"service":"nords-server","method":"PUT","path":"/api/connection-types/08ffa416-a09e-40a1-a81d-305814121ba1","status":200,"duration":"36ms","bytes":"885"}
19:11:20.069 [34mdebug[39m: Query executed {"service":"nords-server","text":"SELECT fn_load_project_graph($1) AS fn_load_project_graph","duration":43,"rows":1}
19:11:20.070 [32minfo[39m: GET /api/projects/5413fc94-3245-4153-9641-b9d025367e1d/graph 200 {"service":"nords-server","method":"GET","path":"/api/projects/5413fc94-3245-4153-9641-b9d025367e1d/graph","status":200,"duration":"44ms","bytes":"140634"}
19:11:21.277 [34mdebug[39m: Query executed {"service":"nords-server","text":"UPDATE connection_types SET direction_filter = $1 WHERE id = $2 AND deleted_at I","duration":38,"rows":1}
19:11:21.278 [32minfo[39m: PUT /api/connection-types/08ffa416-a09e-40a1-a81d-305814121ba1 200 {"service":"nords-server","method":"PUT","path":"/api/connection-types/08ffa416-a09e-40a1-a81d-305814121ba1","status":200,"duration":"39ms","bytes":"881"}
19:11:21.324 [34mdebug[39m: Query executed {"service":"nords-server","text":"SELECT fn_load_project_graph($1) AS fn_load_project_graph","duration":39,"rows":1}
19:11:21.324 [32minfo[39m: GET /api/projects/5413fc94-3245-4153-9641-b9d025367e1d/graph 200 {"service":"nords-server","method":"GET","path":"/api/projects/5413fc94-3245-4153-9641-b9d025367e1d/graph","status":200,"duration":"39ms","bytes":"140630"}
19:11:22.573 [34mdebug[39m: Query executed {"service":"nords-server","text":"UPDATE connection_types SET direction_filter = $1 WHERE id = $2 AND deleted_at I","duration":35,"rows":1}
19:11:22.574 [32minfo[39m: PUT /api/connection-types/08ffa416-a09e-40a1-a81d-305814121ba1 200 {"service":"nords-server","method":"PUT","path":"/api/connection-types/08ffa416-a09e-40a1-a81d-305814121ba1","status":200,"duration":"36ms","bytes":"885"}
19:11:22.621 [34mdebug[39m: Query executed {"service":"nords-server","text":"SELECT fn_load_project_graph($1) AS fn_load_project_graph","duration":39,"rows":1}
19:11:22.622 [32minfo[39m: GET /api/projects/5413fc94-3245-4153-9641-b9d025367e1d/graph 200 {"service":"nords-server","method":"GET","path":"/api/projects/5413fc94-3245-4153-9641-b9d025367e1d/graph","status":200,"duration":"40ms","bytes":"140634"}
19:11:24.019 [34mdebug[39m: Query executed {"service":"nords-server","text":"UPDATE connection_types SET direction_filter = $1 WHERE id = $2 AND deleted_at I","duration":36,"rows":1}
19:11:24.020 [32minfo[39m: PUT /api/connection-types/08ffa416-a09e-40a1-a81d-305814121ba1 200 {"service":"nords-server","method":"PUT","path":"/api/connection-types/08ffa416-a09e-40a1-a81d-305814121ba1","status":200,"duration":"37ms","bytes":"885"}
19:11:24.071 [34mdebug[39m: Query executed {"service":"nords-server","text":"SELECT fn_load_project_graph($1) AS fn_load_project_graph","duration":42,"rows":1}
19:11:24.072 [32minfo[39m: GET /api/projects/5413fc94-3245-4153-9641-b9d025367e1d/graph 200 {"service":"nords-server","method":"GET","path":"/api/projects/5413fc94-3245-4153-9641-b9d025367e1d/graph","status":200,"duration":"43ms","bytes":"140634"}
19:11:25.170 [34mdebug[39m: Query executed {"service":"nords-server","text":"UPDATE connection_types SET direction_filter = $1 WHERE id = $2 AND deleted_at I","duration":40,"rows":1}
19:11:25.172 [32minfo[39m: PUT /api/connection-types/08ffa416-a09e-40a1-a81d-305814121ba1 200 {"service":"nords-server","method":"PUT","path":"/api/connection-types/08ffa416-a09e-40a1-a81d-305814121ba1","status":200,"duration":"42ms","bytes":"882"}
19:11:25.221 [34mdebug[39m: Query executed {"service":"nords-server","text":"SELECT fn_load_project_graph($1) AS fn_load_project_graph","duration":40,"rows":1}
19:11:25.222 [32minfo[39m: GET /api/projects/5413fc94-3245-4153-9641-b9d025367e1d/graph 200 {"service":"nords-server","method":"GET","path":"/api/projects/5413fc94-3245-4153-9641-b9d025367e1d/graph","status":200,"duration":"41ms","bytes":"140631"}
19:11:26.363 [34mdebug[39m: Query executed {"service":"nords-server","text":"UPDATE connection_types SET direction_filter = $1 WHERE id = $2 AND deleted_at I","duration":36,"rows":1}
19:11:26.364 [32minfo[39m: PUT /api/connection-types/08ffa416-a09e-40a1-a81d-305814121ba1 200 {"service":"nords-server","method":"PUT","path":"/api/connection-types/08ffa416-a09e-40a1-a81d-305814121ba1","status":200,"duration":"37ms","bytes":"881"}
19:11:26.414 [34mdebug[39m: Query executed {"service":"nords-server","text":"SELECT fn_load_project_graph($1) AS fn_load_project_graph","duration":42,"rows":1}
19:11:26.415 [32minfo[39m: GET /api/projects/5413fc94-3245-4153-9641-b9d025367e1d/graph 200 {"service":"nords-server","method":"GET","path":"/api/projects/5413fc94-3245-4153-9641-b9d025367e1d/graph","status":200,"duration":"43ms","bytes":"140630"}
19:11:27.008 [33mwarn[39m: Auth bypassed: dev mode (VITE_SKIP_AUTH or demo-api-key) {"service":"nords-client","clientTimestamp":"2026-05-12T23:10:58.432Z","userId":"dev-user-000"}
19:11:27.008 [33mwarn[39m: Auth bypassed: dev mode (VITE_SKIP_AUTH or demo-api-key) {"service":"nords-client","clientTimestamp":"2026-05-12T23:10:58.433Z","userId":"dev-user-000"}
19:11:27.008 [32minfo[39m: POST /api/logs 200 {"service":"nords-server","method":"POST","path":"/api/logs","status":200,"duration":"0ms","bytes":"14"}
19:12:57.362 [34mdebug[39m: New client connected to pool {"service":"nords-server"}
19:12:57.363 [34mdebug[39m: New client connected to pool {"service":"nords-server"}
19:12:57.365 [34mdebug[39m: New client connected to pool {"service":"nords-server"}
19:12:57.399 [34mdebug[39m: Query executed {"service":"nords-server","text":"\n    UPDATE connections\n    SET distance_x = $1\n    WHERE id = $2 AND deleted_at","duration":169,"rows":1}
19:12:57.400 [32minfo[39m: PUT /api/connections/c8e9a03a-3d46-45e1-ac21-16beffdf1f63 200 {"service":"nords-server","method":"PUT","path":"/api/connections/c8e9a03a-3d46-45e1-ac21-16beffdf1f63","status":200,"duration":"170ms","bytes":"415"}
19:12:57.400 [34mdebug[39m: Query executed {"service":"nords-server","text":"\n    UPDATE connections\n    SET distance_x = $1\n    WHERE id = $2 AND deleted_at","duration":171,"rows":1}
19:12:57.400 [32minfo[39m: PUT /api/connections/9ab0a7b5-c1f7-4663-bd1c-23530c0be3e9 200 {"service":"nords-server","method":"PUT","path":"/api/connections/9ab0a7b5-c1f7-4663-bd1c-23530c0be3e9","status":200,"duration":"171ms","bytes":"416"}
19:12:57.400 [34mdebug[39m: Query executed {"service":"nords-server","text":"\n    UPDATE connections\n    SET distance_x = $1\n    WHERE id = $2 AND deleted_at","duration":169,"rows":1}
19:12:57.400 [32minfo[39m: PUT /api/connections/2f649afc-fc87-41b2-9bce-ca8d3f16fbcc 200 {"service":"nords-server","method":"PUT","path":"/api/connections/2f649afc-fc87-41b2-9bce-ca8d3f16fbcc","status":200,"duration":"169ms","bytes":"452"}
19:13:03.153 [34mdebug[39m: Query executed {"service":"nords-server","text":"SELECT * FROM personas WHERE project_id = $1 AND deleted_at IS NULL ORDER BY sor","duration":34,"rows":2}
19:13:03.153 [34mdebug[39m: Query executed {"service":"nords-server","text":"SELECT * FROM projects WHERE id = $1 AND deleted_at IS NULL","duration":34,"rows":1}
19:13:03.154 [32minfo[39m: GET /api/projects/5413fc94-3245-4153-9641-b9d025367e1d 304 {"service":"nords-server","method":"GET","path":"/api/projects/5413fc94-3245-4153-9641-b9d025367e1d","status":304,"duration":"35ms"}
19:13:03.182 [34mdebug[39m: Query executed {"service":"nords-server","text":"SELECT * FROM persona_mental_models WHERE persona_id = ANY($1) ORDER BY sort_ord","duration":29,"rows":2}
19:13:03.213 [34mdebug[39m: Query executed {"service":"nords-server","text":"SELECT * FROM persona_category_weights WHERE persona_id = ANY($1)","duration":31,"rows":12}
19:13:03.213 [32minfo[39m: GET /api/projects/5413fc94-3245-4153-9641-b9d025367e1d/personas 304 {"service":"nords-server","method":"GET","path":"/api/projects/5413fc94-3245-4153-9641-b9d025367e1d/personas","status":304,"duration":"94ms"}
19:13:03.259 [34mdebug[39m: Query executed {"service":"nords-server","text":"SELECT fn_load_project_graph($1) AS fn_load_project_graph","duration":139,"rows":1}
19:13:03.260 [32minfo[39m: GET /api/projects/5413fc94-3245-4153-9641-b9d025367e1d/graph 200 {"service":"nords-server","method":"GET","path":"/api/projects/5413fc94-3245-4153-9641-b9d025367e1d/graph","status":200,"duration":"141ms","bytes":"140663"}
19:13:08.432 [34mdebug[39m: Query executed {"service":"nords-server","text":"SELECT * FROM projects WHERE deleted_at IS NULL ORDER BY updated_at DESC","duration":40,"rows":1}
19:13:08.433 [32minfo[39m: GET /api/projects 304 {"service":"nords-server","method":"GET","path":"/api/projects","status":304,"duration":"41ms"}
19:13:08.469 [34mdebug[39m: Query executed {"service":"nords-server","text":"SELECT * FROM projects WHERE deleted_at IS NULL ORDER BY updated_at DESC","duration":35,"rows":1}
19:13:08.469 [32minfo[39m: GET /api/projects 304 {"service":"nords-server","method":"GET","path":"/api/projects","status":304,"duration":"36ms"}
19:13:34.424 [33mwarn[39m: Auth bypassed: dev mode (VITE_SKIP_AUTH or demo-api-key) {"service":"nords-client","clientTimestamp":"2026-05-12T23:13:08.372Z","userId":"dev-user-000"}
19:13:34.424 [33mwarn[39m: Auth bypassed: dev mode (VITE_SKIP_AUTH or demo-api-key) {"service":"nords-client","clientTimestamp":"2026-05-12T23:13:08.372Z","userId":"dev-user-000"}
19:13:34.426 [32minfo[39m: POST /api/logs 200 {"service":"nords-server","method":"POST","path":"/api/logs","status":200,"duration":"2ms","bytes":"14"}
19:15:52.881 [34mdebug[39m: New client connected to pool {"service":"nords-server"}
19:15:52.916 [34mdebug[39m: Query executed {"service":"nords-server","text":"SELECT * FROM personas WHERE project_id = $1 AND deleted_at IS NULL ORDER BY sor","duration":168,"rows":2}
19:15:52.949 [34mdebug[39m: Query executed {"service":"nords-server","text":"SELECT * FROM persona_mental_models WHERE persona_id = ANY($1) ORDER BY sort_ord","duration":32,"rows":2}
19:15:52.981 [34mdebug[39m: Query executed {"service":"nords-server","text":"SELECT * FROM persona_category_weights WHERE persona_id = ANY($1)","duration":32,"rows":12}
19:15:52.982 [32minfo[39m: GET /api/projects/5413fc94-3245-4153-9641-b9d025367e1d/personas 304 {"service":"nords-server","method":"GET","path":"/api/projects/5413fc94-3245-4153-9641-b9d025367e1d/personas","status":304,"duration":"234ms"}
19:15:53.013 [34mdebug[39m: Query executed {"service":"nords-server","text":"SELECT * FROM personas WHERE project_id = $1 AND deleted_at IS NULL ORDER BY sor","duration":31,"rows":2}
19:15:53.046 [34mdebug[39m: Query executed {"service":"nords-server","text":"SELECT * FROM persona_mental_models WHERE persona_id = ANY($1) ORDER BY sort_ord","duration":33,"rows":2}
19:15:53.078 [34mdebug[39m: Query executed {"service":"nords-server","text":"SELECT * FROM persona_category_weights WHERE persona_id = ANY($1)","duration":31,"rows":12}
19:15:53.079 [32minfo[39m: GET /api/projects/5413fc94-3245-4153-9641-b9d025367e1d/personas 304 {"service":"nords-server","method":"GET","path":"/api/projects/5413fc94-3245-4153-9641-b9d025367e1d/personas","status":304,"duration":"97ms"}
19:15:53.550 [34mdebug[39m: Query executed {"service":"nords-server","text":"SELECT * FROM personas WHERE project_id = $1 AND deleted_at IS NULL ORDER BY sor","duration":34,"rows":2}
19:15:53.582 [34mdebug[39m: Query executed {"service":"nords-server","text":"SELECT * FROM persona_mental_models WHERE persona_id = ANY($1) ORDER BY sort_ord","duration":32,"rows":2}
19:15:53.615 [34mdebug[39m: Query executed {"service":"nords-server","text":"SELECT * FROM persona_category_weights WHERE persona_id = ANY($1)","duration":33,"rows":12}
19:15:53.615 [32minfo[39m: GET /api/projects/5413fc94-3245-4153-9641-b9d025367e1d/personas 304 {"service":"nords-server","method":"GET","path":"/api/projects/5413fc94-3245-4153-9641-b9d025367e1d/personas","status":304,"duration":"100ms"}
19:24:37.134 [33mwarn[39m: No Firebase config found. Auth middleware will run in PASSTHROUGH mode. {"service":"nords-server"}
19:24:37.134 [33mwarn[39m: No Firebase config found. Auth middleware will run in PASSTHROUGH mode. {"service":"nords-server"}
19:24:37.137 [32minfo[39m: Nords API listening on port 3000 {"service":"nords-server"}
19:24:37.137 [32minfo[39m: Swagger UI available at http://localhost:3000/api-docs {"service":"nords-server"}
19:24:37.137 [32minfo[39m: Nords API listening on port 3000 {"service":"nords-server"}
19:24:37.137 [32minfo[39m: Swagger UI available at http://localhost:3000/api-docs {"service":"nords-server"}
19:24:37.134 [33mwarn[39m: No Firebase config found. Auth middleware will run in PASSTHROUGH mode. {"service":"nords-server"}
19:24:37.137 [32minfo[39m: Nords API listening on port 3000 {"service":"nords-server"}
19:24:37.137 [32minfo[39m: Swagger UI available at http://localhost:3000/api-docs {"service":"nords-server"}
19:25:01.026 [33mwarn[39m: No Firebase config found. Auth middleware will run in PASSTHROUGH mode. {"service":"nords-server"}
19:25:01.030 [32minfo[39m: Nords API listening on port 3000 {"service":"nords-server"}
19:25:01.030 [32minfo[39m: Swagger UI available at http://localhost:3000/api-docs {"service":"nords-server"}
19:25:01.027 [33mwarn[39m: No Firebase config found. Auth middleware will run in PASSTHROUGH mode. {"service":"nords-server"}
19:25:01.030 [32minfo[39m: Nords API listening on port 3000 {"service":"nords-server"}
19:25:01.030 [32minfo[39m: Swagger UI available at http://localhost:3000/api-docs {"service":"nords-server"}
19:25:01.027 [33mwarn[39m: No Firebase config found. Auth middleware will run in PASSTHROUGH mode. {"service":"nords-server"}
19:25:01.030 [32minfo[39m: Nords API listening on port 3000 {"service":"nords-server"}
19:25:01.030 [32minfo[39m: Swagger UI available at http://localhost:3000/api-docs {"service":"nords-server"}
19:27:03.779 [34mdebug[39m: New client connected to pool {"service":"nords-server"}
19:27:03.782 [34mdebug[39m: New client connected to pool {"service":"nords-server"}
19:27:03.782 [34mdebug[39m: New client connected to pool {"service":"nords-server"}
19:27:03.783 [34mdebug[39m: New client connected to pool {"service":"nords-server"}
19:27:03.784 [34mdebug[39m: New client connected to pool {"service":"nords-server"}
19:27:03.784 [34mdebug[39m: New client connected to pool {"service":"nords-server"}
19:27:03.812 [31merror[39m: Query failed
error: relation "usage_events" does not exist
    at /Users/danielcrowder/Desktop/Projects/nords/node_modules/.pnpm/pg-pool@3.13.0_pg@8.20.0/node_modules/pg-pool/index.js:45:11
    at process.processTicksAndRejections (node:internal/process/task_queues:105:5)
    at async query (/Users/danielcrowder/Desktop/Projects/nords/server/src/db.ts:32:17) {"service":"nords-server","text":"INSERT INTO usage_events (account_id, project_id, event_type, quantity, metadata)\n     VALUES ($1, $2, $3, $4, $5)","duration":164,"error":"relation \"usage_events\" does not exist"}
19:27:03.813 [34mdebug[39m: Metering insert failed (non-fatal) {"service":"nords-server","error":"relation \"usage_events\" does not exist"}
19:27:03.817 [31merror[39m: Query failed
error: relation "usage_events" does not exist
    at /Users/danielcrowder/Desktop/Projects/nords/node_modules/.pnpm/pg-pool@3.13.0_pg@8.20.0/node_modules/pg-pool/index.js:45:11
    at process.processTicksAndRejections (node:internal/process/task_queues:105:5)
    at async query (/Users/danielcrowder/Desktop/Projects/nords/server/src/db.ts:32:17) {"service":"nords-server","text":"INSERT INTO usage_events (account_id, project_id, event_type, quantity, metadata)\n     VALUES ($1, $2, $3, $4, $5)","duration":172,"error":"relation \"usage_events\" does not exist"}
19:27:03.817 [34mdebug[39m: Metering insert failed (non-fatal) {"service":"nords-server","error":"relation \"usage_events\" does not exist"}
19:27:03.817 [31merror[39m: Query failed
error: relation "usage_events" does not exist
    at /Users/danielcrowder/Desktop/Projects/nords/node_modules/.pnpm/pg-pool@3.13.0_pg@8.20.0/node_modules/pg-pool/index.js:45:11
    at process.processTicksAndRejections (node:internal/process/task_queues:105:5)
    at async query (/Users/danielcrowder/Desktop/Projects/nords/server/src/db.ts:32:17) {"service":"nords-server","text":"INSERT INTO usage_events (account_id, project_id, event_type, quantity, metadata)\n     VALUES ($1, $2, $3, $4, $5)","duration":176,"error":"relation \"usage_events\" does not exist"}
19:27:03.817 [34mdebug[39m: Metering insert failed (non-fatal) {"service":"nords-server","error":"relation \"usage_events\" does not exist"}
19:27:03.819 [34mdebug[39m: Query executed {"service":"nords-server","text":"SELECT * FROM projects WHERE id = $1 AND deleted_at IS NULL","duration":172,"rows":1}
19:27:03.821 [32minfo[39m: GET /api/projects/5413fc94-3245-4153-9641-b9d025367e1d 304 {"service":"nords-server","method":"GET","path":"/api/projects/5413fc94-3245-4153-9641-b9d025367e1d","status":304,"duration":"173ms"}
19:27:03.821 [34mdebug[39m: Query executed {"service":"nords-server","text":"SELECT * FROM personas WHERE project_id = $1 AND deleted_at IS NULL ORDER BY sor","duration":175,"rows":2}
19:27:03.850 [34mdebug[39m: Query executed {"service":"nords-server","text":"SELECT * FROM persona_mental_models WHERE persona_id = ANY($1) ORDER BY sort_ord","duration":29,"rows":2}
19:27:03.852 [31merror[39m: Query failed
error: relation "usage_events" does not exist
    at /Users/danielcrowder/Desktop/Projects/nords/node_modules/.pnpm/pg-pool@3.13.0_pg@8.20.0/node_modules/pg-pool/index.js:45:11
    at process.processTicksAndRejections (node:internal/process/task_queues:105:5)
    at async query (/Users/danielcrowder/Desktop/Projects/nords/server/src/db.ts:32:17) {"service":"nords-server","text":"INSERT INTO usage_events (account_id, project_id, event_type, quantity, metadata)\n     VALUES ($1, $2, $3, $4, $5)","duration":31,"error":"relation \"usage_events\" does not exist"}
19:27:03.852 [34mdebug[39m: Metering insert failed (non-fatal) {"service":"nords-server","error":"relation \"usage_events\" does not exist"}
19:27:03.881 [34mdebug[39m: Query executed {"service":"nords-server","text":"SELECT * FROM persona_category_weights WHERE persona_id = ANY($1)","duration":31,"rows":12}
19:27:03.882 [32minfo[39m: GET /api/projects/5413fc94-3245-4153-9641-b9d025367e1d/personas 304 {"service":"nords-server","method":"GET","path":"/api/projects/5413fc94-3245-4153-9641-b9d025367e1d/personas","status":304,"duration":"237ms"}
19:27:03.912 [31merror[39m: Query failed
error: relation "usage_events" does not exist
    at /Users/danielcrowder/Desktop/Projects/nords/node_modules/.pnpm/pg-pool@3.13.0_pg@8.20.0/node_modules/pg-pool/index.js:45:11
    at process.processTicksAndRejections (node:internal/process/task_queues:105:5)
    at async query (/Users/danielcrowder/Desktop/Projects/nords/server/src/db.ts:32:17) {"service":"nords-server","text":"INSERT INTO usage_events (account_id, project_id, event_type, quantity, metadata)\n     VALUES ($1, $2, $3, $4, $5)","duration":30,"error":"relation \"usage_events\" does not exist"}
19:27:03.912 [34mdebug[39m: Metering insert failed (non-fatal) {"service":"nords-server","error":"relation \"usage_events\" does not exist"}
19:27:03.921 [34mdebug[39m: Query executed {"service":"nords-server","text":"SELECT fn_load_project_graph($1) AS fn_load_project_graph","duration":277,"rows":1}
19:27:03.921 [32minfo[39m: GET /api/projects/5413fc94-3245-4153-9641-b9d025367e1d/graph 304 {"service":"nords-server","method":"GET","path":"/api/projects/5413fc94-3245-4153-9641-b9d025367e1d/graph","status":304,"duration":"280ms"}
19:27:03.943 [34mdebug[39m: New client connected to pool {"service":"nords-server"}
19:27:03.950 [31merror[39m: Query failed
error: relation "usage_events" does not exist
    at /Users/danielcrowder/Desktop/Projects/nords/node_modules/.pnpm/pg-pool@3.13.0_pg@8.20.0/node_modules/pg-pool/index.js:45:11
    at process.processTicksAndRejections (node:internal/process/task_queues:105:5)
    at async query (/Users/danielcrowder/Desktop/Projects/nords/server/src/db.ts:32:17) {"service":"nords-server","text":"INSERT INTO usage_events (account_id, project_id, event_type, quantity, metadata)\n     VALUES ($1, $2, $3, $4, $5)","duration":28,"error":"relation \"usage_events\" does not exist"}
19:27:03.950 [34mdebug[39m: Metering insert failed (non-fatal) {"service":"nords-server","error":"relation \"usage_events\" does not exist"}
19:27:03.974 [34mdebug[39m: Query executed {"service":"nords-server","text":"SELECT * FROM projects WHERE id = $1 AND deleted_at IS NULL","duration":153,"rows":1}
19:27:03.974 [32minfo[39m: GET /api/projects/5413fc94-3245-4153-9641-b9d025367e1d 304 {"service":"nords-server","method":"GET","path":"/api/projects/5413fc94-3245-4153-9641-b9d025367e1d","status":304,"duration":"153ms"}
19:27:04.003 [34mdebug[39m: New client connected to pool {"service":"nords-server"}
19:27:04.039 [34mdebug[39m: Query executed {"service":"nords-server","text":"SELECT * FROM personas WHERE project_id = $1 AND deleted_at IS NULL ORDER BY sor","duration":156,"rows":2}
19:27:04.045 [34mdebug[39m: New client connected to pool {"service":"nords-server"}
19:27:04.068 [34mdebug[39m: Query executed {"service":"nords-server","text":"SELECT * FROM persona_mental_models WHERE persona_id = ANY($1) ORDER BY sort_ord","duration":29,"rows":2}
19:27:04.097 [34mdebug[39m: Query executed {"service":"nords-server","text":"SELECT * FROM persona_category_weights WHERE persona_id = ANY($1)","duration":29,"rows":12}
19:27:04.098 [32minfo[39m: GET /api/projects/5413fc94-3245-4153-9641-b9d025367e1d/personas 304 {"service":"nords-server","method":"GET","path":"/api/projects/5413fc94-3245-4153-9641-b9d025367e1d/personas","status":304,"duration":"216ms"}
19:27:04.127 [31merror[39m: Query failed
error: relation "usage_events" does not exist
    at /Users/danielcrowder/Desktop/Projects/nords/node_modules/.pnpm/pg-pool@3.13.0_pg@8.20.0/node_modules/pg-pool/index.js:45:11
    at process.processTicksAndRejections (node:internal/process/task_queues:105:5)
    at async query (/Users/danielcrowder/Desktop/Projects/nords/server/src/db.ts:32:17) {"service":"nords-server","text":"INSERT INTO usage_events (account_id, project_id, event_type, quantity, metadata)\n     VALUES ($1, $2, $3, $4, $5)","duration":29,"error":"relation \"usage_events\" does not exist"}
19:27:04.127 [34mdebug[39m: Metering insert failed (non-fatal) {"service":"nords-server","error":"relation \"usage_events\" does not exist"}
19:27:04.128 [34mdebug[39m: Query executed {"service":"nords-server","text":"SELECT * FROM personas WHERE project_id = $1 AND deleted_at IS NULL ORDER BY sor","duration":29,"rows":2}
19:27:04.158 [34mdebug[39m: Query executed {"service":"nords-server","text":"SELECT * FROM persona_mental_models WHERE persona_id = ANY($1) ORDER BY sort_ord","duration":30,"rows":2}
19:27:04.176 [34mdebug[39m: Query executed {"service":"nords-server","text":"SELECT fn_load_project_graph($1) AS fn_load_project_graph","duration":253,"rows":1}
19:27:04.176 [32minfo[39m: GET /api/projects/5413fc94-3245-4153-9641-b9d025367e1d/graph 304 {"service":"nords-server","method":"GET","path":"/api/projects/5413fc94-3245-4153-9641-b9d025367e1d/graph","status":304,"duration":"254ms"}
19:27:04.189 [34mdebug[39m: Query executed {"service":"nords-server","text":"SELECT * FROM persona_category_weights WHERE persona_id = ANY($1)","duration":31,"rows":12}
19:27:04.189 [32minfo[39m: GET /api/projects/5413fc94-3245-4153-9641-b9d025367e1d/personas 304 {"service":"nords-server","method":"GET","path":"/api/projects/5413fc94-3245-4153-9641-b9d025367e1d/personas","status":304,"duration":"91ms"}
19:27:04.221 [31merror[39m: Query failed
error: relation "usage_events" does not exist
    at /Users/danielcrowder/Desktop/Projects/nords/node_modules/.pnpm/pg-pool@3.13.0_pg@8.20.0/node_modules/pg-pool/index.js:45:11
    at process.processTicksAndRejections (node:internal/process/task_queues:105:5)
    at async query (/Users/danielcrowder/Desktop/Projects/nords/server/src/db.ts:32:17) {"service":"nords-server","text":"INSERT INTO usage_events (account_id, project_id, event_type, quantity, metadata)\n     VALUES ($1, $2, $3, $4, $5)","duration":31,"error":"relation \"usage_events\" does not exist"}
19:27:04.221 [34mdebug[39m: Metering insert failed (non-fatal) {"service":"nords-server","error":"relation \"usage_events\" does not exist"}
19:27:04.221 [34mdebug[39m: Query executed {"service":"nords-server","text":"SELECT * FROM personas WHERE project_id = $1 AND deleted_at IS NULL ORDER BY sor","duration":31,"rows":2}
19:27:04.251 [34mdebug[39m: Query executed {"service":"nords-server","text":"SELECT * FROM persona_mental_models WHERE persona_id = ANY($1) ORDER BY sort_ord","duration":30,"rows":2}
19:27:04.280 [34mdebug[39m: Query executed {"service":"nords-server","text":"SELECT * FROM persona_category_weights WHERE persona_id = ANY($1)","duration":29,"rows":12}
19:27:04.280 [32minfo[39m: GET /api/projects/5413fc94-3245-4153-9641-b9d025367e1d/personas 304 {"service":"nords-server","method":"GET","path":"/api/projects/5413fc94-3245-4153-9641-b9d025367e1d/personas","status":304,"duration":"90ms"}
19:27:04.426 [33mwarn[39m: Auth bypassed: dev mode (VITE_SKIP_AUTH or demo-api-key) {"service":"nords-client","clientTimestamp":"2026-05-12T23:27:03.603Z","userId":"dev-user-000"}
19:27:04.426 [33mwarn[39m: Auth bypassed: dev mode (VITE_SKIP_AUTH or demo-api-key) {"service":"nords-client","clientTimestamp":"2026-05-12T23:27:03.603Z","userId":"dev-user-000"}
19:27:04.427 [32minfo[39m: POST /api/logs 200 {"service":"nords-server","method":"POST","path":"/api/logs","status":200,"duration":"1ms","bytes":"14"}
19:27:04.458 [31merror[39m: Query failed
error: relation "usage_events" does not exist
    at /Users/danielcrowder/Desktop/Projects/nords/node_modules/.pnpm/pg-pool@3.13.0_pg@8.20.0/node_modules/pg-pool/index.js:45:11
    at process.processTicksAndRejections (node:internal/process/task_queues:105:5)
    at async query (/Users/danielcrowder/Desktop/Projects/nords/server/src/db.ts:32:17) {"service":"nords-server","text":"INSERT INTO usage_events (account_id, project_id, event_type, quantity, metadata)\n     VALUES ($1, $2, $3, $4, $5)","duration":32,"error":"relation \"usage_events\" does not exist"}
19:27:04.458 [34mdebug[39m: Metering insert failed (non-fatal) {"service":"nords-server","error":"relation \"usage_events\" does not exist"}
19:28:51.980 [34mdebug[39m: New client connected to pool {"service":"nords-server"}
19:28:51.989 [34mdebug[39m: New client connected to pool {"service":"nords-server"}
19:28:51.989 [34mdebug[39m: New client connected to pool {"service":"nords-server"}
19:28:51.992 [34mdebug[39m: New client connected to pool {"service":"nords-server"}
19:28:52.000 [34mdebug[39m: New client connected to pool {"service":"nords-server"}
19:28:52.000 [34mdebug[39m: New client connected to pool {"service":"nords-server"}
19:28:52.004 [34mdebug[39m: New client connected to pool {"service":"nords-server"}
19:28:52.005 [34mdebug[39m: New client connected to pool {"service":"nords-server"}
19:28:52.005 [34mdebug[39m: New client connected to pool {"service":"nords-server"}
19:28:52.005 [34mdebug[39m: New client connected to pool {"service":"nords-server"}
19:28:52.008 [31merror[39m: Query failed
error: relation "usage_events" does not exist
    at /Users/danielcrowder/Desktop/Projects/nords/node_modules/.pnpm/pg-pool@3.13.0_pg@8.20.0/node_modules/pg-pool/index.js:45:11
    at process.processTicksAndRejections (node:internal/process/task_queues:105:5)
    at async query (/Users/danielcrowder/Desktop/Projects/nords/server/src/db.ts:32:17) {"service":"nords-server","text":"INSERT INTO usage_events (account_id, project_id, event_type, quantity, metadata)\n     VALUES ($1, $2, $3, $4, $5)","duration":158,"error":"relation \"usage_events\" does not exist"}
19:28:52.008 [34mdebug[39m: Metering insert failed (non-fatal) {"service":"nords-server","error":"relation \"usage_events\" does not exist"}
19:28:52.018 [31merror[39m: Query failed
error: relation "usage_events" does not exist
    at /Users/danielcrowder/Desktop/Projects/nords/node_modules/.pnpm/pg-pool@3.13.0_pg@8.20.0/node_modules/pg-pool/index.js:45:11
    at process.processTicksAndRejections (node:internal/process/task_queues:105:5)
    at async query (/Users/danielcrowder/Desktop/Projects/nords/server/src/db.ts:32:17) {"service":"nords-server","text":"INSERT INTO usage_events (account_id, project_id, event_type, quantity, metadata)\n     VALUES ($1, $2, $3, $4, $5)","duration":162,"error":"relation \"usage_events\" does not exist"}
19:28:52.019 [34mdebug[39m: Metering insert failed (non-fatal) {"service":"nords-server","error":"relation \"usage_events\" does not exist"}
19:28:52.023 [31merror[39m: Query failed
error: relation "usage_events" does not exist
    at /Users/danielcrowder/Desktop/Projects/nords/node_modules/.pnpm/pg-pool@3.13.0_pg@8.20.0/node_modules/pg-pool/index.js:45:11
    at process.processTicksAndRejections (node:internal/process/task_queues:105:5)
    at async query (/Users/danielcrowder/Desktop/Projects/nords/server/src/db.ts:32:17) {"service":"nords-server","text":"INSERT INTO usage_events (account_id, project_id, event_type, quantity, metadata)\n     VALUES ($1, $2, $3, $4, $5)","duration":168,"error":"relation \"usage_events\" does not exist"}
19:28:52.023 [34mdebug[39m: Metering insert failed (non-fatal) {"service":"nords-server","error":"relation \"usage_events\" does not exist"}
19:28:52.027 [34mdebug[39m: Query executed {"service":"nords-server","text":"\n    UPDATE connections\n    SET distance_x = $1\n    WHERE id = $2 AND deleted_at","duration":177,"rows":1}
19:28:52.027 [32minfo[39m: PUT /api/connections/707ba283-35b4-4087-93ac-a54ff6f8504a 200 {"service":"nords-server","method":"PUT","path":"/api/connections/707ba283-35b4-4087-93ac-a54ff6f8504a","status":200,"duration":"178ms","bytes":"438"}
19:28:52.029 [31merror[39m: Query failed
error: relation "usage_events" does not exist
    at /Users/danielcrowder/Desktop/Projects/nords/node_modules/.pnpm/pg-pool@3.13.0_pg@8.20.0/node_modules/pg-pool/index.js:45:11
    at process.processTicksAndRejections (node:internal/process/task_queues:105:5)
    at async query (/Users/danielcrowder/Desktop/Projects/nords/server/src/db.ts:32:17) {"service":"nords-server","text":"INSERT INTO usage_events (account_id, project_id, event_type, quantity, metadata)\n     VALUES ($1, $2, $3, $4, $5)","duration":177,"error":"relation \"usage_events\" does not exist"}
19:28:52.029 [34mdebug[39m: Metering insert failed (non-fatal) {"service":"nords-server","error":"relation \"usage_events\" does not exist"}
19:28:52.033 [34mdebug[39m: Query executed {"service":"nords-server","text":"\n    UPDATE connections\n    SET distance_x = $1\n    WHERE id = $2 AND deleted_at","duration":181,"rows":1}
19:28:52.033 [32minfo[39m: PUT /api/connections/23a7b110-9948-413a-96d7-0a41cc431116 200 {"service":"nords-server","method":"PUT","path":"/api/connections/23a7b110-9948-413a-96d7-0a41cc431116","status":200,"duration":"182ms","bytes":"419"}
19:28:52.037 [31merror[39m: Query failed
error: relation "usage_events" does not exist
    at /Users/danielcrowder/Desktop/Projects/nords/node_modules/.pnpm/pg-pool@3.13.0_pg@8.20.0/node_modules/pg-pool/index.js:45:11
    at process.processTicksAndRejections (node:internal/process/task_queues:105:5)
    at async query (/Users/danielcrowder/Desktop/Projects/nords/server/src/db.ts:32:17) {"service":"nords-server","text":"INSERT INTO usage_events (account_id, project_id, event_type, quantity, metadata)\n     VALUES ($1, $2, $3, $4, $5)","duration":183,"error":"relation \"usage_events\" does not exist"}
19:28:52.037 [34mdebug[39m: Metering insert failed (non-fatal) {"service":"nords-server","error":"relation \"usage_events\" does not exist"}
19:28:52.039 [34mdebug[39m: Query executed {"service":"nords-server","text":"\n    UPDATE connections\n    SET distance_x = $1\n    WHERE id = $2 AND deleted_at","duration":185,"rows":1}
19:28:52.039 [32minfo[39m: PUT /api/connections/844c6096-c51e-492a-bdbd-8c3f9ce12abd 200 {"service":"nords-server","method":"PUT","path":"/api/connections/844c6096-c51e-492a-bdbd-8c3f9ce12abd","status":200,"duration":"186ms","bytes":"418"}
19:28:52.044 [34mdebug[39m: Query executed {"service":"nords-server","text":"\n    UPDATE connections\n    SET distance_x = $1\n    WHERE id = $2 AND deleted_at","duration":189,"rows":1}
19:28:52.044 [32minfo[39m: PUT /api/connections/5192717b-b5ee-4f93-91ee-d0f6aac0abba 200 {"service":"nords-server","method":"PUT","path":"/api/connections/5192717b-b5ee-4f93-91ee-d0f6aac0abba","status":200,"duration":"189ms","bytes":"419"}
19:28:52.047 [34mdebug[39m: Query executed {"service":"nords-server","text":"\n    UPDATE connections\n    SET distance_x = $1\n    WHERE id = $2 AND deleted_at","duration":191,"rows":1}
19:28:52.048 [32minfo[39m: PUT /api/connections/1130266a-18be-4d74-8091-6aa4b883d1c4 200 {"service":"nords-server","method":"PUT","path":"/api/connections/1130266a-18be-4d74-8091-6aa4b883d1c4","status":200,"duration":"192ms","bytes":"437"}
19:49:59.593 [33mwarn[39m: No Firebase config found. Auth middleware will run in PASSTHROUGH mode. {"service":"nords-server"}
19:49:59.596 [32minfo[39m: Nords API listening on port 3000 {"service":"nords-server"}
19:49:59.597 [32minfo[39m: Swagger UI available at http://localhost:3000/api-docs {"service":"nords-server"}
19:49:59.594 [33mwarn[39m: No Firebase config found. Auth middleware will run in PASSTHROUGH mode. {"service":"nords-server"}
19:49:59.594 [33mwarn[39m: No Firebase config found. Auth middleware will run in PASSTHROUGH mode. {"service":"nords-server"}
19:49:59.597 [32minfo[39m: Nords API listening on port 3000 {"service":"nords-server"}
19:49:59.597 [32minfo[39m: Swagger UI available at http://localhost:3000/api-docs {"service":"nords-server"}
19:49:59.597 [32minfo[39m: Nords API listening on port 3000 {"service":"nords-server"}
19:49:59.597 [32minfo[39m: Swagger UI available at http://localhost:3000/api-docs {"service":"nords-server"}
19:51:02.664 [33mwarn[39m: No Firebase config found. Auth middleware will run in PASSTHROUGH mode. {"service":"nords-server"}
19:51:02.667 [32minfo[39m: Nords API listening on port 3000 {"service":"nords-server"}
19:51:02.667 [32minfo[39m: Swagger UI available at http://localhost:3000/api-docs {"service":"nords-server"}
19:51:02.663 [33mwarn[39m: No Firebase config found. Auth middleware will run in PASSTHROUGH mode. {"service":"nords-server"}
19:51:02.668 [32minfo[39m: Nords API listening on port 3000 {"service":"nords-server"}
19:51:02.668 [32minfo[39m: Swagger UI available at http://localhost:3000/api-docs {"service":"nords-server"}
19:51:02.664 [33mwarn[39m: No Firebase config found. Auth middleware will run in PASSTHROUGH mode. {"service":"nords-server"}
19:51:02.668 [32minfo[39m: Nords API listening on port 3000 {"service":"nords-server"}
19:51:02.669 [32minfo[39m: Swagger UI available at http://localhost:3000/api-docs {"service":"nords-server"}
19:51:40.040 [33mwarn[39m: No Firebase config found. Auth middleware will run in PASSTHROUGH mode. {"service":"nords-server"}
19:51:40.040 [33mwarn[39m: No Firebase config found. Auth middleware will run in PASSTHROUGH mode. {"service":"nords-server"}
19:51:40.043 [32minfo[39m: Nords API listening on port 3000 {"service":"nords-server"}
19:51:40.043 [32minfo[39m: Swagger UI available at http://localhost:3000/api-docs {"service":"nords-server"}
19:51:40.043 [32minfo[39m: Nords API listening on port 3000 {"service":"nords-server"}
19:51:40.043 [32minfo[39m: Swagger UI available at http://localhost:3000/api-docs {"service":"nords-server"}
19:51:40.040 [33mwarn[39m: No Firebase config found. Auth middleware will run in PASSTHROUGH mode. {"service":"nords-server"}
19:51:40.043 [32minfo[39m: Nords API listening on port 3000 {"service":"nords-server"}
19:51:40.043 [32minfo[39m: Swagger UI available at http://localhost:3000/api-docs {"service":"nords-server"}
19:52:04.789 [33mwarn[39m: No Firebase config found. Auth middleware will run in PASSTHROUGH mode. {"service":"nords-server"}
19:52:04.789 [33mwarn[39m: No Firebase config found. Auth middleware will run in PASSTHROUGH mode. {"service":"nords-server"}
19:52:04.792 [32minfo[39m: Nords API listening on port 3000 {"service":"nords-server"}
19:52:04.792 [32minfo[39m: Swagger UI available at http://localhost:3000/api-docs {"service":"nords-server"}
19:52:04.792 [32minfo[39m: Nords API listening on port 3000 {"service":"nords-server"}
19:52:04.792 [32minfo[39m: Swagger UI available at http://localhost:3000/api-docs {"service":"nords-server"}
19:52:04.791 [33mwarn[39m: No Firebase config found. Auth middleware will run in PASSTHROUGH mode. {"service":"nords-server"}
19:52:04.794 [32minfo[39m: Nords API listening on port 3000 {"service":"nords-server"}
19:52:04.794 [32minfo[39m: Swagger UI available at http://localhost:3000/api-docs {"service":"nords-server"}
19:52:18.048 [33mwarn[39m: No Firebase config found. Auth middleware will run in PASSTHROUGH mode. {"service":"nords-server"}
19:52:18.052 [32minfo[39m: Nords API listening on port 3000 {"service":"nords-server"}
19:52:18.052 [32minfo[39m: Swagger UI available at http://localhost:3000/api-docs {"service":"nords-server"}
19:52:18.051 [33mwarn[39m: No Firebase config found. Auth middleware will run in PASSTHROUGH mode. {"service":"nords-server"}
19:52:18.054 [32minfo[39m: Nords API listening on port 3000 {"service":"nords-server"}
19:52:18.054 [32minfo[39m: Swagger UI available at http://localhost:3000/api-docs {"service":"nords-server"}
19:52:18.053 [33mwarn[39m: No Firebase config found. Auth middleware will run in PASSTHROUGH mode. {"service":"nords-server"}
19:52:18.056 [32minfo[39m: Nords API listening on port 3000 {"service":"nords-server"}
19:52:18.056 [32minfo[39m: Swagger UI available at http://localhost:3000/api-docs {"service":"nords-server"}
09:55:03.877 [34mdebug[39m: New client connected to pool {"service":"nords-server"}
09:55:03.879 [34mdebug[39m: New client connected to pool {"service":"nords-server"}
09:55:03.879 [34mdebug[39m: New client connected to pool {"service":"nords-server"}
09:55:03.880 [34mdebug[39m: New client connected to pool {"service":"nords-server"}
09:55:03.881 [34mdebug[39m: New client connected to pool {"service":"nords-server"}
09:55:03.881 [34mdebug[39m: New client connected to pool {"service":"nords-server"}
09:55:03.882 [34mdebug[39m: New client connected to pool {"service":"nords-server"}
09:55:03.885 [34mdebug[39m: New client connected to pool {"service":"nords-server"}
09:55:03.886 [34mdebug[39m: New client connected to pool {"service":"nords-server"}
09:55:03.888 [34mdebug[39m: New client connected to pool {"service":"nords-server"}
09:55:03.912 [31merror[39m: Query failed
error: relation "usage_events" does not exist
    at /Users/danielcrowder/Desktop/Projects/nords/node_modules/.pnpm/pg-pool@3.13.0_pg@8.20.0/node_modules/pg-pool/index.js:45:11
    at process.processTicksAndRejections (node:internal/process/task_queues:105:5)
    at async query (/Users/danielcrowder/Desktop/Projects/nords/server/src/db.ts:32:17) {"service":"nords-server","text":"INSERT INTO usage_events (account_id, project_id, event_type, quantity, metadata)\n     VALUES ($1, $2, $3, $4, $5)","duration":189,"error":"relation \"usage_events\" does not exist"}
09:55:03.912 [34mdebug[39m: Metering insert failed (non-fatal) {"service":"nords-server","error":"relation \"usage_events\" does not exist"}
09:55:03.913 [31merror[39m: Query failed
error: relation "usage_events" does not exist
    at /Users/danielcrowder/Desktop/Projects/nords/node_modules/.pnpm/pg-pool@3.13.0_pg@8.20.0/node_modules/pg-pool/index.js:45:11
    at process.processTicksAndRejections (node:internal/process/task_queues:105:5)
    at async query (/Users/danielcrowder/Desktop/Projects/nords/server/src/db.ts:32:17) {"service":"nords-server","text":"INSERT INTO usage_events (account_id, project_id, event_type, quantity, metadata)\n     VALUES ($1, $2, $3, $4, $5)","duration":183,"error":"relation \"usage_events\" does not exist"}
09:55:03.913 [34mdebug[39m: Metering insert failed (non-fatal) {"service":"nords-server","error":"relation \"usage_events\" does not exist"}
09:55:03.918 [31merror[39m: Query failed
error: relation "usage_events" does not exist
    at /Users/danielcrowder/Desktop/Projects/nords/node_modules/.pnpm/pg-pool@3.13.0_pg@8.20.0/node_modules/pg-pool/index.js:45:11
    at process.processTicksAndRejections (node:internal/process/task_queues:105:5)
    at async query (/Users/danielcrowder/Desktop/Projects/nords/server/src/db.ts:32:17) {"service":"nords-server","text":"INSERT INTO usage_events (account_id, project_id, event_type, quantity, metadata)\n     VALUES ($1, $2, $3, $4, $5)","duration":189,"error":"relation \"usage_events\" does not exist"}
09:55:03.918 [34mdebug[39m: Metering insert failed (non-fatal) {"service":"nords-server","error":"relation \"usage_events\" does not exist"}
09:55:03.918 [31merror[39m: Query failed
error: relation "usage_events" does not exist
    at /Users/danielcrowder/Desktop/Projects/nords/node_modules/.pnpm/pg-pool@3.13.0_pg@8.20.0/node_modules/pg-pool/index.js:45:11
    at process.processTicksAndRejections (node:internal/process/task_queues:105:5)
    at async query (/Users/danielcrowder/Desktop/Projects/nords/server/src/db.ts:32:17) {"service":"nords-server","text":"INSERT INTO usage_events (account_id, project_id, event_type, quantity, metadata)\n     VALUES ($1, $2, $3, $4, $5)","duration":191,"error":"relation \"usage_events\" does not exist"}
09:55:03.918 [34mdebug[39m: Metering insert failed (non-fatal) {"service":"nords-server","error":"relation \"usage_events\" does not exist"}
09:55:03.918 [31merror[39m: Query failed
error: relation "usage_events" does not exist
    at /Users/danielcrowder/Desktop/Projects/nords/node_modules/.pnpm/pg-pool@3.13.0_pg@8.20.0/node_modules/pg-pool/index.js:45:11
    at process.processTicksAndRejections (node:internal/process/task_queues:105:5)
    at async query (/Users/danielcrowder/Desktop/Projects/nords/server/src/db.ts:32:17) {"service":"nords-server","text":"INSERT INTO usage_events (account_id, project_id, event_type, quantity, metadata)\n     VALUES ($1, $2, $3, $4, $5)","duration":189,"error":"relation \"usage_events\" does not exist"}
09:55:03.918 [34mdebug[39m: Metering insert failed (non-fatal) {"service":"nords-server","error":"relation \"usage_events\" does not exist"}
09:55:03.989 [34mdebug[39m: Query executed {"service":"nords-server","text":"\n    UPDATE connections\n    SET distance_x = $1\n    WHERE id = $2 AND deleted_at","duration":259,"rows":1}
09:55:03.990 [32minfo[39m: PUT /api/connections/23a7b110-9948-413a-96d7-0a41cc431116 200 {"service":"nords-server","method":"PUT","path":"/api/connections/23a7b110-9948-413a-96d7-0a41cc431116","status":200,"duration":"260ms","bytes":"419"}
09:55:03.992 [34mdebug[39m: Query executed {"service":"nords-server","text":"\n    UPDATE connections\n    SET distance_x = $1\n    WHERE id = $2 AND deleted_at","duration":263,"rows":1}
09:55:03.992 [32minfo[39m: PUT /api/connections/a0cc1f6b-a9d2-4be4-a0be-a97202139915 200 {"service":"nords-server","method":"PUT","path":"/api/connections/a0cc1f6b-a9d2-4be4-a0be-a97202139915","status":200,"duration":"263ms","bytes":"418"}
09:55:03.992 [34mdebug[39m: Query executed {"service":"nords-server","text":"\n    UPDATE connections\n    SET distance_x = $1\n    WHERE id = $2 AND deleted_at","duration":268,"rows":1}
09:55:03.992 [32minfo[39m: PUT /api/connections/878d9318-9691-4500-b153-2fe62c3640a0 200 {"service":"nords-server","method":"PUT","path":"/api/connections/878d9318-9691-4500-b153-2fe62c3640a0","status":200,"duration":"270ms","bytes":"419"}
09:55:03.993 [34mdebug[39m: Query executed {"service":"nords-server","text":"\n    UPDATE connections\n    SET distance_x = $1\n    WHERE id = $2 AND deleted_at","duration":266,"rows":1}
09:55:03.993 [32minfo[39m: PUT /api/connections/8d39ddee-3638-411f-be60-fd768fa641cf 200 {"service":"nords-server","method":"PUT","path":"/api/connections/8d39ddee-3638-411f-be60-fd768fa641cf","status":200,"duration":"267ms","bytes":"419"}
09:55:03.993 [34mdebug[39m: Query executed {"service":"nords-server","text":"\n    UPDATE connections\n    SET distance_x = $1\n    WHERE id = $2 AND deleted_at","duration":265,"rows":1}
09:55:03.994 [32minfo[39m: PUT /api/connections/f0d80dc7-cb27-4841-aa85-8f63c6fda26b 200 {"service":"nords-server","method":"PUT","path":"/api/connections/f0d80dc7-cb27-4841-aa85-8f63c6fda26b","status":200,"duration":"266ms","bytes":"418"}
09:55:05.937 [31merror[39m: Query failed
error: relation "usage_events" does not exist
    at /Users/danielcrowder/Desktop/Projects/nords/node_modules/.pnpm/pg-pool@3.13.0_pg@8.20.0/node_modules/pg-pool/index.js:45:11
    at process.processTicksAndRejections (node:internal/process/task_queues:105:5)
    at async query (/Users/danielcrowder/Desktop/Projects/nords/server/src/db.ts:32:17) {"service":"nords-server","text":"INSERT INTO usage_events (account_id, project_id, event_type, quantity, metadata)\n     VALUES ($1, $2, $3, $4, $5)","duration":34,"error":"relation \"usage_events\" does not exist"}
09:55:05.938 [34mdebug[39m: Metering insert failed (non-fatal) {"service":"nords-server","error":"relation \"usage_events\" does not exist"}
09:55:05.938 [31merror[39m: Query failed
error: relation "usage_events" does not exist
    at /Users/danielcrowder/Desktop/Projects/nords/node_modules/.pnpm/pg-pool@3.13.0_pg@8.20.0/node_modules/pg-pool/index.js:45:11
    at process.processTicksAndRejections (node:internal/process/task_queues:105:5)
    at async query (/Users/danielcrowder/Desktop/Projects/nords/server/src/db.ts:32:17) {"service":"nords-server","text":"INSERT INTO usage_events (account_id, project_id, event_type, quantity, metadata)\n     VALUES ($1, $2, $3, $4, $5)","duration":35,"error":"relation \"usage_events\" does not exist"}
09:55:05.938 [34mdebug[39m: Metering insert failed (non-fatal) {"service":"nords-server","error":"relation \"usage_events\" does not exist"}
09:55:05.939 [31merror[39m: Query failed
error: relation "usage_events" does not exist
    at /Users/danielcrowder/Desktop/Projects/nords/node_modules/.pnpm/pg-pool@3.13.0_pg@8.20.0/node_modules/pg-pool/index.js:45:11
    at process.processTicksAndRejections (node:internal/process/task_queues:105:5)
    at async query (/Users/danielcrowder/Desktop/Projects/nords/server/src/db.ts:32:17) {"service":"nords-server","text":"INSERT INTO usage_events (account_id, project_id, event_type, quantity, metadata)\n     VALUES ($1, $2, $3, $4, $5)","duration":35,"error":"relation \"usage_events\" does not exist"}
09:55:05.939 [34mdebug[39m: Metering insert failed (non-fatal) {"service":"nords-server","error":"relation \"usage_events\" does not exist"}
09:55:05.939 [34mdebug[39m: Query executed {"service":"nords-server","text":"\n    UPDATE connections\n    SET distance_x = $1\n    WHERE id = $2 AND deleted_at","duration":36,"rows":1}
09:55:05.939 [32minfo[39m: PUT /api/connections/878d9318-9691-4500-b153-2fe62c3640a0 200 {"service":"nords-server","method":"PUT","path":"/api/connections/878d9318-9691-4500-b153-2fe62c3640a0","status":200,"duration":"36ms","bytes":"401"}
09:55:05.939 [34mdebug[39m: Query executed {"service":"nords-server","text":"\n    UPDATE connections\n    SET distance_x = $1\n    WHERE id = $2 AND deleted_at","duration":36,"rows":1}
09:55:05.939 [32minfo[39m: PUT /api/connections/8d39ddee-3638-411f-be60-fd768fa641cf 200 {"service":"nords-server","method":"PUT","path":"/api/connections/8d39ddee-3638-411f-be60-fd768fa641cf","status":200,"duration":"36ms","bytes":"401"}
09:55:06.042 [34mdebug[39m: New client connected to pool {"service":"nords-server"}
09:55:06.047 [34mdebug[39m: New client connected to pool {"service":"nords-server"}
09:55:06.047 [34mdebug[39m: New client connected to pool {"service":"nords-server"}
09:55:06.047 [34mdebug[39m: New client connected to pool {"service":"nords-server"}
09:55:06.054 [34mdebug[39m: New client connected to pool {"service":"nords-server"}
09:55:06.079 [34mdebug[39m: Query executed {"service":"nords-server","text":"\n    UPDATE connections\n    SET distance_x = $1\n    WHERE id = $2 AND deleted_at","duration":175,"rows":1}
09:55:06.079 [32minfo[39m: PUT /api/connections/a0cc1f6b-a9d2-4be4-a0be-a97202139915 200 {"service":"nords-server","method":"PUT","path":"/api/connections/a0cc1f6b-a9d2-4be4-a0be-a97202139915","status":200,"duration":"175ms","bytes":"401"}
09:55:06.080 [31merror[39m: Query failed
error: relation "usage_events" does not exist
    at /Users/danielcrowder/Desktop/Projects/nords/node_modules/.pnpm/pg-pool@3.13.0_pg@8.20.0/node_modules/pg-pool/index.js:45:11
    at process.processTicksAndRejections (node:internal/process/task_queues:105:5)
    at async query (/Users/danielcrowder/Desktop/Projects/nords/server/src/db.ts:32:17) {"service":"nords-server","text":"INSERT INTO usage_events (account_id, project_id, event_type, quantity, metadata)\n     VALUES ($1, $2, $3, $4, $5)","duration":176,"error":"relation \"usage_events\" does not exist"}
09:55:06.080 [34mdebug[39m: Metering insert failed (non-fatal) {"service":"nords-server","error":"relation \"usage_events\" does not exist"}
09:55:06.080 [34mdebug[39m: Query executed {"service":"nords-server","text":"\n    UPDATE connections\n    SET distance_x = $1\n    WHERE id = $2 AND deleted_at","duration":175,"rows":1}
09:55:06.081 [32minfo[39m: PUT /api/connections/23a7b110-9948-413a-96d7-0a41cc431116 200 {"service":"nords-server","method":"PUT","path":"/api/connections/23a7b110-9948-413a-96d7-0a41cc431116","status":200,"duration":"176ms","bytes":"401"}
09:55:06.083 [34mdebug[39m: Query executed {"service":"nords-server","text":"\n    UPDATE connections\n    SET distance_x = $1\n    WHERE id = $2 AND deleted_at","duration":179,"rows":1}
09:55:06.083 [32minfo[39m: PUT /api/connections/f0d80dc7-cb27-4841-aa85-8f63c6fda26b 200 {"service":"nords-server","method":"PUT","path":"/api/connections/f0d80dc7-cb27-4841-aa85-8f63c6fda26b","status":200,"duration":"180ms","bytes":"401"}
09:55:06.086 [31merror[39m: Query failed
error: relation "usage_events" does not exist
    at /Users/danielcrowder/Desktop/Projects/nords/node_modules/.pnpm/pg-pool@3.13.0_pg@8.20.0/node_modules/pg-pool/index.js:45:11
    at process.processTicksAndRejections (node:internal/process/task_queues:105:5)
    at async query (/Users/danielcrowder/Desktop/Projects/nords/server/src/db.ts:32:17) {"service":"nords-server","text":"INSERT INTO usage_events (account_id, project_id, event_type, quantity, metadata)\n     VALUES ($1, $2, $3, $4, $5)","duration":181,"error":"relation \"usage_events\" does not exist"}
09:55:06.086 [34mdebug[39m: Metering insert failed (non-fatal) {"service":"nords-server","error":"relation \"usage_events\" does not exist"}
09:55:16.334 [34mdebug[39m: New client connected to pool {"service":"nords-server"}
09:55:16.341 [34mdebug[39m: New client connected to pool {"service":"nords-server"}
09:55:16.342 [34mdebug[39m: New client connected to pool {"service":"nords-server"}
09:55:16.345 [34mdebug[39m: New client connected to pool {"service":"nords-server"}
09:55:16.345 [34mdebug[39m: New client connected to pool {"service":"nords-server"}
09:55:16.349 [34mdebug[39m: New client connected to pool {"service":"nords-server"}
09:55:16.350 [34mdebug[39m: New client connected to pool {"service":"nords-server"}
09:55:16.362 [34mdebug[39m: New client connected to pool {"service":"nords-server"}
09:55:16.362 [34mdebug[39m: New client connected to pool {"service":"nords-server"}
09:55:16.363 [34mdebug[39m: New client connected to pool {"service":"nords-server"}
09:55:16.363 [34mdebug[39m: New client connected to pool {"service":"nords-server"}
09:55:16.365 [34mdebug[39m: New client connected to pool {"service":"nords-server"}
09:55:16.371 [34mdebug[39m: Query executed {"service":"nords-server","text":"\n    UPDATE connections\n    SET distance_x = $1\n    WHERE id = $2 AND deleted_at","duration":166,"rows":1}
09:55:16.371 [32minfo[39m: PUT /api/connections/44ae275f-a945-4546-848d-e0e2f3098ee7 200 {"service":"nords-server","method":"PUT","path":"/api/connections/44ae275f-a945-4546-848d-e0e2f3098ee7","status":200,"duration":"167ms","bytes":"401"}
09:55:16.372 [31merror[39m: Query failed
error: relation "usage_events" does not exist
    at /Users/danielcrowder/Desktop/Projects/nords/node_modules/.pnpm/pg-pool@3.13.0_pg@8.20.0/node_modules/pg-pool/index.js:45:11
    at process.processTicksAndRejections (node:internal/process/task_queues:105:5)
    at async query (/Users/danielcrowder/Desktop/Projects/nords/server/src/db.ts:32:17) {"service":"nords-server","text":"INSERT INTO usage_events (account_id, project_id, event_type, quantity, metadata)\n     VALUES ($1, $2, $3, $4, $5)","duration":168,"error":"relation \"usage_events\" does not exist"}
09:55:16.372 [34mdebug[39m: Metering insert failed (non-fatal) {"service":"nords-server","error":"relation \"usage_events\" does not exist"}
09:55:16.372 [31merror[39m: Query failed
error: relation "usage_events" does not exist
    at /Users/danielcrowder/Desktop/Projects/nords/node_modules/.pnpm/pg-pool@3.13.0_pg@8.20.0/node_modules/pg-pool/index.js:45:11
    at process.processTicksAndRejections (node:internal/process/task_queues:105:5)
    at async query (/Users/danielcrowder/Desktop/Projects/nords/server/src/db.ts:32:17) {"service":"nords-server","text":"INSERT INTO usage_events (account_id, project_id, event_type, quantity, metadata)\n     VALUES ($1, $2, $3, $4, $5)","duration":166,"error":"relation \"usage_events\" does not exist"}
09:55:16.372 [34mdebug[39m: Metering insert failed (non-fatal) {"service":"nords-server","error":"relation \"usage_events\" does not exist"}
09:55:16.375 [31merror[39m: Query failed
error: relation "usage_events" does not exist
    at /Users/danielcrowder/Desktop/Projects/nords/node_modules/.pnpm/pg-pool@3.13.0_pg@8.20.0/node_modules/pg-pool/index.js:45:11
    at process.processTicksAndRejections (node:internal/process/task_queues:105:5)
    at async query (/Users/danielcrowder/Desktop/Projects/nords/server/src/db.ts:32:17) {"service":"nords-server","text":"INSERT INTO usage_events (account_id, project_id, event_type, quantity, metadata)\n     VALUES ($1, $2, $3, $4, $5)","duration":166,"error":"relation \"usage_events\" does not exist"}
09:55:16.375 [34mdebug[39m: Metering insert failed (non-fatal) {"service":"nords-server","error":"relation \"usage_events\" does not exist"}
09:55:16.379 [31merror[39m: Query failed
error: relation "usage_events" does not exist
    at /Users/danielcrowder/Desktop/Projects/nords/node_modules/.pnpm/pg-pool@3.13.0_pg@8.20.0/node_modules/pg-pool/index.js:45:11
    at process.processTicksAndRejections (node:internal/process/task_queues:105:5)
    at async query (/Users/danielcrowder/Desktop/Projects/nords/server/src/db.ts:32:17) {"service":"nords-server","text":"INSERT INTO usage_events (account_id, project_id, event_type, quantity, metadata)\n     VALUES ($1, $2, $3, $4, $5)","duration":168,"error":"relation \"usage_events\" does not exist"}
09:55:16.379 [34mdebug[39m: Metering insert failed (non-fatal) {"service":"nords-server","error":"relation \"usage_events\" does not exist"}
09:55:16.379 [34mdebug[39m: Query executed {"service":"nords-server","text":"\n    UPDATE connections\n    SET distance_x = $1\n    WHERE id = $2 AND deleted_at","duration":173,"rows":1}
09:55:16.379 [32minfo[39m: PUT /api/connections/0d7e4f40-bb4a-4d9c-a12c-f87847d61c14 200 {"service":"nords-server","method":"PUT","path":"/api/connections/0d7e4f40-bb4a-4d9c-a12c-f87847d61c14","status":200,"duration":"173ms","bytes":"401"}
09:55:16.388 [34mdebug[39m: Query executed {"service":"nords-server","text":"\n    UPDATE connections\n    SET distance_x = $1\n    WHERE id = $2 AND deleted_at","duration":177,"rows":1}
09:55:16.388 [32minfo[39m: PUT /api/connections/3014fd3e-65c9-44cd-9164-3007bc2292a7 200 {"service":"nords-server","method":"PUT","path":"/api/connections/3014fd3e-65c9-44cd-9164-3007bc2292a7","status":200,"duration":"177ms","bytes":"401"}
09:55:16.393 [31merror[39m: Query failed
error: relation "usage_events" does not exist
    at /Users/danielcrowder/Desktop/Projects/nords/node_modules/.pnpm/pg-pool@3.13.0_pg@8.20.0/node_modules/pg-pool/index.js:45:11
    at process.processTicksAndRejections (node:internal/process/task_queues:105:5)
    at async query (/Users/danielcrowder/Desktop/Projects/nords/server/src/db.ts:32:17) {"service":"nords-server","text":"INSERT INTO usage_events (account_id, project_id, event_type, quantity, metadata)\n     VALUES ($1, $2, $3, $4, $5)","duration":181,"error":"relation \"usage_events\" does not exist"}
09:55:16.393 [34mdebug[39m: Metering insert failed (non-fatal) {"service":"nords-server","error":"relation \"usage_events\" does not exist"}
09:55:16.394 [31merror[39m: Query failed
error: relation "usage_events" does not exist
    at /Users/danielcrowder/Desktop/Projects/nords/node_modules/.pnpm/pg-pool@3.13.0_pg@8.20.0/node_modules/pg-pool/index.js:45:11
    at process.processTicksAndRejections (node:internal/process/task_queues:105:5)
    at async query (/Users/danielcrowder/Desktop/Projects/nords/server/src/db.ts:32:17) {"service":"nords-server","text":"INSERT INTO usage_events (account_id, project_id, event_type, quantity, metadata)\n     VALUES ($1, $2, $3, $4, $5)","duration":184,"error":"relation \"usage_events\" does not exist"}
09:55:16.394 [34mdebug[39m: Metering insert failed (non-fatal) {"service":"nords-server","error":"relation \"usage_events\" does not exist"}
09:55:16.400 [34mdebug[39m: Query executed {"service":"nords-server","text":"\n    UPDATE connections\n    SET distance_x = $1\n    WHERE id = $2 AND deleted_at","duration":191,"rows":1}
09:55:16.401 [32minfo[39m: PUT /api/connections/039a7272-b5f0-43eb-81c8-40d49aa4baed 200 {"service":"nords-server","method":"PUT","path":"/api/connections/039a7272-b5f0-43eb-81c8-40d49aa4baed","status":200,"duration":"192ms","bytes":"416"}
09:55:16.402 [34mdebug[39m: Query executed {"service":"nords-server","text":"\n    UPDATE connections\n    SET distance_x = $1\n    WHERE id = $2 AND deleted_at","duration":190,"rows":1}
09:55:16.402 [32minfo[39m: PUT /api/connections/bb78af8f-d0bc-4dd7-bdaf-e60d7b665597 200 {"service":"nords-server","method":"PUT","path":"/api/connections/bb78af8f-d0bc-4dd7-bdaf-e60d7b665597","status":200,"duration":"190ms","bytes":"401"}
09:55:16.403 [34mdebug[39m: Query executed {"service":"nords-server","text":"\n    UPDATE connections\n    SET distance_x = $1\n    WHERE id = $2 AND deleted_at","duration":195,"rows":1}
09:55:16.403 [32minfo[39m: PUT /api/connections/0e681187-306f-4ccc-8f97-0e4a33d016a6 200 {"service":"nords-server","method":"PUT","path":"/api/connections/0e681187-306f-4ccc-8f97-0e4a33d016a6","status":200,"duration":"195ms","bytes":"434"}
09:55:18.832 [31merror[39m: Query failed
error: relation "usage_events" does not exist
    at /Users/danielcrowder/Desktop/Projects/nords/node_modules/.pnpm/pg-pool@3.13.0_pg@8.20.0/node_modules/pg-pool/index.js:45:11
    at process.processTicksAndRejections (node:internal/process/task_queues:105:5)
    at async query (/Users/danielcrowder/Desktop/Projects/nords/server/src/db.ts:32:17) {"service":"nords-server","text":"INSERT INTO usage_events (account_id, project_id, event_type, quantity, metadata)\n     VALUES ($1, $2, $3, $4, $5)","duration":36,"error":"relation \"usage_events\" does not exist"}
09:55:18.832 [34mdebug[39m: Metering insert failed (non-fatal) {"service":"nords-server","error":"relation \"usage_events\" does not exist"}
09:55:18.832 [31merror[39m: Query failed
error: relation "usage_events" does not exist
    at /Users/danielcrowder/Desktop/Projects/nords/node_modules/.pnpm/pg-pool@3.13.0_pg@8.20.0/node_modules/pg-pool/index.js:45:11
    at process.processTicksAndRejections (node:internal/process/task_queues:105:5)
    at async query (/Users/danielcrowder/Desktop/Projects/nords/server/src/db.ts:32:17) {"service":"nords-server","text":"INSERT INTO usage_events (account_id, project_id, event_type, quantity, metadata)\n     VALUES ($1, $2, $3, $4, $5)","duration":36,"error":"relation \"usage_events\" does not exist"}
09:55:18.832 [34mdebug[39m: Metering insert failed (non-fatal) {"service":"nords-server","error":"relation \"usage_events\" does not exist"}
09:55:18.832 [31merror[39m: Query failed
error: relation "usage_events" does not exist
    at /Users/danielcrowder/Desktop/Projects/nords/node_modules/.pnpm/pg-pool@3.13.0_pg@8.20.0/node_modules/pg-pool/index.js:45:11
    at process.processTicksAndRejections (node:internal/process/task_queues:105:5)
    at async query (/Users/danielcrowder/Desktop/Projects/nords/server/src/db.ts:32:17) {"service":"nords-server","text":"INSERT INTO usage_events (account_id, project_id, event_type, quantity, metadata)\n     VALUES ($1, $2, $3, $4, $5)","duration":37,"error":"relation \"usage_events\" does not exist"}
09:55:18.832 [34mdebug[39m: Metering insert failed (non-fatal) {"service":"nords-server","error":"relation \"usage_events\" does not exist"}
09:55:18.832 [34mdebug[39m: Query executed {"service":"nords-server","text":"\n    UPDATE connections\n    SET distance_x = $1\n    WHERE id = $2 AND deleted_at","duration":37,"rows":1}
09:55:18.833 [32minfo[39m: PUT /api/connections/878d9318-9691-4500-b153-2fe62c3640a0 200 {"service":"nords-server","method":"PUT","path":"/api/connections/878d9318-9691-4500-b153-2fe62c3640a0","status":200,"duration":"38ms","bytes":"401"}
09:55:18.833 [34mdebug[39m: Query executed {"service":"nords-server","text":"\n    UPDATE connections\n    SET distance_x = $1\n    WHERE id = $2 AND deleted_at","duration":37,"rows":1}
09:55:18.833 [32minfo[39m: PUT /api/connections/f0d80dc7-cb27-4841-aa85-8f63c6fda26b 200 {"service":"nords-server","method":"PUT","path":"/api/connections/f0d80dc7-cb27-4841-aa85-8f63c6fda26b","status":200,"duration":"37ms","bytes":"418"}
09:55:18.833 [34mdebug[39m: Query executed {"service":"nords-server","text":"\n    UPDATE connections\n    SET distance_x = $1\n    WHERE id = $2 AND deleted_at","duration":37,"rows":1}
09:55:18.833 [32minfo[39m: PUT /api/connections/8d39ddee-3638-411f-be60-fd768fa641cf 200 {"service":"nords-server","method":"PUT","path":"/api/connections/8d39ddee-3638-411f-be60-fd768fa641cf","status":200,"duration":"37ms","bytes":"401"}
09:55:18.929 [34mdebug[39m: New client connected to pool {"service":"nords-server"}
09:55:18.933 [34mdebug[39m: New client connected to pool {"service":"nords-server"}
09:55:18.939 [34mdebug[39m: New client connected to pool {"service":"nords-server"}
09:55:18.939 [34mdebug[39m: New client connected to pool {"service":"nords-server"}
09:55:18.959 [31merror[39m: Query failed
error: relation "usage_events" does not exist
    at /Users/danielcrowder/Desktop/Projects/nords/node_modules/.pnpm/pg-pool@3.13.0_pg@8.20.0/node_modules/pg-pool/index.js:45:11
    at process.processTicksAndRejections (node:internal/process/task_queues:105:5)
    at async query (/Users/danielcrowder/Desktop/Projects/nords/server/src/db.ts:32:17) {"service":"nords-server","text":"INSERT INTO usage_events (account_id, project_id, event_type, quantity, metadata)\n     VALUES ($1, $2, $3, $4, $5)","duration":163,"error":"relation \"usage_events\" does not exist"}
09:55:18.960 [34mdebug[39m: Metering insert failed (non-fatal) {"service":"nords-server","error":"relation \"usage_events\" does not exist"}
09:55:18.973 [31merror[39m: Query failed
error: relation "usage_events" does not exist
    at /Users/danielcrowder/Desktop/Projects/nords/node_modules/.pnpm/pg-pool@3.13.0_pg@8.20.0/node_modules/pg-pool/index.js:45:11
    at process.processTicksAndRejections (node:internal/process/task_queues:105:5)
    at async query (/Users/danielcrowder/Desktop/Projects/nords/server/src/db.ts:32:17) {"service":"nords-server","text":"INSERT INTO usage_events (account_id, project_id, event_type, quantity, metadata)\n     VALUES ($1, $2, $3, $4, $5)","duration":168,"error":"relation \"usage_events\" does not exist"}
09:55:18.973 [34mdebug[39m: Metering insert failed (non-fatal) {"service":"nords-server","error":"relation \"usage_events\" does not exist"}
09:55:18.973 [34mdebug[39m: Query executed {"service":"nords-server","text":"\n    UPDATE connections\n    SET distance_x = $1\n    WHERE id = $2 AND deleted_at","duration":177,"rows":1}
09:55:18.974 [32minfo[39m: PUT /api/connections/a0cc1f6b-a9d2-4be4-a0be-a97202139915 200 {"service":"nords-server","method":"PUT","path":"/api/connections/a0cc1f6b-a9d2-4be4-a0be-a97202139915","status":200,"duration":"178ms","bytes":"401"}
09:55:18.974 [34mdebug[39m: Query executed {"service":"nords-server","text":"\n    UPDATE connections\n    SET distance_x = $1\n    WHERE id = $2 AND deleted_at","duration":177,"rows":1}
09:55:18.974 [32minfo[39m: PUT /api/connections/23a7b110-9948-413a-96d7-0a41cc431116 200 {"service":"nords-server","method":"PUT","path":"/api/connections/23a7b110-9948-413a-96d7-0a41cc431116","status":200,"duration":"177ms","bytes":"401"}
09:55:21.343 [31merror[39m: Query failed
error: relation "usage_events" does not exist
    at /Users/danielcrowder/Desktop/Projects/nords/node_modules/.pnpm/pg-pool@3.13.0_pg@8.20.0/node_modules/pg-pool/index.js:45:11
    at process.processTicksAndRejections (node:internal/process/task_queues:105:5)
    at async query (/Users/danielcrowder/Desktop/Projects/nords/server/src/db.ts:32:17) {"service":"nords-server","text":"INSERT INTO usage_events (account_id, project_id, event_type, quantity, metadata)\n     VALUES ($1, $2, $3, $4, $5)","duration":36,"error":"relation \"usage_events\" does not exist"}
09:55:21.344 [34mdebug[39m: Metering insert failed (non-fatal) {"service":"nords-server","error":"relation \"usage_events\" does not exist"}
09:55:21.345 [31merror[39m: Query failed
error: relation "usage_events" does not exist
    at /Users/danielcrowder/Desktop/Projects/nords/node_modules/.pnpm/pg-pool@3.13.0_pg@8.20.0/node_modules/pg-pool/index.js:45:11
    at process.processTicksAndRejections (node:internal/process/task_queues:105:5)
    at async query (/Users/danielcrowder/Desktop/Projects/nords/server/src/db.ts:32:17) {"service":"nords-server","text":"INSERT INTO usage_events (account_id, project_id, event_type, quantity, metadata)\n     VALUES ($1, $2, $3, $4, $5)","duration":38,"error":"relation \"usage_events\" does not exist"}
09:55:21.345 [34mdebug[39m: Metering insert failed (non-fatal) {"service":"nords-server","error":"relation \"usage_events\" does not exist"}
09:55:21.347 [31merror[39m: Query failed
error: relation "usage_events" does not exist
    at /Users/danielcrowder/Desktop/Projects/nords/node_modules/.pnpm/pg-pool@3.13.0_pg@8.20.0/node_modules/pg-pool/index.js:45:11
    at process.processTicksAndRejections (node:internal/process/task_queues:105:5)
    at async query (/Users/danielcrowder/Desktop/Projects/nords/server/src/db.ts:32:17) {"service":"nords-server","text":"INSERT INTO usage_events (account_id, project_id, event_type, quantity, metadata)\n     VALUES ($1, $2, $3, $4, $5)","duration":38,"error":"relation \"usage_events\" does not exist"}
09:55:21.347 [34mdebug[39m: Metering insert failed (non-fatal) {"service":"nords-server","error":"relation \"usage_events\" does not exist"}
09:55:21.347 [34mdebug[39m: Query executed {"service":"nords-server","text":"SELECT * FROM projects WHERE id = $1 AND deleted_at IS NULL","duration":41,"rows":1}
09:55:21.348 [32minfo[39m: GET /api/projects/5413fc94-3245-4153-9641-b9d025367e1d 304 {"service":"nords-server","method":"GET","path":"/api/projects/5413fc94-3245-4153-9641-b9d025367e1d","status":304,"duration":"42ms"}
09:55:21.349 [34mdebug[39m: Query executed {"service":"nords-server","text":"SELECT * FROM personas WHERE project_id = $1 AND deleted_at IS NULL ORDER BY sor","duration":41,"rows":2}
09:55:21.383 [34mdebug[39m: Query executed {"service":"nords-server","text":"SELECT * FROM persona_mental_models WHERE persona_id = ANY($1) ORDER BY sort_ord","duration":34,"rows":2}
09:55:21.423 [34mdebug[39m: Query executed {"service":"nords-server","text":"SELECT * FROM persona_category_weights WHERE persona_id = ANY($1)","duration":40,"rows":12}
09:55:21.423 [32minfo[39m: GET /api/projects/5413fc94-3245-4153-9641-b9d025367e1d/personas 304 {"service":"nords-server","method":"GET","path":"/api/projects/5413fc94-3245-4153-9641-b9d025367e1d/personas","status":304,"duration":"116ms"}
09:55:21.448 [34mdebug[39m: New client connected to pool {"service":"nords-server"}
09:55:21.627 [34mdebug[39m: Query executed {"service":"nords-server","text":"SELECT fn_load_project_graph($1) AS fn_load_project_graph","duration":318,"rows":1}
09:55:21.628 [32minfo[39m: GET /api/projects/5413fc94-3245-4153-9641-b9d025367e1d/graph 200 {"service":"nords-server","method":"GET","path":"/api/projects/5413fc94-3245-4153-9641-b9d025367e1d/graph","status":200,"duration":"320ms","bytes":"140580"}
09:55:33.454 [34mdebug[39m: New client connected to pool {"service":"nords-server"}
09:55:33.461 [34mdebug[39m: New client connected to pool {"service":"nords-server"}
09:55:33.462 [34mdebug[39m: New client connected to pool {"service":"nords-server"}
09:55:33.462 [34mdebug[39m: New client connected to pool {"service":"nords-server"}
09:55:33.463 [34mdebug[39m: New client connected to pool {"service":"nords-server"}
09:55:33.485 [31merror[39m: Query failed
error: relation "usage_events" does not exist
    at /Users/danielcrowder/Desktop/Projects/nords/node_modules/.pnpm/pg-pool@3.13.0_pg@8.20.0/node_modules/pg-pool/index.js:45:11
    at process.processTicksAndRejections (node:internal/process/task_queues:105:5)
    at async query (/Users/danielcrowder/Desktop/Projects/nords/server/src/db.ts:32:17) {"service":"nords-server","text":"INSERT INTO usage_events (account_id, project_id, event_type, quantity, metadata)\n     VALUES ($1, $2, $3, $4, $5)","duration":170,"error":"relation \"usage_events\" does not exist"}
09:55:33.486 [34mdebug[39m: Metering insert failed (non-fatal) {"service":"nords-server","error":"relation \"usage_events\" does not exist"}
09:55:33.494 [34mdebug[39m: Query executed {"service":"nords-server","text":"SELECT * FROM projects WHERE id = $1 AND deleted_at IS NULL","duration":181,"rows":1}
09:55:33.495 [32minfo[39m: GET /api/projects/5413fc94-3245-4153-9641-b9d025367e1d 304 {"service":"nords-server","method":"GET","path":"/api/projects/5413fc94-3245-4153-9641-b9d025367e1d","status":304,"duration":"182ms"}
09:55:33.495 [31merror[39m: Query failed
error: relation "usage_events" does not exist
    at /Users/danielcrowder/Desktop/Projects/nords/node_modules/.pnpm/pg-pool@3.13.0_pg@8.20.0/node_modules/pg-pool/index.js:45:11
    at process.processTicksAndRejections (node:internal/process/task_queues:105:5)
    at async query (/Users/danielcrowder/Desktop/Projects/nords/server/src/db.ts:32:17) {"service":"nords-server","text":"INSERT INTO usage_events (account_id, project_id, event_type, quantity, metadata)\n     VALUES ($1, $2, $3, $4, $5)","duration":182,"error":"relation \"usage_events\" does not exist"}
09:55:33.495 [34mdebug[39m: Metering insert failed (non-fatal) {"service":"nords-server","error":"relation \"usage_events\" does not exist"}
09:55:33.500 [34mdebug[39m: Query executed {"service":"nords-server","text":"SELECT * FROM nord_types\n       WHERE project_id = $1 AND deleted_at IS NULL\n   ","duration":184,"rows":10}
09:55:33.501 [34mdebug[39m: Query executed {"service":"nords-server","text":"SELECT * FROM connection_types\n       WHERE project_id = $1 AND deleted_at IS NU","duration":185,"rows":6}
09:55:33.501 [32minfo[39m: GET /api/projects/5413fc94-3245-4153-9641-b9d025367e1d/types 304 {"service":"nords-server","method":"GET","path":"/api/projects/5413fc94-3245-4153-9641-b9d025367e1d/types","status":304,"duration":"186ms"}
09:55:33.525 [31merror[39m: Query failed
error: relation "usage_events" does not exist
    at /Users/danielcrowder/Desktop/Projects/nords/node_modules/.pnpm/pg-pool@3.13.0_pg@8.20.0/node_modules/pg-pool/index.js:45:11
    at process.processTicksAndRejections (node:internal/process/task_queues:105:5)
    at async query (/Users/danielcrowder/Desktop/Projects/nords/server/src/db.ts:32:17) {"service":"nords-server","text":"INSERT INTO usage_events (account_id, project_id, event_type, quantity, metadata)\n     VALUES ($1, $2, $3, $4, $5)","duration":29,"error":"relation \"usage_events\" does not exist"}
09:55:33.525 [34mdebug[39m: Metering insert failed (non-fatal) {"service":"nords-server","error":"relation \"usage_events\" does not exist"}
09:55:33.531 [31merror[39m: Query failed
error: relation "usage_events" does not exist
    at /Users/danielcrowder/Desktop/Projects/nords/node_modules/.pnpm/pg-pool@3.13.0_pg@8.20.0/node_modules/pg-pool/index.js:45:11
    at process.processTicksAndRejections (node:internal/process/task_queues:105:5)
    at async query (/Users/danielcrowder/Desktop/Projects/nords/server/src/db.ts:32:17) {"service":"nords-server","text":"INSERT INTO usage_events (account_id, project_id, event_type, quantity, metadata)\n     VALUES ($1, $2, $3, $4, $5)","duration":29,"error":"relation \"usage_events\" does not exist"}
09:55:33.532 [34mdebug[39m: Metering insert failed (non-fatal) {"service":"nords-server","error":"relation \"usage_events\" does not exist"}
09:55:33.536 [34mdebug[39m: Query executed {"service":"nords-server","text":"SELECT * FROM nord_types\n       WHERE project_id = $1 AND deleted_at IS NULL\n   ","duration":34,"rows":10}
09:55:33.625 [34mdebug[39m: New client connected to pool {"service":"nords-server"}
09:55:33.629 [34mdebug[39m: New client connected to pool {"service":"nords-server"}
09:55:33.657 [34mdebug[39m: Query executed {"service":"nords-server","text":"SELECT * FROM projects WHERE id = $1 AND deleted_at IS NULL","duration":161,"rows":1}
09:55:33.657 [32minfo[39m: GET /api/projects/5413fc94-3245-4153-9641-b9d025367e1d 304 {"service":"nords-server","method":"GET","path":"/api/projects/5413fc94-3245-4153-9641-b9d025367e1d","status":304,"duration":"161ms"}
09:55:33.667 [34mdebug[39m: Query executed {"service":"nords-server","text":"SELECT * FROM connection_types\n       WHERE project_id = $1 AND deleted_at IS NU","duration":165,"rows":6}
09:55:33.667 [32minfo[39m: GET /api/projects/5413fc94-3245-4153-9641-b9d025367e1d/types 304 {"service":"nords-server","method":"GET","path":"/api/projects/5413fc94-3245-4153-9641-b9d025367e1d/types","status":304,"duration":"165ms"}
11:36:21.440 [34mdebug[39m: New client connected to pool {"service":"nords-server"}
11:36:21.441 [34mdebug[39m: New client connected to pool {"service":"nords-server"}
11:36:21.442 [34mdebug[39m: New client connected to pool {"service":"nords-server"}
11:36:21.449 [34mdebug[39m: New client connected to pool {"service":"nords-server"}
11:36:21.453 [34mdebug[39m: New client connected to pool {"service":"nords-server"}
11:36:21.454 [34mdebug[39m: New client connected to pool {"service":"nords-server"}
11:36:21.455 [34mdebug[39m: New client connected to pool {"service":"nords-server"}
11:36:21.455 [34mdebug[39m: New client connected to pool {"service":"nords-server"}
11:36:21.473 [31merror[39m: Query failed
error: relation "usage_events" does not exist
    at /Users/danielcrowder/Desktop/Projects/nords/node_modules/.pnpm/pg-pool@3.13.0_pg@8.20.0/node_modules/pg-pool/index.js:45:11
    at process.processTicksAndRejections (node:internal/process/task_queues:105:5)
    at async query (/Users/danielcrowder/Desktop/Projects/nords/server/src/db.ts:32:17) {"service":"nords-server","text":"INSERT INTO usage_events (account_id, project_id, event_type, quantity, metadata)\n     VALUES ($1, $2, $3, $4, $5)","duration":166,"error":"relation \"usage_events\" does not exist"}
11:36:21.473 [34mdebug[39m: Metering insert failed (non-fatal) {"service":"nords-server","error":"relation \"usage_events\" does not exist"}
11:36:21.474 [31merror[39m: Query failed
error: relation "usage_events" does not exist
    at /Users/danielcrowder/Desktop/Projects/nords/node_modules/.pnpm/pg-pool@3.13.0_pg@8.20.0/node_modules/pg-pool/index.js:45:11
    at process.processTicksAndRejections (node:internal/process/task_queues:105:5)
    at async query (/Users/danielcrowder/Desktop/Projects/nords/server/src/db.ts:32:17) {"service":"nords-server","text":"INSERT INTO usage_events (account_id, project_id, event_type, quantity, metadata)\n     VALUES ($1, $2, $3, $4, $5)","duration":171,"error":"relation \"usage_events\" does not exist"}
11:36:21.474 [34mdebug[39m: Metering insert failed (non-fatal) {"service":"nords-server","error":"relation \"usage_events\" does not exist"}
11:36:21.480 [31merror[39m: Query failed
error: relation "usage_events" does not exist
    at /Users/danielcrowder/Desktop/Projects/nords/node_modules/.pnpm/pg-pool@3.13.0_pg@8.20.0/node_modules/pg-pool/index.js:45:11
    at process.processTicksAndRejections (node:internal/process/task_queues:105:5)
    at async query (/Users/danielcrowder/Desktop/Projects/nords/server/src/db.ts:32:17) {"service":"nords-server","text":"INSERT INTO usage_events (account_id, project_id, event_type, quantity, metadata)\n     VALUES ($1, $2, $3, $4, $5)","duration":172,"error":"relation \"usage_events\" does not exist"}
11:36:21.480 [34mdebug[39m: Metering insert failed (non-fatal) {"service":"nords-server","error":"relation \"usage_events\" does not exist"}
11:36:21.500 [31merror[39m: Query failed
error: relation "usage_events" does not exist
    at /Users/danielcrowder/Desktop/Projects/nords/node_modules/.pnpm/pg-pool@3.13.0_pg@8.20.0/node_modules/pg-pool/index.js:45:11
    at process.processTicksAndRejections (node:internal/process/task_queues:105:5)
    at async query (/Users/danielcrowder/Desktop/Projects/nords/server/src/db.ts:32:17) {"service":"nords-server","text":"INSERT INTO usage_events (account_id, project_id, event_type, quantity, metadata)\n     VALUES ($1, $2, $3, $4, $5)","duration":195,"error":"relation \"usage_events\" does not exist"}
11:36:21.500 [34mdebug[39m: Metering insert failed (non-fatal) {"service":"nords-server","error":"relation \"usage_events\" does not exist"}
11:36:21.522 [34mdebug[39m: Query executed {"service":"nords-server","text":"\n    UPDATE connections\n    SET distance_x = $1\n    WHERE id = $2 AND deleted_at","duration":217,"rows":1}
11:36:21.522 [32minfo[39m: PUT /api/connections/71a8f603-438f-4973-96b2-0c917747fb68 200 {"service":"nords-server","method":"PUT","path":"/api/connections/71a8f603-438f-4973-96b2-0c917747fb68","status":200,"duration":"217ms","bytes":"418"}
11:36:21.528 [34mdebug[39m: Query executed {"service":"nords-server","text":"\n    UPDATE connections\n    SET distance_x = $1\n    WHERE id = $2 AND deleted_at","duration":219,"rows":1}
11:36:21.528 [32minfo[39m: PUT /api/connections/fe2c20a5-35fa-4aa3-8507-d00298ce3fe1 200 {"service":"nords-server","method":"PUT","path":"/api/connections/fe2c20a5-35fa-4aa3-8507-d00298ce3fe1","status":200,"duration":"220ms","bytes":"418"}
11:36:21.528 [34mdebug[39m: Query executed {"service":"nords-server","text":"\n    UPDATE connections\n    SET distance_x = $1\n    WHERE id = $2 AND deleted_at","duration":221,"rows":1}
11:36:21.528 [32minfo[39m: PUT /api/connections/1413d4e4-e756-4054-9786-7da8a1287512 200 {"service":"nords-server","method":"PUT","path":"/api/connections/1413d4e4-e756-4054-9786-7da8a1287512","status":200,"duration":"221ms","bytes":"418"}
11:36:21.529 [34mdebug[39m: Query executed {"service":"nords-server","text":"\n    UPDATE connections\n    SET distance_x = $1\n    WHERE id = $2 AND deleted_at","duration":225,"rows":1}
11:36:21.529 [32minfo[39m: PUT /api/connections/3e2880e2-b80e-4bd3-af35-043cf7ccb7a0 200 {"service":"nords-server","method":"PUT","path":"/api/connections/3e2880e2-b80e-4bd3-af35-043cf7ccb7a0","status":200,"duration":"226ms","bytes":"401"}
11:36:43.004 [34mdebug[39m: New client connected to pool {"service":"nords-server"}
11:36:43.006 [34mdebug[39m: New client connected to pool {"service":"nords-server"}
11:36:43.007 [34mdebug[39m: New client connected to pool {"service":"nords-server"}
11:36:43.008 [34mdebug[39m: New client connected to pool {"service":"nords-server"}
11:36:43.012 [34mdebug[39m: New client connected to pool {"service":"nords-server"}
11:36:43.013 [34mdebug[39m: New client connected to pool {"service":"nords-server"}
11:36:43.039 [31merror[39m: Query failed
error: relation "usage_events" does not exist
    at /Users/danielcrowder/Desktop/Projects/nords/node_modules/.pnpm/pg-pool@3.13.0_pg@8.20.0/node_modules/pg-pool/index.js:45:11
    at process.processTicksAndRejections (node:internal/process/task_queues:105:5)
    at async query (/Users/danielcrowder/Desktop/Projects/nords/server/src/db.ts:32:17) {"service":"nords-server","text":"INSERT INTO usage_events (account_id, project_id, event_type, quantity, metadata)\n     VALUES ($1, $2, $3, $4, $5)","duration":175,"error":"relation \"usage_events\" does not exist"}
11:36:43.040 [34mdebug[39m: Metering insert failed (non-fatal) {"service":"nords-server","error":"relation \"usage_events\" does not exist"}
11:36:43.040 [31merror[39m: Query failed
error: relation "usage_events" does not exist
    at /Users/danielcrowder/Desktop/Projects/nords/node_modules/.pnpm/pg-pool@3.13.0_pg@8.20.0/node_modules/pg-pool/index.js:45:11
    at process.processTicksAndRejections (node:internal/process/task_queues:105:5)
    at async query (/Users/danielcrowder/Desktop/Projects/nords/server/src/db.ts:32:17) {"service":"nords-server","text":"INSERT INTO usage_events (account_id, project_id, event_type, quantity, metadata)\n     VALUES ($1, $2, $3, $4, $5)","duration":174,"error":"relation \"usage_events\" does not exist"}
11:36:43.040 [34mdebug[39m: Metering insert failed (non-fatal) {"service":"nords-server","error":"relation \"usage_events\" does not exist"}
11:36:43.040 [34mdebug[39m: Query executed {"service":"nords-server","text":"\n    UPDATE connections\n    SET distance_x = $1\n    WHERE id = $2 AND deleted_at","duration":177,"rows":1}
11:36:43.040 [32minfo[39m: PUT /api/connections/0ca4be0b-bda5-40a0-b833-18f6cfc7cc80 200 {"service":"nords-server","method":"PUT","path":"/api/connections/0ca4be0b-bda5-40a0-b833-18f6cfc7cc80","status":200,"duration":"177ms","bytes":"398"}
11:36:43.042 [34mdebug[39m: Query executed {"service":"nords-server","text":"\n    UPDATE connections\n    SET distance_x = $1\n    WHERE id = $2 AND deleted_at","duration":177,"rows":1}
11:36:43.042 [32minfo[39m: PUT /api/connections/91a17c83-39a4-43c2-933a-3014474e282e 200 {"service":"nords-server","method":"PUT","path":"/api/connections/91a17c83-39a4-43c2-933a-3014474e282e","status":200,"duration":"178ms","bytes":"401"}
11:36:43.045 [31merror[39m: Query failed
error: relation "usage_events" does not exist
    at /Users/danielcrowder/Desktop/Projects/nords/node_modules/.pnpm/pg-pool@3.13.0_pg@8.20.0/node_modules/pg-pool/index.js:45:11
    at process.processTicksAndRejections (node:internal/process/task_queues:105:5)
    at async query (/Users/danielcrowder/Desktop/Projects/nords/server/src/db.ts:32:17) {"service":"nords-server","text":"INSERT INTO usage_events (account_id, project_id, event_type, quantity, metadata)\n     VALUES ($1, $2, $3, $4, $5)","duration":182,"error":"relation \"usage_events\" does not exist"}
11:36:43.045 [34mdebug[39m: Metering insert failed (non-fatal) {"service":"nords-server","error":"relation \"usage_events\" does not exist"}
11:36:43.047 [34mdebug[39m: Query executed {"service":"nords-server","text":"\n    UPDATE connections\n    SET distance_x = $1\n    WHERE id = $2 AND deleted_at","duration":181,"rows":1}
11:36:43.048 [32minfo[39m: PUT /api/connections/6f30749b-e2a7-4013-9203-a1fabb1293eb 200 {"service":"nords-server","method":"PUT","path":"/api/connections/6f30749b-e2a7-4013-9203-a1fabb1293eb","status":200,"duration":"182ms","bytes":"401"}
12:19:10.232 [33mwarn[39m: No Firebase config found. Auth middleware will run in PASSTHROUGH mode. {"service":"nords-server"}
12:19:10.232 [33mwarn[39m: No Firebase config found. Auth middleware will run in PASSTHROUGH mode. {"service":"nords-server"}
12:19:10.235 [32minfo[39m: Nords API listening on port 3000 {"service":"nords-server"}
12:19:10.235 [32minfo[39m: Swagger UI available at http://localhost:3000/api-docs {"service":"nords-server"}
12:19:10.235 [32minfo[39m: Nords API listening on port 3000 {"service":"nords-server"}
12:19:10.235 [32minfo[39m: Swagger UI available at http://localhost:3000/api-docs {"service":"nords-server"}
12:19:10.233 [33mwarn[39m: No Firebase config found. Auth middleware will run in PASSTHROUGH mode. {"service":"nords-server"}
12:19:10.236 [32minfo[39m: Nords API listening on port 3000 {"service":"nords-server"}
12:19:10.236 [32minfo[39m: Swagger UI available at http://localhost:3000/api-docs {"service":"nords-server"}
12:19:25.233 [33mwarn[39m: No Firebase config found. Auth middleware will run in PASSTHROUGH mode. {"service":"nords-server"}
12:19:25.237 [32minfo[39m: Nords API listening on port 3000 {"service":"nords-server"}
12:19:25.237 [32minfo[39m: Swagger UI available at http://localhost:3000/api-docs {"service":"nords-server"}
12:19:25.236 [33mwarn[39m: No Firebase config found. Auth middleware will run in PASSTHROUGH mode. {"service":"nords-server"}
12:19:25.239 [32minfo[39m: Nords API listening on port 3000 {"service":"nords-server"}
12:19:25.239 [32minfo[39m: Swagger UI available at http://localhost:3000/api-docs {"service":"nords-server"}
12:19:25.237 [33mwarn[39m: No Firebase config found. Auth middleware will run in PASSTHROUGH mode. {"service":"nords-server"}
12:19:25.240 [32minfo[39m: Nords API listening on port 3000 {"service":"nords-server"}
12:19:25.240 [32minfo[39m: Swagger UI available at http://localhost:3000/api-docs {"service":"nords-server"}
12:19:36.778 [34mdebug[39m: New client connected to pool {"service":"nords-server"}
12:19:36.779 [34mdebug[39m: New client connected to pool {"service":"nords-server"}
12:19:36.780 [34mdebug[39m: New client connected to pool {"service":"nords-server"}
12:19:36.781 [34mdebug[39m: New client connected to pool {"service":"nords-server"}
12:19:36.810 [31merror[39m: Query failed
error: relation "usage_events" does not exist
    at /Users/danielcrowder/Desktop/Projects/nords/node_modules/.pnpm/pg-pool@3.13.0_pg@8.20.0/node_modules/pg-pool/index.js:45:11
    at process.processTicksAndRejections (node:internal/process/task_queues:105:5)
    at async query (/Users/danielcrowder/Desktop/Projects/nords/server/src/db.ts:32:17) {"service":"nords-server","text":"INSERT INTO usage_events (account_id, project_id, event_type, quantity, metadata)\n     VALUES ($1, $2, $3, $4, $5)","duration":168,"error":"relation \"usage_events\" does not exist"}
12:19:36.810 [34mdebug[39m: Metering insert failed (non-fatal) {"service":"nords-server","error":"relation \"usage_events\" does not exist"}
12:19:36.811 [31merror[39m: Query failed
error: relation "usage_events" does not exist
    at /Users/danielcrowder/Desktop/Projects/nords/node_modules/.pnpm/pg-pool@3.13.0_pg@8.20.0/node_modules/pg-pool/index.js:45:11
    at process.processTicksAndRejections (node:internal/process/task_queues:105:5)
    at async query (/Users/danielcrowder/Desktop/Projects/nords/server/src/db.ts:32:17) {"service":"nords-server","text":"INSERT INTO usage_events (account_id, project_id, event_type, quantity, metadata)\n     VALUES ($1, $2, $3, $4, $5)","duration":168,"error":"relation \"usage_events\" does not exist"}
12:19:36.811 [34mdebug[39m: Metering insert failed (non-fatal) {"service":"nords-server","error":"relation \"usage_events\" does not exist"}
12:19:36.817 [34mdebug[39m: Query executed {"service":"nords-server","text":"SELECT * FROM personas WHERE project_id = $1 AND deleted_at IS NULL ORDER BY sor","duration":175,"rows":2}
12:19:36.849 [34mdebug[39m: Query executed {"service":"nords-server","text":"SELECT * FROM persona_mental_models WHERE persona_id = ANY($1) ORDER BY sort_ord","duration":31,"rows":2}
12:19:36.882 [34mdebug[39m: Query executed {"service":"nords-server","text":"SELECT * FROM persona_category_weights WHERE persona_id = ANY($1)","duration":33,"rows":12}
12:19:36.883 [32minfo[39m: GET /api/projects/5413fc94-3245-4153-9641-b9d025367e1d/personas 304 {"service":"nords-server","method":"GET","path":"/api/projects/5413fc94-3245-4153-9641-b9d025367e1d/personas","status":304,"duration":"242ms"}
12:19:36.913 [31merror[39m: Query failed
error: relation "usage_events" does not exist
    at /Users/danielcrowder/Desktop/Projects/nords/node_modules/.pnpm/pg-pool@3.13.0_pg@8.20.0/node_modules/pg-pool/index.js:45:11
    at process.processTicksAndRejections (node:internal/process/task_queues:105:5)
    at async query (/Users/danielcrowder/Desktop/Projects/nords/server/src/db.ts:32:17) {"service":"nords-server","text":"INSERT INTO usage_events (account_id, project_id, event_type, quantity, metadata)\n     VALUES ($1, $2, $3, $4, $5)","duration":29,"error":"relation \"usage_events\" does not exist"}
12:19:36.914 [34mdebug[39m: Metering insert failed (non-fatal) {"service":"nords-server","error":"relation \"usage_events\" does not exist"}
12:19:36.936 [34mdebug[39m: Query executed {"service":"nords-server","text":"SELECT fn_load_project_graph($1) AS fn_load_project_graph","duration":292,"rows":1}
12:19:36.937 [32minfo[39m: GET /api/projects/5413fc94-3245-4153-9641-b9d025367e1d/graph 200 {"service":"nords-server","method":"GET","path":"/api/projects/5413fc94-3245-4153-9641-b9d025367e1d/graph","status":200,"duration":"294ms","bytes":"140572"}
12:19:37.009 [34mdebug[39m: New client connected to pool {"service":"nords-server"}
12:19:37.041 [34mdebug[39m: Query executed {"service":"nords-server","text":"SELECT * FROM personas WHERE project_id = $1 AND deleted_at IS NULL ORDER BY sor","duration":156,"rows":2}
12:19:37.070 [34mdebug[39m: Query executed {"service":"nords-server","text":"SELECT * FROM persona_mental_models WHERE persona_id = ANY($1) ORDER BY sort_ord","duration":28,"rows":2}
12:19:37.101 [34mdebug[39m: Query executed {"service":"nords-server","text":"SELECT * FROM persona_category_weights WHERE persona_id = ANY($1)","duration":30,"rows":12}
12:19:37.101 [32minfo[39m: GET /api/projects/5413fc94-3245-4153-9641-b9d025367e1d/personas 304 {"service":"nords-server","method":"GET","path":"/api/projects/5413fc94-3245-4153-9641-b9d025367e1d/personas","status":304,"duration":"217ms"}
12:19:54.863 [34mdebug[39m: New client connected to pool {"service":"nords-server"}
12:19:54.864 [34mdebug[39m: New client connected to pool {"service":"nords-server"}
12:19:54.895 [31merror[39m: Query failed
error: relation "usage_events" does not exist
    at /Users/danielcrowder/Desktop/Projects/nords/node_modules/.pnpm/pg-pool@3.13.0_pg@8.20.0/node_modules/pg-pool/index.js:45:11
    at process.processTicksAndRejections (node:internal/process/task_queues:105:5)
    at async query (/Users/danielcrowder/Desktop/Projects/nords/server/src/db.ts:32:17) {"service":"nords-server","text":"INSERT INTO usage_events (account_id, project_id, event_type, quantity, metadata)\n     VALUES ($1, $2, $3, $4, $5)","duration":173,"error":"relation \"usage_events\" does not exist"}
12:19:54.895 [34mdebug[39m: Metering insert failed (non-fatal) {"service":"nords-server","error":"relation \"usage_events\" does not exist"}
12:19:54.897 [34mdebug[39m: Query executed {"service":"nords-server","text":"SELECT * FROM personas WHERE project_id = $1 AND deleted_at IS NULL ORDER BY sor","duration":174,"rows":2}
12:19:54.930 [34mdebug[39m: Query executed {"service":"nords-server","text":"SELECT * FROM persona_mental_models WHERE persona_id = ANY($1) ORDER BY sort_ord","duration":32,"rows":2}
12:19:54.963 [34mdebug[39m: Query executed {"service":"nords-server","text":"SELECT * FROM persona_category_weights WHERE persona_id = ANY($1)","duration":33,"rows":12}
12:19:54.963 [32minfo[39m: GET /api/projects/5413fc94-3245-4153-9641-b9d025367e1d/personas 304 {"service":"nords-server","method":"GET","path":"/api/projects/5413fc94-3245-4153-9641-b9d025367e1d/personas","status":304,"duration":"241ms"}
12:20:04.444 [33mwarn[39m: Auth bypassed: dev mode (VITE_SKIP_AUTH or demo-api-key) {"service":"nords-client","clientTimestamp":"2026-05-13T16:19:36.450Z","userId":"dev-user-000"}
12:20:04.444 [33mwarn[39m: Auth bypassed: dev mode (VITE_SKIP_AUTH or demo-api-key) {"service":"nords-client","clientTimestamp":"2026-05-13T16:19:36.451Z","userId":"dev-user-000"}
12:20:04.446 [32minfo[39m: POST /api/logs 200 {"service":"nords-server","method":"POST","path":"/api/logs","status":200,"duration":"2ms","bytes":"14"}
12:20:04.478 [31merror[39m: Query failed
error: relation "usage_events" does not exist
    at /Users/danielcrowder/Desktop/Projects/nords/node_modules/.pnpm/pg-pool@3.13.0_pg@8.20.0/node_modules/pg-pool/index.js:45:11
    at process.processTicksAndRejections (node:internal/process/task_queues:105:5)
    at async query (/Users/danielcrowder/Desktop/Projects/nords/server/src/db.ts:32:17) {"service":"nords-server","text":"INSERT INTO usage_events (account_id, project_id, event_type, quantity, metadata)\n     VALUES ($1, $2, $3, $4, $5)","duration":34,"error":"relation \"usage_events\" does not exist"}
12:20:04.478 [34mdebug[39m: Metering insert failed (non-fatal) {"service":"nords-server","error":"relation \"usage_events\" does not exist"}
13:32:57.026 [33mwarn[39m: No Firebase config found. Auth middleware will run in PASSTHROUGH mode. {"service":"nords-server"}
13:32:57.026 [33mwarn[39m: No Firebase config found. Auth middleware will run in PASSTHROUGH mode. {"service":"nords-server"}
13:32:57.026 [33mwarn[39m: No Firebase config found. Auth middleware will run in PASSTHROUGH mode. {"service":"nords-server"}
13:32:57.029 [32minfo[39m: Nords API listening on port 3000 {"service":"nords-server"}
13:32:57.030 [32minfo[39m: Swagger UI available at http://localhost:3000/api-docs {"service":"nords-server"}
13:32:57.029 [32minfo[39m: Nords API listening on port 3000 {"service":"nords-server"}
13:32:57.030 [32minfo[39m: Swagger UI available at http://localhost:3000/api-docs {"service":"nords-server"}
13:32:57.029 [32minfo[39m: Nords API listening on port 3000 {"service":"nords-server"}
13:32:57.030 [32minfo[39m: Swagger UI available at http://localhost:3000/api-docs {"service":"nords-server"}
13:33:11.298 [33mwarn[39m: No Firebase config found. Auth middleware will run in PASSTHROUGH mode. {"service":"nords-server"}
13:33:11.298 [33mwarn[39m: No Firebase config found. Auth middleware will run in PASSTHROUGH mode. {"service":"nords-server"}
13:33:11.301 [32minfo[39m: Nords API listening on port 3000 {"service":"nords-server"}
13:33:11.302 [32minfo[39m: Swagger UI available at http://localhost:3000/api-docs {"service":"nords-server"}
13:33:11.301 [32minfo[39m: Nords API listening on port 3000 {"service":"nords-server"}
13:33:11.302 [32minfo[39m: Swagger UI available at http://localhost:3000/api-docs {"service":"nords-server"}
13:33:11.299 [33mwarn[39m: No Firebase config found. Auth middleware will run in PASSTHROUGH mode. {"service":"nords-server"}
13:33:11.302 [32minfo[39m: Nords API listening on port 3000 {"service":"nords-server"}
13:33:11.302 [32minfo[39m: Swagger UI available at http://localhost:3000/api-docs {"service":"nords-server"}
13:34:22.444 [33mwarn[39m: No Firebase config found. Auth middleware will run in PASSTHROUGH mode. {"service":"nords-server"}
13:34:22.447 [32minfo[39m: Nords API listening on port 3000 {"service":"nords-server"}
13:34:22.448 [32minfo[39m: Swagger UI available at http://localhost:3000/api-docs {"service":"nords-server"}
13:34:22.446 [33mwarn[39m: No Firebase config found. Auth middleware will run in PASSTHROUGH mode. {"service":"nords-server"}
13:34:22.450 [32minfo[39m: Nords API listening on port 3000 {"service":"nords-server"}
13:34:22.450 [32minfo[39m: Swagger UI available at http://localhost:3000/api-docs {"service":"nords-server"}
13:34:22.447 [33mwarn[39m: No Firebase config found. Auth middleware will run in PASSTHROUGH mode. {"service":"nords-server"}
13:34:22.450 [32minfo[39m: Nords API listening on port 3000 {"service":"nords-server"}
13:34:22.451 [32minfo[39m: Swagger UI available at http://localhost:3000/api-docs {"service":"nords-server"}
13:37:24.999 [33mwarn[39m: No Firebase config found. Auth middleware will run in PASSTHROUGH mode. {"service":"nords-server"}
13:37:25.000 [33mwarn[39m: No Firebase config found. Auth middleware will run in PASSTHROUGH mode. {"service":"nords-server"}
13:37:25.002 [32minfo[39m: Nords API listening on port 3000 {"service":"nords-server"}
13:37:25.003 [32minfo[39m: Swagger UI available at http://localhost:3000/api-docs {"service":"nords-server"}
13:37:25.000 [33mwarn[39m: No Firebase config found. Auth middleware will run in PASSTHROUGH mode. {"service":"nords-server"}
13:37:25.003 [32minfo[39m: Nords API listening on port 3000 {"service":"nords-server"}
13:37:25.003 [32minfo[39m: Swagger UI available at http://localhost:3000/api-docs {"service":"nords-server"}
13:37:25.003 [32minfo[39m: Nords API listening on port 3000 {"service":"nords-server"}
13:37:25.003 [32minfo[39m: Swagger UI available at http://localhost:3000/api-docs {"service":"nords-server"}
13:38:53.400 [33mwarn[39m: No Firebase config found. Auth middleware will run in PASSTHROUGH mode. {"service":"nords-server"}
13:38:53.403 [32minfo[39m: Nords API listening on port 3000 {"service":"nords-server"}
13:38:53.403 [32minfo[39m: Swagger UI available at http://localhost:3000/api-docs {"service":"nords-server"}
13:39:17.446 [34mdebug[39m: New client connected to pool {"service":"nords-server"}
13:39:17.447 [34mdebug[39m: New client connected to pool {"service":"nords-server"}
13:39:17.479 [31merror[39m: Query failed
error: relation "usage_events" does not exist
    at /Users/danielcrowder/Desktop/Projects/nords/node_modules/.pnpm/pg-pool@3.13.0_pg@8.20.0/node_modules/pg-pool/index.js:45:11
    at process.processTicksAndRejections (node:internal/process/task_queues:105:5)
    at async query (/Users/danielcrowder/Desktop/Projects/nords/server/src/db.ts:32:17) {"service":"nords-server","text":"INSERT INTO usage_events (account_id, project_id, event_type, quantity, metadata)\n     VALUES ($1, $2, $3, $4, $5)","duration":162,"error":"relation \"usage_events\" does not exist"}
13:39:17.479 [34mdebug[39m: Metering insert failed (non-fatal) {"service":"nords-server","error":"relation \"usage_events\" does not exist"}
13:39:17.486 [34mdebug[39m: Query executed {"service":"nords-server","text":"SELECT * FROM projects WHERE deleted_at IS NULL ORDER BY updated_at DESC","duration":168,"rows":1}
13:39:17.487 [32minfo[39m: GET /api/projects 200 {"service":"nords-server","method":"GET","path":"/api/projects","status":200,"duration":"171ms","bytes":"429"}
13:39:23.998 [31merror[39m: Query failed
error: relation "usage_events" does not exist
    at /Users/danielcrowder/Desktop/Projects/nords/node_modules/.pnpm/pg-pool@3.13.0_pg@8.20.0/node_modules/pg-pool/index.js:45:11
    at process.processTicksAndRejections (node:internal/process/task_queues:105:5)
    at async query (/Users/danielcrowder/Desktop/Projects/nords/server/src/db.ts:32:17) {"service":"nords-server","text":"INSERT INTO usage_events (account_id, project_id, event_type, quantity, metadata)\n     VALUES ($1, $2, $3, $4, $5)","duration":29,"error":"relation \"usage_events\" does not exist"}
13:39:23.998 [34mdebug[39m: Metering insert failed (non-fatal) {"service":"nords-server","error":"relation \"usage_events\" does not exist"}
13:39:24.090 [34mdebug[39m: New client connected to pool {"service":"nords-server"}
13:39:24.122 [34mdebug[39m: Query executed {"service":"nords-server","text":"SELECT * FROM projects WHERE id = $1 AND deleted_at IS NULL","duration":154,"rows":1}
13:39:24.123 [32minfo[39m: GET /api/projects/5413fc94-3245-4153-9641-b9d025367e1d 200 {"service":"nords-server","method":"GET","path":"/api/projects/5413fc94-3245-4153-9641-b9d025367e1d","status":200,"duration":"155ms","bytes":"427"}
13:40:56.538 [33mwarn[39m: No Firebase config found. Auth middleware will run in PASSTHROUGH mode. {"service":"nords-server"}
13:40:56.541 [32minfo[39m: Nords API listening on port 3000 {"service":"nords-server"}
13:40:56.541 [32minfo[39m: Swagger UI available at http://localhost:3000/api-docs {"service":"nords-server"}
13:41:12.641 [34mdebug[39m: New client connected to pool {"service":"nords-server"}
13:41:12.642 [34mdebug[39m: New client connected to pool {"service":"nords-server"}
13:41:12.672 [34mdebug[39m: Query executed {"service":"nords-server","text":"SELECT * FROM projects WHERE id = $1 AND deleted_at IS NULL","duration":159,"rows":1}
13:41:12.673 [32minfo[39m: GET /api/projects/5413fc94-3245-4153-9641-b9d025367e1d 200 {"service":"nords-server","method":"GET","path":"/api/projects/5413fc94-3245-4153-9641-b9d025367e1d","status":200,"duration":"160ms","bytes":"452"}
13:41:12.677 [34mdebug[39m: Query executed {"service":"nords-server","text":"INSERT INTO usage_events (account_id, project_id, event_type, quantity, metadata","duration":164,"rows":1}
13:41:17.879 [34mdebug[39m: Query executed {"service":"nords-server","text":"INSERT INTO usage_events (account_id, project_id, event_type, quantity, metadata","duration":31,"rows":1}
13:41:17.880 [34mdebug[39m: Query executed {"service":"nords-server","text":"\n    UPDATE projects\n    SET mcp_system_prompt = $1, updated_at = CURRENT_TIMEST","duration":32,"rows":1}
13:41:17.880 [32minfo[39m: PUT /api/projects/5413fc94-3245-4153-9641-b9d025367e1d 200 {"service":"nords-server","method":"PUT","path":"/api/projects/5413fc94-3245-4153-9641-b9d025367e1d","status":200,"duration":"32ms","bytes":"505"}
13:41:22.645 [34mdebug[39m: Query executed {"service":"nords-server","text":"INSERT INTO usage_events (account_id, project_id, event_type, quantity, metadata","duration":32,"rows":1}
13:41:22.656 [34mdebug[39m: Query executed {"service":"nords-server","text":"\n      SELECT n.*\n      FROM nords n\n      \n      WHERE n.project_id = $1 AND n.","duration":42,"rows":3}
13:41:22.656 [32minfo[39m: GET /api/projects/5413fc94-3245-4153-9641-b9d025367e1d/nords/query?limit=3 200 {"service":"nords-server","method":"GET","path":"/api/projects/5413fc94-3245-4153-9641-b9d025367e1d/nords/query?limit=3","status":200,"duration":"43ms","bytes":"1214"}
13:41:27.697 [34mdebug[39m: Query executed {"service":"nords-server","text":"INSERT INTO usage_events (account_id, project_id, event_type, quantity, metadata","duration":31,"rows":1}
13:41:27.702 [34mdebug[39m: Query executed {"service":"nords-server","text":"\n      SELECT n.*\n      FROM nords n\n      JOIN nord_types nt ON n.type_id = nt.","duration":36,"rows":5}
13:41:27.702 [32minfo[39m: GET /api/projects/5413fc94-3245-4153-9641-b9d025367e1d/nords/query?type_name=Person&limit=5 200 {"service":"nords-server","method":"GET","path":"/api/projects/5413fc94-3245-4153-9641-b9d025367e1d/nords/query?type_name=Person&limit=5","status":200,"duration":"36ms","bytes":"2187"}
13:43:05.007 [34mdebug[39m: New client connected to pool {"service":"nords-server"}
13:43:05.007 [34mdebug[39m: New client connected to pool {"service":"nords-server"}
13:43:05.040 [34mdebug[39m: Query executed {"service":"nords-server","text":"SELECT * FROM projects WHERE deleted_at IS NULL ORDER BY updated_at DESC","duration":163,"rows":1}
13:43:05.040 [32minfo[39m: GET /api/projects 200 {"service":"nords-server","method":"GET","path":"/api/projects","status":200,"duration":"164ms","bytes":"507"}
13:43:05.046 [34mdebug[39m: Query executed {"service":"nords-server","text":"INSERT INTO usage_events (account_id, project_id, event_type, quantity, metadata","duration":170,"rows":1}
13:43:23.160 [34mdebug[39m: New client connected to pool {"service":"nords-server"}
13:43:23.176 [34mdebug[39m: New client connected to pool {"service":"nords-server"}
13:43:23.177 [34mdebug[39m: New client connected to pool {"service":"nords-server"}
13:43:23.178 [34mdebug[39m: New client connected to pool {"service":"nords-server"}
13:43:23.178 [34mdebug[39m: New client connected to pool {"service":"nords-server"}
13:43:23.179 [34mdebug[39m: New client connected to pool {"service":"nords-server"}
13:43:23.193 [34mdebug[39m: Query executed {"service":"nords-server","text":"INSERT INTO usage_events (account_id, project_id, event_type, quantity, metadata","duration":160,"rows":1}
13:43:23.208 [34mdebug[39m: Query executed {"service":"nords-server","text":"SELECT * FROM projects WHERE id = $1 AND deleted_at IS NULL","duration":179,"rows":1}
13:43:23.209 [32minfo[39m: GET /api/projects/5413fc94-3245-4153-9641-b9d025367e1d 200 {"service":"nords-server","method":"GET","path":"/api/projects/5413fc94-3245-4153-9641-b9d025367e1d","status":200,"duration":"180ms","bytes":"505"}
13:43:23.216 [34mdebug[39m: Query executed {"service":"nords-server","text":"INSERT INTO usage_events (account_id, project_id, event_type, quantity, metadata","duration":187,"rows":1}
13:43:23.217 [34mdebug[39m: Query executed {"service":"nords-server","text":"INSERT INTO usage_events (account_id, project_id, event_type, quantity, metadata","duration":186,"rows":1}
13:43:23.218 [34mdebug[39m: Query executed {"service":"nords-server","text":"SELECT * FROM personas WHERE project_id = $1 AND deleted_at IS NULL ORDER BY sor","duration":186,"rows":2}
13:43:23.249 [34mdebug[39m: Query executed {"service":"nords-server","text":"SELECT * FROM persona_mental_models WHERE persona_id = ANY($1) ORDER BY sort_ord","duration":31,"rows":2}
13:43:23.281 [34mdebug[39m: Query executed {"service":"nords-server","text":"SELECT * FROM persona_category_weights WHERE persona_id = ANY($1)","duration":32,"rows":12}
13:43:23.282 [32minfo[39m: GET /api/projects/5413fc94-3245-4153-9641-b9d025367e1d/personas 200 {"service":"nords-server","method":"GET","path":"/api/projects/5413fc94-3245-4153-9641-b9d025367e1d/personas","status":200,"duration":"250ms","bytes":"3525"}
13:43:23.380 [34mdebug[39m: Query executed {"service":"nords-server","text":"SELECT fn_load_project_graph($1) AS fn_load_project_graph","duration":347,"rows":1}
13:43:23.381 [32minfo[39m: GET /api/projects/5413fc94-3245-4153-9641-b9d025367e1d/graph 200 {"service":"nords-server","method":"GET","path":"/api/projects/5413fc94-3245-4153-9641-b9d025367e1d/graph","status":200,"duration":"348ms","bytes":"137948"}
13:43:41.247 [34mdebug[39m: New client connected to pool {"service":"nords-server"}
13:43:41.255 [34mdebug[39m: New client connected to pool {"service":"nords-server"}
13:43:41.281 [34mdebug[39m: Query executed {"service":"nords-server","text":"INSERT INTO usage_events (account_id, project_id, event_type, quantity, metadata","duration":164,"rows":1}
13:43:41.290 [34mdebug[39m: Query executed {"service":"nords-server","text":"SELECT * FROM projects WHERE deleted_at IS NULL ORDER BY updated_at DESC","duration":172,"rows":1}
13:43:41.291 [32minfo[39m: GET /api/projects 304 {"service":"nords-server","method":"GET","path":"/api/projects","status":304,"duration":"174ms"}
13:43:50.665 [34mdebug[39m: Query executed {"service":"nords-server","text":"SELECT * FROM projects WHERE id = $1 AND deleted_at IS NULL","duration":38,"rows":1}
13:43:50.666 [32minfo[39m: GET /api/projects/5413fc94-3245-4153-9641-b9d025367e1d 304 {"service":"nords-server","method":"GET","path":"/api/projects/5413fc94-3245-4153-9641-b9d025367e1d","status":304,"duration":"39ms"}
13:43:50.666 [34mdebug[39m: Query executed {"service":"nords-server","text":"INSERT INTO usage_events (account_id, project_id, event_type, quantity, metadata","duration":39,"rows":1}
13:43:50.697 [34mdebug[39m: Query executed {"service":"nords-server","text":"SELECT * FROM projects WHERE id = $1 AND deleted_at IS NULL","duration":31,"rows":1}
13:43:50.698 [32minfo[39m: GET /api/projects/5413fc94-3245-4153-9641-b9d025367e1d 304 {"service":"nords-server","method":"GET","path":"/api/projects/5413fc94-3245-4153-9641-b9d025367e1d","status":304,"duration":"32ms"}
13:43:50.701 [34mdebug[39m: Query executed {"service":"nords-server","text":"INSERT INTO usage_events (account_id, project_id, event_type, quantity, metadata","duration":35,"rows":1}
13:43:50.770 [34mdebug[39m: New client connected to pool {"service":"nords-server"}
13:43:50.770 [34mdebug[39m: New client connected to pool {"service":"nords-server"}
13:43:50.770 [34mdebug[39m: New client connected to pool {"service":"nords-server"}
13:43:50.805 [34mdebug[39m: Query executed {"service":"nords-server","text":"SELECT * FROM nord_types\n       WHERE project_id = $1 AND deleted_at IS NULL\n   ","duration":175,"rows":10}
13:43:50.805 [34mdebug[39m: Query executed {"service":"nords-server","text":"SELECT * FROM connection_types\n       WHERE project_id = $1 AND deleted_at IS NU","duration":175,"rows":6}
13:43:50.805 [32minfo[39m: GET /api/projects/5413fc94-3245-4153-9641-b9d025367e1d/types 304 {"service":"nords-server","method":"GET","path":"/api/projects/5413fc94-3245-4153-9641-b9d025367e1d/types","status":304,"duration":"176ms"}
13:43:50.805 [34mdebug[39m: Query executed {"service":"nords-server","text":"INSERT INTO usage_events (account_id, project_id, event_type, quantity, metadata","duration":176,"rows":1}
13:43:50.836 [34mdebug[39m: Query executed {"service":"nords-server","text":"INSERT INTO usage_events (account_id, project_id, event_type, quantity, metadata","duration":29,"rows":1}
13:43:50.839 [34mdebug[39m: Query executed {"service":"nords-server","text":"SELECT * FROM nord_types\n       WHERE project_id = $1 AND deleted_at IS NULL\n   ","duration":33,"rows":10}
13:43:50.839 [34mdebug[39m: Query executed {"service":"nords-server","text":"SELECT * FROM connection_types\n       WHERE project_id = $1 AND deleted_at IS NU","duration":33,"rows":6}
13:43:50.839 [32minfo[39m: GET /api/projects/5413fc94-3245-4153-9641-b9d025367e1d/types 304 {"service":"nords-server","method":"GET","path":"/api/projects/5413fc94-3245-4153-9641-b9d025367e1d/types","status":304,"duration":"33ms"}
13:43:58.763 [33mwarn[39m: PUT /api/nord-types/9a602d3c-68d0-4fe0-a792-21ad17d04f4e 400 {"service":"nords-server","method":"PUT","path":"/api/nord-types/9a602d3c-68d0-4fe0-a792-21ad17d04f4e","status":400,"duration":"5ms","bytes":"1413"}
13:43:58.801 [34mdebug[39m: Query executed {"service":"nords-server","text":"INSERT INTO usage_events (account_id, project_id, event_type, quantity, metadata","duration":43,"rows":1}
13:45:10.824 [34mdebug[39m: New client connected to pool {"service":"nords-server"}
13:45:10.825 [34mdebug[39m: New client connected to pool {"service":"nords-server"}
13:45:10.855 [34mdebug[39m: Query executed {"service":"nords-server","text":"SELECT * FROM projects WHERE deleted_at IS NULL ORDER BY updated_at DESC","duration":158,"rows":1}
13:45:10.856 [32minfo[39m: GET /api/projects 200 {"service":"nords-server","method":"GET","path":"/api/projects","status":200,"duration":"159ms","bytes":"507"}
13:45:10.861 [34mdebug[39m: Query executed {"service":"nords-server","text":"INSERT INTO usage_events (account_id, project_id, event_type, quantity, metadata","duration":164,"rows":1}
13:45:35.888 [33mwarn[39m: GET /api/types/nord-types 404 {"service":"nords-server","method":"GET","path":"/api/types/nord-types","status":404,"duration":"2ms","bytes":159}
13:45:36.022 [34mdebug[39m: New client connected to pool {"service":"nords-server"}
13:45:36.058 [34mdebug[39m: Query executed {"service":"nords-server","text":"INSERT INTO usage_events (account_id, project_id, event_type, quantity, metadata","duration":172,"rows":1}
13:45:41.013 [33mwarn[39m: GET /api/types/nord-types 404 {"service":"nords-server","method":"GET","path":"/api/types/nord-types","status":404,"duration":"1ms","bytes":159}
13:45:41.044 [34mdebug[39m: Query executed {"service":"nords-server","text":"INSERT INTO usage_events (account_id, project_id, event_type, quantity, metadata","duration":32,"rows":1}
13:46:02.945 [34mdebug[39m: New client connected to pool {"service":"nords-server"}
13:46:02.946 [34mdebug[39m: New client connected to pool {"service":"nords-server"}
13:46:02.983 [34mdebug[39m: Query executed {"service":"nords-server","text":"INSERT INTO usage_events (account_id, project_id, event_type, quantity, metadata","duration":167,"rows":1}
13:46:03.082 [34mdebug[39m: Query executed {"service":"nords-server","text":"SELECT fn_load_project_graph($1) AS fn_load_project_graph","duration":266,"rows":1}
13:46:03.083 [32minfo[39m: GET /api/projects/5413fc94-3245-4153-9641-b9d025367e1d/graph 200 {"service":"nords-server","method":"GET","path":"/api/projects/5413fc94-3245-4153-9641-b9d025367e1d/graph","status":200,"duration":"267ms","bytes":"137948"}
13:46:13.698 [34mdebug[39m: New client connected to pool {"service":"nords-server"}
13:46:13.699 [34mdebug[39m: New client connected to pool {"service":"nords-server"}
13:46:13.736 [34mdebug[39m: Query executed {"service":"nords-server","text":"INSERT INTO usage_events (account_id, project_id, event_type, quantity, metadata","duration":171,"rows":1}
13:46:13.833 [34mdebug[39m: Query executed {"service":"nords-server","text":"SELECT fn_load_project_graph($1) AS fn_load_project_graph","duration":268,"rows":1}
13:46:13.834 [32minfo[39m: GET /api/projects/5413fc94-3245-4153-9641-b9d025367e1d/graph 200 {"service":"nords-server","method":"GET","path":"/api/projects/5413fc94-3245-4153-9641-b9d025367e1d/graph","status":200,"duration":"269ms","bytes":"137948"}
15:57:04.142 [34mdebug[39m: New client connected to pool {"service":"nords-server"}
15:57:04.142 [34mdebug[39m: New client connected to pool {"service":"nords-server"}
15:57:04.184 [34mdebug[39m: Query executed {"service":"nords-server","text":"INSERT INTO usage_events (account_id, project_id, event_type, quantity, metadata","duration":174,"rows":1}
15:57:04.221 [34mdebug[39m: Query executed {"service":"nords-server","text":"\n    UPDATE projects\n    SET mcp_enabled = $1, mcp_mutable = $2, mcp_system_prom","duration":211,"rows":1}
15:57:04.221 [32minfo[39m: PUT /api/projects/5413fc94-3245-4153-9641-b9d025367e1d 200 {"service":"nords-server","method":"PUT","path":"/api/projects/5413fc94-3245-4153-9641-b9d025367e1d","status":200,"duration":"211ms","bytes":"1538"}
15:57:04.227 [33mwarn[39m: POST /api/projects/5413fc94-3245-4153-9641-b9d025367e1d/types 404 {"service":"nords-server","method":"POST","path":"/api/projects/5413fc94-3245-4153-9641-b9d025367e1d/types","status":404,"duration":"1ms","bytes":195}
15:57:04.258 [34mdebug[39m: Query executed {"service":"nords-server","text":"INSERT INTO usage_events (account_id, project_id, event_type, quantity, metadata","duration":32,"rows":1}
15:57:18.801 [34mdebug[39m: New client connected to pool {"service":"nords-server"}
15:57:18.801 [34mdebug[39m: New client connected to pool {"service":"nords-server"}
15:57:18.838 [34mdebug[39m: Query executed {"service":"nords-server","text":"INSERT INTO usage_events (account_id, project_id, event_type, quantity, metadata","duration":161,"rows":1}
15:57:18.838 [34mdebug[39m: Query executed {"service":"nords-server","text":"\n    UPDATE projects\n    SET mcp_enabled = $1, mcp_mutable = $2, mcp_system_prom","duration":160,"rows":1}
15:57:18.838 [32minfo[39m: PUT /api/projects/5413fc94-3245-4153-9641-b9d025367e1d 200 {"service":"nords-server","method":"PUT","path":"/api/projects/5413fc94-3245-4153-9641-b9d025367e1d","status":200,"duration":"161ms","bytes":"1538"}
15:57:18.875 [34mdebug[39m: Query executed {"service":"nords-server","text":"INSERT INTO usage_events (account_id, project_id, event_type, quantity, metadata","duration":32,"rows":1}
15:57:18.876 [34mdebug[39m: Query executed {"service":"nords-server","text":"INSERT INTO nord_types (project_id, name, description, icon, accent_color, prope","duration":32,"rows":1}
15:57:18.876 [32minfo[39m: POST /api/projects/5413fc94-3245-4153-9641-b9d025367e1d/nord-types 201 {"service":"nords-server","method":"POST","path":"/api/projects/5413fc94-3245-4153-9641-b9d025367e1d/nord-types","status":201,"duration":"33ms","bytes":"1023"}
15:57:18.907 [34mdebug[39m: Query executed {"service":"nords-server","text":"INSERT INTO usage_events (account_id, project_id, event_type, quantity, metadata","duration":30,"rows":1}
15:57:18.908 [34mdebug[39m: Query executed {"service":"nords-server","text":"INSERT INTO nord_types (project_id, name, description, icon, accent_color, prope","duration":30,"rows":1}
15:57:18.908 [32minfo[39m: POST /api/projects/5413fc94-3245-4153-9641-b9d025367e1d/nord-types 201 {"service":"nords-server","method":"POST","path":"/api/projects/5413fc94-3245-4153-9641-b9d025367e1d/nord-types","status":201,"duration":"31ms","bytes":"924"}
15:57:18.938 [34mdebug[39m: Query executed {"service":"nords-server","text":"INSERT INTO nord_types (project_id, name, description, icon, accent_color, prope","duration":29,"rows":1}
15:57:18.938 [32minfo[39m: POST /api/projects/5413fc94-3245-4153-9641-b9d025367e1d/nord-types 201 {"service":"nords-server","method":"POST","path":"/api/projects/5413fc94-3245-4153-9641-b9d025367e1d/nord-types","status":201,"duration":"29ms","bytes":"649"}
15:57:18.941 [34mdebug[39m: Query executed {"service":"nords-server","text":"INSERT INTO usage_events (account_id, project_id, event_type, quantity, metadata","duration":32,"rows":1}
15:57:18.968 [34mdebug[39m: Query executed {"service":"nords-server","text":"INSERT INTO usage_events (account_id, project_id, event_type, quantity, metadata","duration":29,"rows":1}
15:57:19.062 [34mdebug[39m: New client connected to pool {"service":"nords-server"}
15:57:19.093 [34mdebug[39m: Query executed {"service":"nords-server","text":"INSERT INTO nord_types (project_id, name, description, icon, accent_color, prope","duration":153,"rows":1}
15:57:19.094 [32minfo[39m: POST /api/projects/5413fc94-3245-4153-9641-b9d025367e1d/nord-types 201 {"service":"nords-server","method":"POST","path":"/api/projects/5413fc94-3245-4153-9641-b9d025367e1d/nord-types","status":201,"duration":"155ms","bytes":"558"}
15:57:19.126 [34mdebug[39m: Query executed {"service":"nords-server","text":"INSERT INTO nord_types (project_id, name, description, icon, accent_color, prope","duration":30,"rows":1}
15:57:19.126 [32minfo[39m: POST /api/projects/5413fc94-3245-4153-9641-b9d025367e1d/nord-types 201 {"service":"nords-server","method":"POST","path":"/api/projects/5413fc94-3245-4153-9641-b9d025367e1d/nord-types","status":201,"duration":"31ms","bytes":"642"}
15:57:19.126 [34mdebug[39m: Query executed {"service":"nords-server","text":"INSERT INTO usage_events (account_id, project_id, event_type, quantity, metadata","duration":31,"rows":1}
15:57:19.157 [34mdebug[39m: Query executed {"service":"nords-server","text":"INSERT INTO usage_events (account_id, project_id, event_type, quantity, metadata","duration":29,"rows":1}
15:57:19.158 [34mdebug[39m: Query executed {"service":"nords-server","text":"INSERT INTO nord_types (project_id, name, description, icon, accent_color, prope","duration":30,"rows":1}
15:57:19.158 [32minfo[39m: POST /api/projects/5413fc94-3245-4153-9641-b9d025367e1d/nord-types 201 {"service":"nords-server","method":"POST","path":"/api/projects/5413fc94-3245-4153-9641-b9d025367e1d/nord-types","status":201,"duration":"31ms","bytes":"640"}
15:57:19.192 [34mdebug[39m: Query executed {"service":"nords-server","text":"INSERT INTO usage_events (account_id, project_id, event_type, quantity, metadata","duration":33,"rows":1}
15:57:19.194 [34mdebug[39m: Query executed {"service":"nords-server","text":"INSERT INTO nord_types (project_id, name, description, icon, accent_color, prope","duration":35,"rows":1}
15:57:19.194 [32minfo[39m: POST /api/projects/5413fc94-3245-4153-9641-b9d025367e1d/nord-types 201 {"service":"nords-server","method":"POST","path":"/api/projects/5413fc94-3245-4153-9641-b9d025367e1d/nord-types","status":201,"duration":"35ms","bytes":"797"}
15:57:19.196 [33mwarn[39m: POST /api/projects/5413fc94-3245-4153-9641-b9d025367e1d/connection-types 400 {"service":"nords-server","method":"POST","path":"/api/projects/5413fc94-3245-4153-9641-b9d025367e1d/connection-types","status":400,"duration":"0ms","bytes":"993"}
15:57:19.225 [34mdebug[39m: Query executed {"service":"nords-server","text":"INSERT INTO usage_events (account_id, project_id, event_type, quantity, metadata","duration":29,"rows":1}
15:57:48.897 [34mdebug[39m: New client connected to pool {"service":"nords-server"}
15:57:48.897 [34mdebug[39m: New client connected to pool {"service":"nords-server"}
15:57:48.934 [34mdebug[39m: Query executed {"service":"nords-server","text":"INSERT INTO usage_events (account_id, project_id, event_type, quantity, metadata","duration":159,"rows":1}
15:57:48.935 [34mdebug[39m: Query executed {"service":"nords-server","text":"\n    UPDATE projects\n    SET mcp_enabled = $1, mcp_mutable = $2, mcp_system_prom","duration":160,"rows":1}
15:57:48.935 [32minfo[39m: PUT /api/projects/5413fc94-3245-4153-9641-b9d025367e1d 200 {"service":"nords-server","method":"PUT","path":"/api/projects/5413fc94-3245-4153-9641-b9d025367e1d","status":200,"duration":"160ms","bytes":"1538"}
15:57:48.972 [34mdebug[39m: Query executed {"service":"nords-server","text":"INSERT INTO nord_types (project_id, name, description, icon, accent_color, prope","duration":32,"rows":1}
15:57:48.972 [32minfo[39m: POST /api/projects/5413fc94-3245-4153-9641-b9d025367e1d/nord-types 201 {"service":"nords-server","method":"POST","path":"/api/projects/5413fc94-3245-4153-9641-b9d025367e1d/nord-types","status":201,"duration":"33ms","bytes":"1023"}
15:57:48.973 [34mdebug[39m: Query executed {"service":"nords-server","text":"INSERT INTO usage_events (account_id, project_id, event_type, quantity, metadata","duration":33,"rows":1}
15:57:49.004 [34mdebug[39m: Query executed {"service":"nords-server","text":"INSERT INTO usage_events (account_id, project_id, event_type, quantity, metadata","duration":29,"rows":1}
15:57:49.004 [34mdebug[39m: Query executed {"service":"nords-server","text":"INSERT INTO nord_types (project_id, name, description, icon, accent_color, prope","duration":30,"rows":1}
15:57:49.004 [32minfo[39m: POST /api/projects/5413fc94-3245-4153-9641-b9d025367e1d/nord-types 201 {"service":"nords-server","method":"POST","path":"/api/projects/5413fc94-3245-4153-9641-b9d025367e1d/nord-types","status":201,"duration":"30ms","bytes":"924"}
15:57:49.034 [34mdebug[39m: Query executed {"service":"nords-server","text":"INSERT INTO usage_events (account_id, project_id, event_type, quantity, metadata","duration":29,"rows":1}
15:57:49.039 [34mdebug[39m: Query executed {"service":"nords-server","text":"INSERT INTO nord_types (project_id, name, description, icon, accent_color, prope","duration":34,"rows":1}
15:57:49.039 [32minfo[39m: POST /api/projects/5413fc94-3245-4153-9641-b9d025367e1d/nord-types 201 {"service":"nords-server","method":"POST","path":"/api/projects/5413fc94-3245-4153-9641-b9d025367e1d/nord-types","status":201,"duration":"34ms","bytes":"649"}
15:57:49.071 [34mdebug[39m: Query executed {"service":"nords-server","text":"INSERT INTO nord_types (project_id, name, description, icon, accent_color, prope","duration":30,"rows":1}
15:57:49.071 [32minfo[39m: POST /api/projects/5413fc94-3245-4153-9641-b9d025367e1d/nord-types 201 {"service":"nords-server","method":"POST","path":"/api/projects/5413fc94-3245-4153-9641-b9d025367e1d/nord-types","status":201,"duration":"30ms","bytes":"558"}
15:57:49.071 [34mdebug[39m: Query executed {"service":"nords-server","text":"INSERT INTO usage_events (account_id, project_id, event_type, quantity, metadata","duration":30,"rows":1}
15:57:49.103 [34mdebug[39m: Query executed {"service":"nords-server","text":"INSERT INTO usage_events (account_id, project_id, event_type, quantity, metadata","duration":30,"rows":1}
15:57:49.107 [34mdebug[39m: Query executed {"service":"nords-server","text":"INSERT INTO nord_types (project_id, name, description, icon, accent_color, prope","duration":34,"rows":1}
15:57:49.107 [32minfo[39m: POST /api/projects/5413fc94-3245-4153-9641-b9d025367e1d/nord-types 201 {"service":"nords-server","method":"POST","path":"/api/projects/5413fc94-3245-4153-9641-b9d025367e1d/nord-types","status":201,"duration":"34ms","bytes":"642"}
15:57:49.142 [34mdebug[39m: Query executed {"service":"nords-server","text":"INSERT INTO usage_events (account_id, project_id, event_type, quantity, metadata","duration":33,"rows":1}
15:57:49.142 [34mdebug[39m: Query executed {"service":"nords-server","text":"INSERT INTO nord_types (project_id, name, description, icon, accent_color, prope","duration":33,"rows":1}
15:57:49.142 [32minfo[39m: POST /api/projects/5413fc94-3245-4153-9641-b9d025367e1d/nord-types 201 {"service":"nords-server","method":"POST","path":"/api/projects/5413fc94-3245-4153-9641-b9d025367e1d/nord-types","status":201,"duration":"33ms","bytes":"640"}
15:57:49.174 [34mdebug[39m: Query executed {"service":"nords-server","text":"INSERT INTO usage_events (account_id, project_id, event_type, quantity, metadata","duration":31,"rows":1}
15:57:49.175 [34mdebug[39m: Query executed {"service":"nords-server","text":"INSERT INTO nord_types (project_id, name, description, icon, accent_color, prope","duration":31,"rows":1}
15:57:49.175 [32minfo[39m: POST /api/projects/5413fc94-3245-4153-9641-b9d025367e1d/nord-types 201 {"service":"nords-server","method":"POST","path":"/api/projects/5413fc94-3245-4153-9641-b9d025367e1d/nord-types","status":201,"duration":"32ms","bytes":"797"}
15:57:49.207 [34mdebug[39m: Query executed {"service":"nords-server","text":"INSERT INTO usage_events (account_id, project_id, event_type, quantity, metadata","duration":30,"rows":1}
15:57:49.209 [34mdebug[39m: Query executed {"service":"nords-server","text":"INSERT INTO connection_types (project_id, name, description, accent_color, strok","duration":32,"rows":1}
15:57:49.209 [32minfo[39m: POST /api/projects/5413fc94-3245-4153-9641-b9d025367e1d/connection-types 201 {"service":"nords-server","method":"POST","path":"/api/projects/5413fc94-3245-4153-9641-b9d025367e1d/connection-types","status":201,"duration":"32ms","bytes":"707"}
15:57:49.241 [34mdebug[39m: Query executed {"service":"nords-server","text":"INSERT INTO usage_events (account_id, project_id, event_type, quantity, metadata","duration":31,"rows":1}
15:57:49.242 [34mdebug[39m: Query executed {"service":"nords-server","text":"INSERT INTO connection_types (project_id, name, description, accent_color, strok","duration":32,"rows":1}
15:57:49.242 [32minfo[39m: POST /api/projects/5413fc94-3245-4153-9641-b9d025367e1d/connection-types 201 {"service":"nords-server","method":"POST","path":"/api/projects/5413fc94-3245-4153-9641-b9d025367e1d/connection-types","status":201,"duration":"32ms","bytes":"450"}
15:57:49.275 [34mdebug[39m: Query executed {"service":"nords-server","text":"INSERT INTO usage_events (account_id, project_id, event_type, quantity, metadata","duration":32,"rows":1}
15:57:49.275 [34mdebug[39m: Query executed {"service":"nords-server","text":"INSERT INTO connection_types (project_id, name, description, accent_color, strok","duration":32,"rows":1}
15:57:49.276 [32minfo[39m: POST /api/projects/5413fc94-3245-4153-9641-b9d025367e1d/connection-types 201 {"service":"nords-server","method":"POST","path":"/api/projects/5413fc94-3245-4153-9641-b9d025367e1d/connection-types","status":201,"duration":"33ms","bytes":"450"}
15:57:49.306 [34mdebug[39m: Query executed {"service":"nords-server","text":"INSERT INTO usage_events (account_id, project_id, event_type, quantity, metadata","duration":29,"rows":1}
15:57:49.307 [34mdebug[39m: Query executed {"service":"nords-server","text":"INSERT INTO connection_types (project_id, name, description, accent_color, strok","duration":30,"rows":1}
15:57:49.307 [32minfo[39m: POST /api/projects/5413fc94-3245-4153-9641-b9d025367e1d/connection-types 201 {"service":"nords-server","method":"POST","path":"/api/projects/5413fc94-3245-4153-9641-b9d025367e1d/connection-types","status":201,"duration":"30ms","bytes":"448"}
15:57:49.338 [34mdebug[39m: Query executed {"service":"nords-server","text":"INSERT INTO usage_events (account_id, project_id, event_type, quantity, metadata","duration":30,"rows":1}
15:57:49.339 [34mdebug[39m: Query executed {"service":"nords-server","text":"INSERT INTO connection_types (project_id, name, description, accent_color, strok","duration":30,"rows":1}
15:57:49.339 [32minfo[39m: POST /api/projects/5413fc94-3245-4153-9641-b9d025367e1d/connection-types 201 {"service":"nords-server","method":"POST","path":"/api/projects/5413fc94-3245-4153-9641-b9d025367e1d/connection-types","status":201,"duration":"31ms","bytes":"445"}
15:57:49.368 [34mdebug[39m: Query executed {"service":"nords-server","text":"INSERT INTO usage_events (account_id, project_id, event_type, quantity, metadata","duration":28,"rows":1}
15:57:49.372 [34mdebug[39m: Query executed {"service":"nords-server","text":"INSERT INTO connection_types (project_id, name, description, accent_color, strok","duration":32,"rows":1}
15:57:49.372 [32minfo[39m: POST /api/projects/5413fc94-3245-4153-9641-b9d025367e1d/connection-types 201 {"service":"nords-server","method":"POST","path":"/api/projects/5413fc94-3245-4153-9641-b9d025367e1d/connection-types","status":201,"duration":"32ms","bytes":"446"}
15:57:49.404 [34mdebug[39m: Query executed {"service":"nords-server","text":"INSERT INTO usage_events (account_id, project_id, event_type, quantity, metadata","duration":31,"rows":1}
15:57:49.404 [34mdebug[39m: Query executed {"service":"nords-server","text":"INSERT INTO connection_types (project_id, name, description, accent_color, strok","duration":31,"rows":1}
15:57:49.404 [32minfo[39m: POST /api/projects/5413fc94-3245-4153-9641-b9d025367e1d/connection-types 201 {"service":"nords-server","method":"POST","path":"/api/projects/5413fc94-3245-4153-9641-b9d025367e1d/connection-types","status":201,"duration":"31ms","bytes":"588"}
15:57:49.434 [34mdebug[39m: Query executed {"service":"nords-server","text":"INSERT INTO usage_events (account_id, project_id, event_type, quantity, metadata","duration":28,"rows":1}
15:57:49.436 [34mdebug[39m: Query executed {"service":"nords-server","text":"INSERT INTO personas (project_id, name, avatar_seed)\n       VALUES ($1, $2, $3) ","duration":31,"rows":1}
15:57:49.436 [32minfo[39m: POST /api/projects/5413fc94-3245-4153-9641-b9d025367e1d/personas 201 {"service":"nords-server","method":"POST","path":"/api/projects/5413fc94-3245-4153-9641-b9d025367e1d/personas","status":201,"duration":"31ms","bytes":"420"}
15:57:49.466 [34mdebug[39m: Query executed {"service":"nords-server","text":"INSERT INTO usage_events (account_id, project_id, event_type, quantity, metadata","duration":29,"rows":1}
15:57:49.528 [34mdebug[39m: Query executed {"service":"nords-server","text":"INSERT INTO persona_category_weights (persona_id, connection_type_id, weight)\n  ","duration":91,"rows":1}
15:57:49.528 [32minfo[39m: PUT /api/personas/dabe8ba5-2111-4381-9f82-6012b6f5d72a/weights/11c1fdf4-943d-441a-bb21-f7f5b29b5401 200 {"service":"nords-server","method":"PUT","path":"/api/personas/dabe8ba5-2111-4381-9f82-6012b6f5d72a/weights/11c1fdf4-943d-441a-bb21-f7f5b29b5401","status":200,"duration":"91ms","bytes":"168"}
15:57:49.557 [31merror[39m: Query failed
error: invalid input syntax for type integer: "0.9"
    at /Users/danielcrowder/Desktop/Projects/nords/node_modules/.pnpm/pg-pool@3.13.0_pg@8.20.0/node_modules/pg-pool/index.js:45:11
    at process.processTicksAndRejections (node:internal/process/task_queues:105:5)
    at async query (/Users/danielcrowder/Desktop/Projects/nords/server/src/db.ts:32:17)
    at async queryOne (/Users/danielcrowder/Desktop/Projects/nords/server/src/db.ts:52:16)
    at async <anonymous> (/Users/danielcrowder/Desktop/Projects/nords/server/src/routes/personas.ts:325:20) {"service":"nords-server","text":"INSERT INTO persona_category_weights (persona_id, connection_type_id, weight)\n       VALUES ($1, $2, $3)\n       ON CONFL","duration":28,"error":"invalid input syntax for type integer: \"0.9\""}
15:57:49.557 [31merror[39m: Failed to update category weight {"service":"nords-server","error":"invalid input syntax for type integer: \"0.9\""}
15:57:49.558 [31merror[39m: PUT /api/personas/dabe8ba5-2111-4381-9f82-6012b6f5d72a/weights/ca5f1494-efca-486d-8b6b-9fcb87867a9f 500 {"service":"nords-server","method":"PUT","path":"/api/personas/dabe8ba5-2111-4381-9f82-6012b6f5d72a/weights/ca5f1494-efca-486d-8b6b-9fcb87867a9f","status":500,"duration":"29ms","bytes":"44"}
15:57:49.558 [34mdebug[39m: Query executed {"service":"nords-server","text":"INSERT INTO usage_events (account_id, project_id, event_type, quantity, metadata","duration":29,"rows":1}
15:58:48.316 [34mdebug[39m: New client connected to pool {"service":"nords-server"}
15:58:48.316 [34mdebug[39m: New client connected to pool {"service":"nords-server"}
15:58:48.354 [34mdebug[39m: Query executed {"service":"nords-server","text":"INSERT INTO usage_events (account_id, project_id, event_type, quantity, metadata","duration":164,"rows":1}
15:58:48.354 [34mdebug[39m: Query executed {"service":"nords-server","text":"\n    UPDATE projects\n    SET mcp_enabled = $1, mcp_mutable = $2, mcp_system_prom","duration":165,"rows":1}
15:58:48.354 [32minfo[39m: PUT /api/projects/5413fc94-3245-4153-9641-b9d025367e1d 200 {"service":"nords-server","method":"PUT","path":"/api/projects/5413fc94-3245-4153-9641-b9d025367e1d","status":200,"duration":"165ms","bytes":"1538"}
15:58:48.390 [34mdebug[39m: Query executed {"service":"nords-server","text":"INSERT INTO nord_types (project_id, name, description, icon, accent_color, prope","duration":31,"rows":1}
15:58:48.390 [32minfo[39m: POST /api/projects/5413fc94-3245-4153-9641-b9d025367e1d/nord-types 201 {"service":"nords-server","method":"POST","path":"/api/projects/5413fc94-3245-4153-9641-b9d025367e1d/nord-types","status":201,"duration":"31ms","bytes":"1023"}
15:58:48.390 [34mdebug[39m: Query executed {"service":"nords-server","text":"INSERT INTO usage_events (account_id, project_id, event_type, quantity, metadata","duration":31,"rows":1}
15:58:48.422 [34mdebug[39m: Query executed {"service":"nords-server","text":"INSERT INTO usage_events (account_id, project_id, event_type, quantity, metadata","duration":30,"rows":1}
15:58:48.422 [34mdebug[39m: Query executed {"service":"nords-server","text":"INSERT INTO nord_types (project_id, name, description, icon, accent_color, prope","duration":30,"rows":1}
15:58:48.423 [32minfo[39m: POST /api/projects/5413fc94-3245-4153-9641-b9d025367e1d/nord-types 201 {"service":"nords-server","method":"POST","path":"/api/projects/5413fc94-3245-4153-9641-b9d025367e1d/nord-types","status":201,"duration":"31ms","bytes":"924"}
15:58:48.458 [34mdebug[39m: Query executed {"service":"nords-server","text":"INSERT INTO nord_types (project_id, name, description, icon, accent_color, prope","duration":33,"rows":1}
15:58:48.458 [32minfo[39m: POST /api/projects/5413fc94-3245-4153-9641-b9d025367e1d/nord-types 201 {"service":"nords-server","method":"POST","path":"/api/projects/5413fc94-3245-4153-9641-b9d025367e1d/nord-types","status":201,"duration":"34ms","bytes":"649"}
15:58:48.459 [34mdebug[39m: Query executed {"service":"nords-server","text":"INSERT INTO usage_events (account_id, project_id, event_type, quantity, metadata","duration":35,"rows":1}
15:58:48.493 [34mdebug[39m: Query executed {"service":"nords-server","text":"INSERT INTO nord_types (project_id, name, description, icon, accent_color, prope","duration":34,"rows":1}
15:58:48.493 [32minfo[39m: POST /api/projects/5413fc94-3245-4153-9641-b9d025367e1d/nord-types 201 {"service":"nords-server","method":"POST","path":"/api/projects/5413fc94-3245-4153-9641-b9d025367e1d/nord-types","status":201,"duration":"34ms","bytes":"558"}
15:58:48.493 [34mdebug[39m: Query executed {"service":"nords-server","text":"INSERT INTO usage_events (account_id, project_id, event_type, quantity, metadata","duration":34,"rows":1}
15:58:48.524 [34mdebug[39m: Query executed {"service":"nords-server","text":"INSERT INTO nord_types (project_id, name, description, icon, accent_color, prope","duration":29,"rows":1}
15:58:48.525 [32minfo[39m: POST /api/projects/5413fc94-3245-4153-9641-b9d025367e1d/nord-types 201 {"service":"nords-server","method":"POST","path":"/api/projects/5413fc94-3245-4153-9641-b9d025367e1d/nord-types","status":201,"duration":"30ms","bytes":"642"}
15:58:48.525 [34mdebug[39m: Query executed {"service":"nords-server","text":"INSERT INTO usage_events (account_id, project_id, event_type, quantity, metadata","duration":30,"rows":1}
15:58:48.557 [34mdebug[39m: Query executed {"service":"nords-server","text":"INSERT INTO nord_types (project_id, name, description, icon, accent_color, prope","duration":31,"rows":1}
15:58:48.558 [32minfo[39m: POST /api/projects/5413fc94-3245-4153-9641-b9d025367e1d/nord-types 201 {"service":"nords-server","method":"POST","path":"/api/projects/5413fc94-3245-4153-9641-b9d025367e1d/nord-types","status":201,"duration":"32ms","bytes":"640"}
15:58:48.559 [34mdebug[39m: Query executed {"service":"nords-server","text":"INSERT INTO usage_events (account_id, project_id, event_type, quantity, metadata","duration":33,"rows":1}
15:58:48.591 [34mdebug[39m: Query executed {"service":"nords-server","text":"INSERT INTO usage_events (account_id, project_id, event_type, quantity, metadata","duration":32,"rows":1}
15:58:48.686 [34mdebug[39m: New client connected to pool {"service":"nords-server"}
15:58:48.725 [34mdebug[39m: Query executed {"service":"nords-server","text":"INSERT INTO nord_types (project_id, name, description, icon, accent_color, prope","duration":166,"rows":1}
15:58:48.725 [32minfo[39m: POST /api/projects/5413fc94-3245-4153-9641-b9d025367e1d/nord-types 201 {"service":"nords-server","method":"POST","path":"/api/projects/5413fc94-3245-4153-9641-b9d025367e1d/nord-types","status":201,"duration":"166ms","bytes":"797"}
15:58:48.757 [34mdebug[39m: Query executed {"service":"nords-server","text":"INSERT INTO connection_types (project_id, name, description, accent_color, strok","duration":30,"rows":1}
15:58:48.757 [32minfo[39m: POST /api/projects/5413fc94-3245-4153-9641-b9d025367e1d/connection-types 201 {"service":"nords-server","method":"POST","path":"/api/projects/5413fc94-3245-4153-9641-b9d025367e1d/connection-types","status":201,"duration":"30ms","bytes":"707"}
15:58:48.758 [34mdebug[39m: Query executed {"service":"nords-server","text":"INSERT INTO usage_events (account_id, project_id, event_type, quantity, metadata","duration":31,"rows":1}
15:58:48.789 [34mdebug[39m: Query executed {"service":"nords-server","text":"INSERT INTO usage_events (account_id, project_id, event_type, quantity, metadata","duration":30,"rows":1}
15:58:48.790 [34mdebug[39m: Query executed {"service":"nords-server","text":"INSERT INTO connection_types (project_id, name, description, accent_color, strok","duration":31,"rows":1}
15:58:48.790 [32minfo[39m: POST /api/projects/5413fc94-3245-4153-9641-b9d025367e1d/connection-types 201 {"service":"nords-server","method":"POST","path":"/api/projects/5413fc94-3245-4153-9641-b9d025367e1d/connection-types","status":201,"duration":"31ms","bytes":"450"}
15:58:48.821 [34mdebug[39m: Query executed {"service":"nords-server","text":"INSERT INTO usage_events (account_id, project_id, event_type, quantity, metadata","duration":30,"rows":1}
15:58:48.821 [34mdebug[39m: Query executed {"service":"nords-server","text":"INSERT INTO connection_types (project_id, name, description, accent_color, strok","duration":30,"rows":1}
15:58:48.822 [32minfo[39m: POST /api/projects/5413fc94-3245-4153-9641-b9d025367e1d/connection-types 201 {"service":"nords-server","method":"POST","path":"/api/projects/5413fc94-3245-4153-9641-b9d025367e1d/connection-types","status":201,"duration":"31ms","bytes":"450"}
15:58:48.856 [34mdebug[39m: Query executed {"service":"nords-server","text":"INSERT INTO usage_events (account_id, project_id, event_type, quantity, metadata","duration":33,"rows":1}
15:58:48.861 [34mdebug[39m: Query executed {"service":"nords-server","text":"INSERT INTO connection_types (project_id, name, description, accent_color, strok","duration":38,"rows":1}
15:58:48.861 [32minfo[39m: POST /api/projects/5413fc94-3245-4153-9641-b9d025367e1d/connection-types 201 {"service":"nords-server","method":"POST","path":"/api/projects/5413fc94-3245-4153-9641-b9d025367e1d/connection-types","status":201,"duration":"38ms","bytes":"448"}
15:58:48.892 [34mdebug[39m: Query executed {"service":"nords-server","text":"INSERT INTO usage_events (account_id, project_id, event_type, quantity, metadata","duration":30,"rows":1}
15:58:48.892 [34mdebug[39m: Query executed {"service":"nords-server","text":"INSERT INTO connection_types (project_id, name, description, accent_color, strok","duration":30,"rows":1}
15:58:48.892 [32minfo[39m: POST /api/projects/5413fc94-3245-4153-9641-b9d025367e1d/connection-types 201 {"service":"nords-server","method":"POST","path":"/api/projects/5413fc94-3245-4153-9641-b9d025367e1d/connection-types","status":201,"duration":"30ms","bytes":"445"}
15:58:48.924 [34mdebug[39m: Query executed {"service":"nords-server","text":"INSERT INTO usage_events (account_id, project_id, event_type, quantity, metadata","duration":31,"rows":1}
15:58:48.925 [34mdebug[39m: Query executed {"service":"nords-server","text":"INSERT INTO connection_types (project_id, name, description, accent_color, strok","duration":32,"rows":1}
15:58:48.925 [32minfo[39m: POST /api/projects/5413fc94-3245-4153-9641-b9d025367e1d/connection-types 201 {"service":"nords-server","method":"POST","path":"/api/projects/5413fc94-3245-4153-9641-b9d025367e1d/connection-types","status":201,"duration":"32ms","bytes":"446"}
15:58:48.956 [34mdebug[39m: Query executed {"service":"nords-server","text":"INSERT INTO usage_events (account_id, project_id, event_type, quantity, metadata","duration":30,"rows":1}
15:58:48.957 [34mdebug[39m: Query executed {"service":"nords-server","text":"INSERT INTO connection_types (project_id, name, description, accent_color, strok","duration":31,"rows":1}
15:58:48.957 [32minfo[39m: POST /api/projects/5413fc94-3245-4153-9641-b9d025367e1d/connection-types 201 {"service":"nords-server","method":"POST","path":"/api/projects/5413fc94-3245-4153-9641-b9d025367e1d/connection-types","status":201,"duration":"31ms","bytes":"588"}
15:58:48.990 [34mdebug[39m: Query executed {"service":"nords-server","text":"INSERT INTO usage_events (account_id, project_id, event_type, quantity, metadata","duration":32,"rows":1}
15:58:48.992 [34mdebug[39m: Query executed {"service":"nords-server","text":"INSERT INTO personas (project_id, name, avatar_seed)\n       VALUES ($1, $2, $3) ","duration":34,"rows":1}
15:58:48.992 [32minfo[39m: POST /api/projects/5413fc94-3245-4153-9641-b9d025367e1d/personas 201 {"service":"nords-server","method":"POST","path":"/api/projects/5413fc94-3245-4153-9641-b9d025367e1d/personas","status":201,"duration":"34ms","bytes":"420"}
15:58:49.024 [34mdebug[39m: Query executed {"service":"nords-server","text":"INSERT INTO usage_events (account_id, project_id, event_type, quantity, metadata","duration":31,"rows":1}
15:58:49.025 [34mdebug[39m: Query executed {"service":"nords-server","text":"INSERT INTO persona_category_weights (persona_id, connection_type_id, weight)\n  ","duration":32,"rows":1}
15:58:49.025 [32minfo[39m: PUT /api/personas/c27f5ac2-369c-493c-8001-bdd361c287c5/weights/5a7fa6e1-b983-4b18-8e1e-47e920ac79e6 200 {"service":"nords-server","method":"PUT","path":"/api/personas/c27f5ac2-369c-493c-8001-bdd361c287c5/weights/5a7fa6e1-b983-4b18-8e1e-47e920ac79e6","status":200,"duration":"32ms","bytes":"170"}
15:58:49.057 [34mdebug[39m: Query executed {"service":"nords-server","text":"INSERT INTO usage_events (account_id, project_id, event_type, quantity, metadata","duration":31,"rows":1}
15:58:49.058 [34mdebug[39m: Query executed {"service":"nords-server","text":"INSERT INTO persona_category_weights (persona_id, connection_type_id, weight)\n  ","duration":32,"rows":1}
15:58:49.058 [32minfo[39m: PUT /api/personas/c27f5ac2-369c-493c-8001-bdd361c287c5/weights/77498113-4cd4-4c93-b486-f81538720131 200 {"service":"nords-server","method":"PUT","path":"/api/personas/c27f5ac2-369c-493c-8001-bdd361c287c5/weights/77498113-4cd4-4c93-b486-f81538720131","status":200,"duration":"32ms","bytes":"169"}
15:58:49.090 [34mdebug[39m: Query executed {"service":"nords-server","text":"INSERT INTO usage_events (account_id, project_id, event_type, quantity, metadata","duration":31,"rows":1}
15:58:49.090 [34mdebug[39m: Query executed {"service":"nords-server","text":"INSERT INTO personas (project_id, name, avatar_seed)\n       VALUES ($1, $2, $3) ","duration":31,"rows":1}
15:58:49.090 [32minfo[39m: POST /api/projects/5413fc94-3245-4153-9641-b9d025367e1d/personas 201 {"service":"nords-server","method":"POST","path":"/api/projects/5413fc94-3245-4153-9641-b9d025367e1d/personas","status":201,"duration":"31ms","bytes":"424"}
15:58:49.125 [34mdebug[39m: Query executed {"service":"nords-server","text":"INSERT INTO persona_category_weights (persona_id, connection_type_id, weight)\n  ","duration":34,"rows":1}
15:58:49.125 [32minfo[39m: PUT /api/personas/6dffffaf-da53-45c3-a122-4db469723a5b/weights/605d61d4-0ff3-47f5-9bf6-e0f9583bb33f 200 {"service":"nords-server","method":"PUT","path":"/api/personas/6dffffaf-da53-45c3-a122-4db469723a5b/weights/605d61d4-0ff3-47f5-9bf6-e0f9583bb33f","status":200,"duration":"34ms","bytes":"170"}
15:58:49.126 [34mdebug[39m: Query executed {"service":"nords-server","text":"INSERT INTO usage_events (account_id, project_id, event_type, quantity, metadata","duration":35,"rows":1}
15:58:49.156 [34mdebug[39m: Query executed {"service":"nords-server","text":"INSERT INTO usage_events (account_id, project_id, event_type, quantity, metadata","duration":30,"rows":1}
15:58:49.158 [34mdebug[39m: Query executed {"service":"nords-server","text":"INSERT INTO persona_category_weights (persona_id, connection_type_id, weight)\n  ","duration":32,"rows":1}
15:58:49.158 [32minfo[39m: PUT /api/personas/6dffffaf-da53-45c3-a122-4db469723a5b/weights/b82c5a3c-5be6-463b-ad30-5f28194db86a 200 {"service":"nords-server","method":"PUT","path":"/api/personas/6dffffaf-da53-45c3-a122-4db469723a5b/weights/b82c5a3c-5be6-463b-ad30-5f28194db86a","status":200,"duration":"32ms","bytes":"169"}
15:58:49.189 [34mdebug[39m: Query executed {"service":"nords-server","text":"INSERT INTO persona_category_weights (persona_id, connection_type_id, weight)\n  ","duration":30,"rows":1}
15:58:49.189 [32minfo[39m: PUT /api/personas/6dffffaf-da53-45c3-a122-4db469723a5b/weights/5a7fa6e1-b983-4b18-8e1e-47e920ac79e6 200 {"service":"nords-server","method":"PUT","path":"/api/personas/6dffffaf-da53-45c3-a122-4db469723a5b/weights/5a7fa6e1-b983-4b18-8e1e-47e920ac79e6","status":200,"duration":"30ms","bytes":"169"}
15:58:49.189 [34mdebug[39m: Query executed {"service":"nords-server","text":"INSERT INTO usage_events (account_id, project_id, event_type, quantity, metadata","duration":30,"rows":1}
15:58:49.222 [34mdebug[39m: Query executed {"service":"nords-server","text":"INSERT INTO personas (project_id, name, avatar_seed)\n       VALUES ($1, $2, $3) ","duration":32,"rows":1}
15:58:49.222 [32minfo[39m: POST /api/projects/5413fc94-3245-4153-9641-b9d025367e1d/personas 201 {"service":"nords-server","method":"POST","path":"/api/projects/5413fc94-3245-4153-9641-b9d025367e1d/personas","status":201,"duration":"32ms","bytes":"408"}
15:58:49.222 [34mdebug[39m: Query executed {"service":"nords-server","text":"INSERT INTO usage_events (account_id, project_id, event_type, quantity, metadata","duration":32,"rows":1}
15:58:49.255 [34mdebug[39m: Query executed {"service":"nords-server","text":"INSERT INTO personas (project_id, name, avatar_seed)\n       VALUES ($1, $2, $3) ","duration":32,"rows":1}
15:58:49.255 [32minfo[39m: POST /api/projects/5413fc94-3245-4153-9641-b9d025367e1d/personas 201 {"service":"nords-server","method":"POST","path":"/api/projects/5413fc94-3245-4153-9641-b9d025367e1d/personas","status":201,"duration":"32ms","bytes":"416"}
15:58:49.255 [34mdebug[39m: Query executed {"service":"nords-server","text":"INSERT INTO usage_events (account_id, project_id, event_type, quantity, metadata","duration":32,"rows":1}
15:58:49.290 [34mdebug[39m: Query executed {"service":"nords-server","text":"INSERT INTO usage_events (account_id, project_id, event_type, quantity, metadata","duration":34,"rows":1}
15:58:49.331 [34mdebug[39m: Query executed {"service":"nords-server","text":"\n    INSERT INTO nords (project_id, type_id, title, properties, position_x, posi","duration":75,"rows":1}
15:58:49.331 [32minfo[39m: POST /api/projects/5413fc94-3245-4153-9641-b9d025367e1d/nords 201 {"service":"nords-server","method":"POST","path":"/api/projects/5413fc94-3245-4153-9641-b9d025367e1d/nords","status":201,"duration":"75ms","bytes":"485"}
15:58:49.363 [34mdebug[39m: Query executed {"service":"nords-server","text":"INSERT INTO usage_events (account_id, project_id, event_type, quantity, metadata","duration":31,"rows":1}
15:58:49.366 [34mdebug[39m: Query executed {"service":"nords-server","text":"\n    INSERT INTO nords (project_id, type_id, title, properties, position_x, posi","duration":34,"rows":1}
15:58:49.366 [32minfo[39m: POST /api/projects/5413fc94-3245-4153-9641-b9d025367e1d/nords 201 {"service":"nords-server","method":"POST","path":"/api/projects/5413fc94-3245-4153-9641-b9d025367e1d/nords","status":201,"duration":"34ms","bytes":"478"}
15:58:49.401 [34mdebug[39m: Query executed {"service":"nords-server","text":"\n    INSERT INTO nords (project_id, type_id, title, properties, position_x, posi","duration":33,"rows":1}
15:58:49.401 [32minfo[39m: POST /api/projects/5413fc94-3245-4153-9641-b9d025367e1d/nords 201 {"service":"nords-server","method":"POST","path":"/api/projects/5413fc94-3245-4153-9641-b9d025367e1d/nords","status":201,"duration":"34ms","bytes":"466"}
15:58:49.402 [34mdebug[39m: Query executed {"service":"nords-server","text":"INSERT INTO usage_events (account_id, project_id, event_type, quantity, metadata","duration":35,"rows":1}
15:58:49.433 [34mdebug[39m: Query executed {"service":"nords-server","text":"INSERT INTO usage_events (account_id, project_id, event_type, quantity, metadata","duration":32,"rows":1}
15:58:49.436 [34mdebug[39m: Query executed {"service":"nords-server","text":"\n    INSERT INTO nords (project_id, type_id, title, properties, position_x, posi","duration":35,"rows":1}
15:58:49.436 [32minfo[39m: POST /api/projects/5413fc94-3245-4153-9641-b9d025367e1d/nords 201 {"service":"nords-server","method":"POST","path":"/api/projects/5413fc94-3245-4153-9641-b9d025367e1d/nords","status":201,"duration":"35ms","bytes":"457"}
15:58:49.470 [34mdebug[39m: Query executed {"service":"nords-server","text":"INSERT INTO usage_events (account_id, project_id, event_type, quantity, metadata","duration":33,"rows":1}
15:58:49.473 [34mdebug[39m: Query executed {"service":"nords-server","text":"\n    INSERT INTO nords (project_id, type_id, title, properties, position_x, posi","duration":36,"rows":1}
15:58:49.473 [32minfo[39m: POST /api/projects/5413fc94-3245-4153-9641-b9d025367e1d/nords 201 {"service":"nords-server","method":"POST","path":"/api/projects/5413fc94-3245-4153-9641-b9d025367e1d/nords","status":201,"duration":"36ms","bytes":"551"}
15:58:49.505 [34mdebug[39m: Query executed {"service":"nords-server","text":"INSERT INTO usage_events (account_id, project_id, event_type, quantity, metadata","duration":31,"rows":1}
15:58:49.506 [34mdebug[39m: Query executed {"service":"nords-server","text":"\n    INSERT INTO nords (project_id, type_id, title, properties, position_x, posi","duration":32,"rows":1}
15:58:49.506 [32minfo[39m: POST /api/projects/5413fc94-3245-4153-9641-b9d025367e1d/nords 201 {"service":"nords-server","method":"POST","path":"/api/projects/5413fc94-3245-4153-9641-b9d025367e1d/nords","status":201,"duration":"32ms","bytes":"421"}
15:58:49.537 [34mdebug[39m: Query executed {"service":"nords-server","text":"INSERT INTO usage_events (account_id, project_id, event_type, quantity, metadata","duration":30,"rows":1}
15:58:49.540 [34mdebug[39m: Query executed {"service":"nords-server","text":"\n    INSERT INTO nords (project_id, type_id, title, properties, position_x, posi","duration":33,"rows":1}
15:58:49.541 [32minfo[39m: POST /api/projects/5413fc94-3245-4153-9641-b9d025367e1d/nords 201 {"service":"nords-server","method":"POST","path":"/api/projects/5413fc94-3245-4153-9641-b9d025367e1d/nords","status":201,"duration":"34ms","bytes":"395"}
15:58:49.576 [34mdebug[39m: Query executed {"service":"nords-server","text":"INSERT INTO usage_events (account_id, project_id, event_type, quantity, metadata","duration":35,"rows":1}
15:58:49.576 [34mdebug[39m: Query executed {"service":"nords-server","text":"\n    INSERT INTO nords (project_id, type_id, title, properties, position_x, posi","duration":35,"rows":1}
15:58:49.577 [32minfo[39m: POST /api/projects/5413fc94-3245-4153-9641-b9d025367e1d/nords 201 {"service":"nords-server","method":"POST","path":"/api/projects/5413fc94-3245-4153-9641-b9d025367e1d/nords","status":201,"duration":"36ms","bytes":"510"}
15:58:49.608 [34mdebug[39m: Query executed {"service":"nords-server","text":"INSERT INTO usage_events (account_id, project_id, event_type, quantity, metadata","duration":30,"rows":1}
15:58:49.624 [34mdebug[39m: Query executed {"service":"nords-server","text":"\n    INSERT INTO connections (project_id, type_id, source_nord_id, target_nord_i","duration":46,"rows":1}
15:58:49.624 [32minfo[39m: POST /api/projects/5413fc94-3245-4153-9641-b9d025367e1d/connections 201 {"service":"nords-server","method":"POST","path":"/api/projects/5413fc94-3245-4153-9641-b9d025367e1d/connections","status":201,"duration":"47ms","bytes":"400"}
15:58:49.656 [34mdebug[39m: Query executed {"service":"nords-server","text":"INSERT INTO usage_events (account_id, project_id, event_type, quantity, metadata","duration":31,"rows":1}
15:58:49.659 [34mdebug[39m: Query executed {"service":"nords-server","text":"\n    INSERT INTO connections (project_id, type_id, source_nord_id, target_nord_i","duration":34,"rows":1}
15:58:49.659 [32minfo[39m: POST /api/projects/5413fc94-3245-4153-9641-b9d025367e1d/connections 201 {"service":"nords-server","method":"POST","path":"/api/projects/5413fc94-3245-4153-9641-b9d025367e1d/connections","status":201,"duration":"34ms","bytes":"401"}
15:58:49.693 [34mdebug[39m: Query executed {"service":"nords-server","text":"INSERT INTO usage_events (account_id, project_id, event_type, quantity, metadata","duration":34,"rows":1}
15:58:49.694 [34mdebug[39m: Query executed {"service":"nords-server","text":"\n    INSERT INTO connections (project_id, type_id, source_nord_id, target_nord_i","duration":34,"rows":1}
15:58:49.694 [32minfo[39m: POST /api/projects/5413fc94-3245-4153-9641-b9d025367e1d/connections 201 {"service":"nords-server","method":"POST","path":"/api/projects/5413fc94-3245-4153-9641-b9d025367e1d/connections","status":201,"duration":"35ms","bytes":"400"}
15:58:49.727 [34mdebug[39m: Query executed {"service":"nords-server","text":"INSERT INTO usage_events (account_id, project_id, event_type, quantity, metadata","duration":32,"rows":1}
15:58:49.727 [34mdebug[39m: Query executed {"service":"nords-server","text":"\n    INSERT INTO connections (project_id, type_id, source_nord_id, target_nord_i","duration":32,"rows":1}
15:58:49.727 [32minfo[39m: POST /api/projects/5413fc94-3245-4153-9641-b9d025367e1d/connections 201 {"service":"nords-server","method":"POST","path":"/api/projects/5413fc94-3245-4153-9641-b9d025367e1d/connections","status":201,"duration":"32ms","bytes":"400"}
15:58:49.760 [34mdebug[39m: Query executed {"service":"nords-server","text":"INSERT INTO usage_events (account_id, project_id, event_type, quantity, metadata","duration":32,"rows":1}
15:58:49.762 [34mdebug[39m: Query executed {"service":"nords-server","text":"\n    INSERT INTO connections (project_id, type_id, source_nord_id, target_nord_i","duration":34,"rows":1}
15:58:49.762 [32minfo[39m: POST /api/projects/5413fc94-3245-4153-9641-b9d025367e1d/connections 201 {"service":"nords-server","method":"POST","path":"/api/projects/5413fc94-3245-4153-9641-b9d025367e1d/connections","status":201,"duration":"34ms","bytes":"400"}
15:58:49.797 [34mdebug[39m: Query executed {"service":"nords-server","text":"INSERT INTO usage_events (account_id, project_id, event_type, quantity, metadata","duration":34,"rows":1}
15:58:49.797 [34mdebug[39m: Query executed {"service":"nords-server","text":"\n    INSERT INTO connections (project_id, type_id, source_nord_id, target_nord_i","duration":34,"rows":1}
15:58:49.797 [32minfo[39m: POST /api/projects/5413fc94-3245-4153-9641-b9d025367e1d/connections 201 {"service":"nords-server","method":"POST","path":"/api/projects/5413fc94-3245-4153-9641-b9d025367e1d/connections","status":201,"duration":"34ms","bytes":"401"}
15:58:49.829 [34mdebug[39m: Query executed {"service":"nords-server","text":"INSERT INTO usage_events (account_id, project_id, event_type, quantity, metadata","duration":31,"rows":1}
15:58:49.830 [34mdebug[39m: Query executed {"service":"nords-server","text":"\n    INSERT INTO connections (project_id, type_id, source_nord_id, target_nord_i","duration":32,"rows":1}
15:58:49.830 [32minfo[39m: POST /api/projects/5413fc94-3245-4153-9641-b9d025367e1d/connections 201 {"service":"nords-server","method":"POST","path":"/api/projects/5413fc94-3245-4153-9641-b9d025367e1d/connections","status":201,"duration":"32ms","bytes":"398"}
15:58:49.862 [34mdebug[39m: Query executed {"service":"nords-server","text":"INSERT INTO usage_events (account_id, project_id, event_type, quantity, metadata","duration":31,"rows":1}
15:58:49.864 [34mdebug[39m: Query executed {"service":"nords-server","text":"\n    INSERT INTO connections (project_id, type_id, source_nord_id, target_nord_i","duration":33,"rows":1}
15:58:49.864 [32minfo[39m: POST /api/projects/5413fc94-3245-4153-9641-b9d025367e1d/connections 201 {"service":"nords-server","method":"POST","path":"/api/projects/5413fc94-3245-4153-9641-b9d025367e1d/connections","status":201,"duration":"33ms","bytes":"401"}
16:03:03.592 [33mwarn[39m: GET /api/projects/5413fc94-3245-4153-9641-b9d025367e1d/connection-types 404 {"service":"nords-server","method":"GET","path":"/api/projects/5413fc94-3245-4153-9641-b9d025367e1d/connection-types","status":404,"duration":"1ms","bytes":205}
16:03:03.714 [34mdebug[39m: New client connected to pool {"service":"nords-server"}
16:03:03.752 [34mdebug[39m: Query executed {"service":"nords-server","text":"INSERT INTO usage_events (account_id, project_id, event_type, quantity, metadata","duration":161,"rows":1}
16:03:03.761 [34mdebug[39m: New client connected to pool {"service":"nords-server"}
16:03:03.763 [34mdebug[39m: New client connected to pool {"service":"nords-server"}
16:03:03.794 [34mdebug[39m: Query executed {"service":"nords-server","text":"INSERT INTO usage_events (account_id, project_id, event_type, quantity, metadata","duration":154,"rows":1}
16:03:03.796 [34mdebug[39m: Query executed {"service":"nords-server","text":"SELECT * FROM personas WHERE project_id = $1 AND deleted_at IS NULL ORDER BY sor","duration":156,"rows":7}
16:03:03.828 [34mdebug[39m: Query executed {"service":"nords-server","text":"SELECT * FROM persona_mental_models WHERE persona_id = ANY($1) ORDER BY sort_ord","duration":32,"rows":2}
16:03:03.863 [34mdebug[39m: Query executed {"service":"nords-server","text":"SELECT * FROM persona_category_weights WHERE persona_id = ANY($1)","duration":35,"rows":18}
16:03:03.864 [32minfo[39m: GET /api/projects/5413fc94-3245-4153-9641-b9d025367e1d/personas 200 {"service":"nords-server","method":"GET","path":"/api/projects/5413fc94-3245-4153-9641-b9d025367e1d/personas","status":200,"duration":"225ms","bytes":"6636"}
16:03:13.772 [34mdebug[39m: Query executed {"service":"nords-server","text":"INSERT INTO usage_events (account_id, project_id, event_type, quantity, metadata","duration":32,"rows":1}
16:03:13.883 [34mdebug[39m: Query executed {"service":"nords-server","text":"SELECT fn_load_project_graph($1) AS fn_load_project_graph","duration":143,"rows":1}
16:03:13.884 [32minfo[39m: GET /api/projects/5413fc94-3245-4153-9641-b9d025367e1d/graph 200 {"service":"nords-server","method":"GET","path":"/api/projects/5413fc94-3245-4153-9641-b9d025367e1d/graph","status":200,"duration":"144ms","bytes":"166139"}
16:03:19.515 [34mdebug[39m: Query executed {"service":"nords-server","text":"INSERT INTO usage_events (account_id, project_id, event_type, quantity, metadata","duration":30,"rows":1}
16:03:19.625 [34mdebug[39m: Query executed {"service":"nords-server","text":"SELECT fn_load_project_graph($1) AS fn_load_project_graph","duration":141,"rows":1}
16:03:19.626 [32minfo[39m: GET /api/projects/5413fc94-3245-4153-9641-b9d025367e1d/graph 200 {"service":"nords-server","method":"GET","path":"/api/projects/5413fc94-3245-4153-9641-b9d025367e1d/graph","status":200,"duration":"142ms","bytes":"166139"}
16:03:23.472 [34mdebug[39m: Query executed {"service":"nords-server","text":"INSERT INTO usage_events (account_id, project_id, event_type, quantity, metadata","duration":32,"rows":1}
16:03:23.481 [34mdebug[39m: Query executed {"service":"nords-server","text":"SELECT fn_load_project_graph($1) AS fn_load_project_graph","duration":41,"rows":1}
16:03:23.482 [32minfo[39m: GET /api/projects/5413fc94-3245-4153-9641-b9d025367e1d/graph 200 {"service":"nords-server","method":"GET","path":"/api/projects/5413fc94-3245-4153-9641-b9d025367e1d/graph","status":200,"duration":"43ms","bytes":"166139"}
16:03:51.473 [34mdebug[39m: New client connected to pool {"service":"nords-server"}
16:03:51.476 [34mdebug[39m: New client connected to pool {"service":"nords-server"}
16:03:51.505 [34mdebug[39m: Query executed {"service":"nords-server","text":"INSERT INTO usage_events (account_id, project_id, event_type, quantity, metadata","duration":152,"rows":1}
16:03:51.512 [34mdebug[39m: Query executed {"service":"nords-server","text":"INSERT INTO personas (project_id, name, avatar_seed)\n       VALUES ($1, $2, $3) ","duration":159,"rows":1}
16:03:51.513 [32minfo[39m: POST /api/projects/5413fc94-3245-4153-9641-b9d025367e1d/personas 201 {"service":"nords-server","method":"POST","path":"/api/projects/5413fc94-3245-4153-9641-b9d025367e1d/personas","status":201,"duration":"160ms","bytes":"420"}
16:03:51.553 [34mdebug[39m: Query executed {"service":"nords-server","text":"INSERT INTO usage_events (account_id, project_id, event_type, quantity, metadata","duration":34,"rows":1}
16:03:51.553 [34mdebug[39m: Query executed {"service":"nords-server","text":"INSERT INTO persona_category_weights (persona_id, connection_type_id, weight)\n  ","duration":34,"rows":1}
16:03:51.554 [32minfo[39m: PUT /api/personas/8b519455-5b52-4a85-925c-cb248d6bf422/weights/27140566-ef42-4b17-8608-90d0e369f23d 200 {"service":"nords-server","method":"PUT","path":"/api/personas/8b519455-5b52-4a85-925c-cb248d6bf422/weights/27140566-ef42-4b17-8608-90d0e369f23d","status":200,"duration":"35ms","bytes":"170"}
16:03:51.584 [34mdebug[39m: Query executed {"service":"nords-server","text":"INSERT INTO usage_events (account_id, project_id, event_type, quantity, metadata","duration":29,"rows":1}
16:03:51.588 [34mdebug[39m: Query executed {"service":"nords-server","text":"INSERT INTO persona_category_weights (persona_id, connection_type_id, weight)\n  ","duration":32,"rows":1}
16:03:51.588 [32minfo[39m: PUT /api/personas/8b519455-5b52-4a85-925c-cb248d6bf422/weights/b82c5a3c-5be6-463b-ad30-5f28194db86a 200 {"service":"nords-server","method":"PUT","path":"/api/personas/8b519455-5b52-4a85-925c-cb248d6bf422/weights/b82c5a3c-5be6-463b-ad30-5f28194db86a","status":200,"duration":"33ms","bytes":"169"}
16:03:51.621 [34mdebug[39m: Query executed {"service":"nords-server","text":"INSERT INTO persona_category_weights (persona_id, connection_type_id, weight)\n  ","duration":32,"rows":1}
16:03:51.621 [32minfo[39m: PUT /api/personas/8b519455-5b52-4a85-925c-cb248d6bf422/weights/12c1c620-bc9b-4a9d-8c29-98a2e24139a0 200 {"service":"nords-server","method":"PUT","path":"/api/personas/8b519455-5b52-4a85-925c-cb248d6bf422/weights/12c1c620-bc9b-4a9d-8c29-98a2e24139a0","status":200,"duration":"32ms","bytes":"169"}
16:03:51.622 [34mdebug[39m: Query executed {"service":"nords-server","text":"INSERT INTO usage_events (account_id, project_id, event_type, quantity, metadata","duration":33,"rows":1}
16:03:51.657 [34mdebug[39m: Query executed {"service":"nords-server","text":"INSERT INTO usage_events (account_id, project_id, event_type, quantity, metadata","duration":34,"rows":1}
16:03:51.658 [34mdebug[39m: Query executed {"service":"nords-server","text":"INSERT INTO persona_category_weights (persona_id, connection_type_id, weight)\n  ","duration":35,"rows":1}
16:03:51.658 [32minfo[39m: PUT /api/personas/8b519455-5b52-4a85-925c-cb248d6bf422/weights/e6e67ad5-51be-4b74-863b-75184f0783d8 200 {"service":"nords-server","method":"PUT","path":"/api/personas/8b519455-5b52-4a85-925c-cb248d6bf422/weights/e6e67ad5-51be-4b74-863b-75184f0783d8","status":200,"duration":"35ms","bytes":"169"}
16:03:51.690 [34mdebug[39m: Query executed {"service":"nords-server","text":"INSERT INTO usage_events (account_id, project_id, event_type, quantity, metadata","duration":31,"rows":1}
16:03:51.690 [34mdebug[39m: Query executed {"service":"nords-server","text":"INSERT INTO personas (project_id, name, avatar_seed)\n       VALUES ($1, $2, $3) ","duration":31,"rows":1}
16:03:51.691 [32minfo[39m: POST /api/projects/5413fc94-3245-4153-9641-b9d025367e1d/personas 201 {"service":"nords-server","method":"POST","path":"/api/projects/5413fc94-3245-4153-9641-b9d025367e1d/personas","status":201,"duration":"32ms","bytes":"420"}
16:03:51.724 [34mdebug[39m: Query executed {"service":"nords-server","text":"INSERT INTO persona_category_weights (persona_id, connection_type_id, weight)\n  ","duration":32,"rows":1}
16:03:51.724 [32minfo[39m: PUT /api/personas/3a869f31-ffe9-4d61-afa2-8707a49c4be8/weights/5a7fa6e1-b983-4b18-8e1e-47e920ac79e6 200 {"service":"nords-server","method":"PUT","path":"/api/personas/3a869f31-ffe9-4d61-afa2-8707a49c4be8/weights/5a7fa6e1-b983-4b18-8e1e-47e920ac79e6","status":200,"duration":"32ms","bytes":"170"}
16:03:51.724 [34mdebug[39m: Query executed {"service":"nords-server","text":"INSERT INTO usage_events (account_id, project_id, event_type, quantity, metadata","duration":32,"rows":1}
16:03:51.756 [34mdebug[39m: Query executed {"service":"nords-server","text":"INSERT INTO persona_category_weights (persona_id, connection_type_id, weight)\n  ","duration":30,"rows":1}
16:03:51.756 [32minfo[39m: PUT /api/personas/3a869f31-ffe9-4d61-afa2-8707a49c4be8/weights/e6e67ad5-51be-4b74-863b-75184f0783d8 200 {"service":"nords-server","method":"PUT","path":"/api/personas/3a869f31-ffe9-4d61-afa2-8707a49c4be8/weights/e6e67ad5-51be-4b74-863b-75184f0783d8","status":200,"duration":"31ms","bytes":"169"}
16:03:51.756 [34mdebug[39m: Query executed {"service":"nords-server","text":"INSERT INTO usage_events (account_id, project_id, event_type, quantity, metadata","duration":31,"rows":1}
16:03:51.791 [34mdebug[39m: Query executed {"service":"nords-server","text":"INSERT INTO persona_category_weights (persona_id, connection_type_id, weight)\n  ","duration":33,"rows":1}
16:03:51.791 [32minfo[39m: PUT /api/personas/3a869f31-ffe9-4d61-afa2-8707a49c4be8/weights/ca5f1494-efca-486d-8b6b-9fcb87867a9f 200 {"service":"nords-server","method":"PUT","path":"/api/personas/3a869f31-ffe9-4d61-afa2-8707a49c4be8/weights/ca5f1494-efca-486d-8b6b-9fcb87867a9f","status":200,"duration":"33ms","bytes":"169"}
16:03:51.792 [34mdebug[39m: Query executed {"service":"nords-server","text":"INSERT INTO usage_events (account_id, project_id, event_type, quantity, metadata","duration":34,"rows":1}
16:03:51.823 [34mdebug[39m: Query executed {"service":"nords-server","text":"INSERT INTO persona_category_weights (persona_id, connection_type_id, weight)\n  ","duration":30,"rows":1}
16:03:51.823 [32minfo[39m: PUT /api/personas/3a869f31-ffe9-4d61-afa2-8707a49c4be8/weights/27140566-ef42-4b17-8608-90d0e369f23d 200 {"service":"nords-server","method":"PUT","path":"/api/personas/3a869f31-ffe9-4d61-afa2-8707a49c4be8/weights/27140566-ef42-4b17-8608-90d0e369f23d","status":200,"duration":"30ms","bytes":"169"}
16:03:51.823 [34mdebug[39m: Query executed {"service":"nords-server","text":"INSERT INTO usage_events (account_id, project_id, event_type, quantity, metadata","duration":30,"rows":1}
16:03:51.856 [34mdebug[39m: Query executed {"service":"nords-server","text":"INSERT INTO usage_events (account_id, project_id, event_type, quantity, metadata","duration":31,"rows":1}
16:03:51.857 [34mdebug[39m: Query executed {"service":"nords-server","text":"INSERT INTO personas (project_id, name, avatar_seed)\n       VALUES ($1, $2, $3) ","duration":32,"rows":1}
16:03:51.858 [32minfo[39m: POST /api/projects/5413fc94-3245-4153-9641-b9d025367e1d/personas 201 {"service":"nords-server","method":"POST","path":"/api/projects/5413fc94-3245-4153-9641-b9d025367e1d/personas","status":201,"duration":"32ms","bytes":"416"}
16:03:51.889 [34mdebug[39m: Query executed {"service":"nords-server","text":"INSERT INTO usage_events (account_id, project_id, event_type, quantity, metadata","duration":29,"rows":1}
16:03:51.891 [34mdebug[39m: Query executed {"service":"nords-server","text":"INSERT INTO persona_category_weights (persona_id, connection_type_id, weight)\n  ","duration":32,"rows":1}
16:03:51.892 [32minfo[39m: PUT /api/personas/4a214ae6-cf94-4da6-9cc9-a49fbef3ea43/weights/12c1c620-bc9b-4a9d-8c29-98a2e24139a0 200 {"service":"nords-server","method":"PUT","path":"/api/personas/4a214ae6-cf94-4da6-9cc9-a49fbef3ea43/weights/12c1c620-bc9b-4a9d-8c29-98a2e24139a0","status":200,"duration":"33ms","bytes":"170"}
16:03:51.927 [34mdebug[39m: Query executed {"service":"nords-server","text":"INSERT INTO usage_events (account_id, project_id, event_type, quantity, metadata","duration":34,"rows":1}
16:03:51.928 [34mdebug[39m: Query executed {"service":"nords-server","text":"INSERT INTO persona_category_weights (persona_id, connection_type_id, weight)\n  ","duration":35,"rows":1}
16:03:51.928 [32minfo[39m: PUT /api/personas/4a214ae6-cf94-4da6-9cc9-a49fbef3ea43/weights/b82c5a3c-5be6-463b-ad30-5f28194db86a 200 {"service":"nords-server","method":"PUT","path":"/api/personas/4a214ae6-cf94-4da6-9cc9-a49fbef3ea43/weights/b82c5a3c-5be6-463b-ad30-5f28194db86a","status":200,"duration":"35ms","bytes":"169"}
16:03:51.959 [34mdebug[39m: Query executed {"service":"nords-server","text":"INSERT INTO usage_events (account_id, project_id, event_type, quantity, metadata","duration":30,"rows":1}
16:03:51.960 [34mdebug[39m: Query executed {"service":"nords-server","text":"INSERT INTO persona_category_weights (persona_id, connection_type_id, weight)\n  ","duration":30,"rows":1}
16:03:51.960 [32minfo[39m: PUT /api/personas/4a214ae6-cf94-4da6-9cc9-a49fbef3ea43/weights/5a7fa6e1-b983-4b18-8e1e-47e920ac79e6 200 {"service":"nords-server","method":"PUT","path":"/api/personas/4a214ae6-cf94-4da6-9cc9-a49fbef3ea43/weights/5a7fa6e1-b983-4b18-8e1e-47e920ac79e6","status":200,"duration":"31ms","bytes":"169"}
16:03:51.997 [34mdebug[39m: Query executed {"service":"nords-server","text":"INSERT INTO persona_category_weights (persona_id, connection_type_id, weight)\n  ","duration":35,"rows":1}
16:03:51.997 [32minfo[39m: PUT /api/personas/4a214ae6-cf94-4da6-9cc9-a49fbef3ea43/weights/605d61d4-0ff3-47f5-9bf6-e0f9583bb33f 200 {"service":"nords-server","method":"PUT","path":"/api/personas/4a214ae6-cf94-4da6-9cc9-a49fbef3ea43/weights/605d61d4-0ff3-47f5-9bf6-e0f9583bb33f","status":200,"duration":"37ms","bytes":"169"}
16:03:51.997 [34mdebug[39m: Query executed {"service":"nords-server","text":"INSERT INTO usage_events (account_id, project_id, event_type, quantity, metadata","duration":37,"rows":1}
16:15:09.971 [33mwarn[39m: POST /api/personas/c27f5ac2-369c-493c-8001-bdd361c287c5/mental-models 400 {"service":"nords-server","method":"POST","path":"/api/personas/c27f5ac2-369c-493c-8001-bdd361c287c5/mental-models","status":400,"duration":"0ms","bytes":"145"}
16:15:09.976 [33mwarn[39m: POST /api/personas/c27f5ac2-369c-493c-8001-bdd361c287c5/mental-models 400 {"service":"nords-server","method":"POST","path":"/api/personas/c27f5ac2-369c-493c-8001-bdd361c287c5/mental-models","status":400,"duration":"1ms","bytes":"145"}
16:15:09.978 [33mwarn[39m: POST /api/personas/c27f5ac2-369c-493c-8001-bdd361c287c5/mental-models 400 {"service":"nords-server","method":"POST","path":"/api/personas/c27f5ac2-369c-493c-8001-bdd361c287c5/mental-models","status":400,"duration":"1ms","bytes":"145"}
16:15:09.979 [33mwarn[39m: POST /api/personas/6dffffaf-da53-45c3-a122-4db469723a5b/mental-models 400 {"service":"nords-server","method":"POST","path":"/api/personas/6dffffaf-da53-45c3-a122-4db469723a5b/mental-models","status":400,"duration":"0ms","bytes":"145"}
16:15:09.981 [33mwarn[39m: POST /api/personas/6dffffaf-da53-45c3-a122-4db469723a5b/mental-models 400 {"service":"nords-server","method":"POST","path":"/api/personas/6dffffaf-da53-45c3-a122-4db469723a5b/mental-models","status":400,"duration":"1ms","bytes":"145"}
16:15:09.984 [33mwarn[39m: POST /api/personas/6dffffaf-da53-45c3-a122-4db469723a5b/mental-models 400 {"service":"nords-server","method":"POST","path":"/api/personas/6dffffaf-da53-45c3-a122-4db469723a5b/mental-models","status":400,"duration":"1ms","bytes":"145"}
16:15:09.985 [33mwarn[39m: POST /api/personas/5df1af0d-e9d8-4505-98fe-9a26b832b7a5/mental-models 400 {"service":"nords-server","method":"POST","path":"/api/personas/5df1af0d-e9d8-4505-98fe-9a26b832b7a5/mental-models","status":400,"duration":"0ms","bytes":"145"}
16:15:09.987 [33mwarn[39m: POST /api/personas/5df1af0d-e9d8-4505-98fe-9a26b832b7a5/mental-models 400 {"service":"nords-server","method":"POST","path":"/api/personas/5df1af0d-e9d8-4505-98fe-9a26b832b7a5/mental-models","status":400,"duration":"1ms","bytes":"145"}
16:15:09.989 [33mwarn[39m: POST /api/personas/5df1af0d-e9d8-4505-98fe-9a26b832b7a5/mental-models 400 {"service":"nords-server","method":"POST","path":"/api/personas/5df1af0d-e9d8-4505-98fe-9a26b832b7a5/mental-models","status":400,"duration":"1ms","bytes":"145"}
16:15:09.991 [33mwarn[39m: POST /api/personas/0d6c1c8a-5de6-4db2-b65d-d407d0aa6bdb/mental-models 400 {"service":"nords-server","method":"POST","path":"/api/personas/0d6c1c8a-5de6-4db2-b65d-d407d0aa6bdb/mental-models","status":400,"duration":"1ms","bytes":"145"}
16:15:09.992 [33mwarn[39m: POST /api/personas/0d6c1c8a-5de6-4db2-b65d-d407d0aa6bdb/mental-models 400 {"service":"nords-server","method":"POST","path":"/api/personas/0d6c1c8a-5de6-4db2-b65d-d407d0aa6bdb/mental-models","status":400,"duration":"0ms","bytes":"145"}
16:15:09.993 [33mwarn[39m: POST /api/personas/0d6c1c8a-5de6-4db2-b65d-d407d0aa6bdb/mental-models 400 {"service":"nords-server","method":"POST","path":"/api/personas/0d6c1c8a-5de6-4db2-b65d-d407d0aa6bdb/mental-models","status":400,"duration":"1ms","bytes":"145"}
16:15:09.994 [33mwarn[39m: POST /api/personas/8b519455-5b52-4a85-925c-cb248d6bf422/mental-models 400 {"service":"nords-server","method":"POST","path":"/api/personas/8b519455-5b52-4a85-925c-cb248d6bf422/mental-models","status":400,"duration":"0ms","bytes":"145"}
16:15:09.995 [33mwarn[39m: POST /api/personas/8b519455-5b52-4a85-925c-cb248d6bf422/mental-models 400 {"service":"nords-server","method":"POST","path":"/api/personas/8b519455-5b52-4a85-925c-cb248d6bf422/mental-models","status":400,"duration":"0ms","bytes":"145"}
16:15:09.996 [33mwarn[39m: POST /api/personas/8b519455-5b52-4a85-925c-cb248d6bf422/mental-models 400 {"service":"nords-server","method":"POST","path":"/api/personas/8b519455-5b52-4a85-925c-cb248d6bf422/mental-models","status":400,"duration":"0ms","bytes":"145"}
16:15:09.997 [33mwarn[39m: POST /api/personas/3a869f31-ffe9-4d61-afa2-8707a49c4be8/mental-models 400 {"service":"nords-server","method":"POST","path":"/api/personas/3a869f31-ffe9-4d61-afa2-8707a49c4be8/mental-models","status":400,"duration":"1ms","bytes":"145"}
16:15:09.998 [33mwarn[39m: POST /api/personas/3a869f31-ffe9-4d61-afa2-8707a49c4be8/mental-models 400 {"service":"nords-server","method":"POST","path":"/api/personas/3a869f31-ffe9-4d61-afa2-8707a49c4be8/mental-models","status":400,"duration":"1ms","bytes":"145"}
16:15:09.999 [33mwarn[39m: POST /api/personas/3a869f31-ffe9-4d61-afa2-8707a49c4be8/mental-models 400 {"service":"nords-server","method":"POST","path":"/api/personas/3a869f31-ffe9-4d61-afa2-8707a49c4be8/mental-models","status":400,"duration":"0ms","bytes":"145"}
16:15:10.000 [33mwarn[39m: POST /api/personas/4a214ae6-cf94-4da6-9cc9-a49fbef3ea43/mental-models 400 {"service":"nords-server","method":"POST","path":"/api/personas/4a214ae6-cf94-4da6-9cc9-a49fbef3ea43/mental-models","status":400,"duration":"0ms","bytes":"145"}
16:15:10.001 [33mwarn[39m: POST /api/personas/4a214ae6-cf94-4da6-9cc9-a49fbef3ea43/mental-models 400 {"service":"nords-server","method":"POST","path":"/api/personas/4a214ae6-cf94-4da6-9cc9-a49fbef3ea43/mental-models","status":400,"duration":"0ms","bytes":"145"}
16:15:10.002 [33mwarn[39m: POST /api/personas/4a214ae6-cf94-4da6-9cc9-a49fbef3ea43/mental-models 400 {"service":"nords-server","method":"POST","path":"/api/personas/4a214ae6-cf94-4da6-9cc9-a49fbef3ea43/mental-models","status":400,"duration":"1ms","bytes":"145"}
16:15:10.099 [34mdebug[39m: New client connected to pool {"service":"nords-server"}
16:15:10.110 [34mdebug[39m: New client connected to pool {"service":"nords-server"}
16:15:10.112 [34mdebug[39m: New client connected to pool {"service":"nords-server"}
16:15:10.119 [34mdebug[39m: New client connected to pool {"service":"nords-server"}
16:15:10.119 [34mdebug[39m: New client connected to pool {"service":"nords-server"}
16:15:10.121 [34mdebug[39m: New client connected to pool {"service":"nords-server"}
16:15:10.136 [34mdebug[39m: New client connected to pool {"service":"nords-server"}
16:15:10.141 [34mdebug[39m: New client connected to pool {"service":"nords-server"}
16:15:10.144 [34mdebug[39m: New client connected to pool {"service":"nords-server"}
16:15:10.146 [34mdebug[39m: New client connected to pool {"service":"nords-server"}
16:15:10.151 [34mdebug[39m: New client connected to pool {"service":"nords-server"}
16:15:10.151 [34mdebug[39m: New client connected to pool {"service":"nords-server"}
16:15:10.153 [34mdebug[39m: New client connected to pool {"service":"nords-server"}
16:15:10.161 [34mdebug[39m: New client connected to pool {"service":"nords-server"}
16:15:10.164 [34mdebug[39m: New client connected to pool {"service":"nords-server"}
16:15:10.164 [34mdebug[39m: New client connected to pool {"service":"nords-server"}
16:15:10.167 [34mdebug[39m: New client connected to pool {"service":"nords-server"}
16:15:10.168 [34mdebug[39m: New client connected to pool {"service":"nords-server"}
16:15:10.168 [34mdebug[39m: New client connected to pool {"service":"nords-server"}
16:15:10.169 [34mdebug[39m: New client connected to pool {"service":"nords-server"}
16:15:10.179 [34mdebug[39m: Query executed {"service":"nords-server","text":"INSERT INTO usage_events (account_id, project_id, event_type, quantity, metadata","duration":209,"rows":1}
16:15:10.182 [34mdebug[39m: Query executed {"service":"nords-server","text":"INSERT INTO usage_events (account_id, project_id, event_type, quantity, metadata","duration":205,"rows":1}
16:15:10.182 [34mdebug[39m: Query executed {"service":"nords-server","text":"INSERT INTO usage_events (account_id, project_id, event_type, quantity, metadata","duration":202,"rows":1}
16:15:10.184 [34mdebug[39m: Query executed {"service":"nords-server","text":"INSERT INTO usage_events (account_id, project_id, event_type, quantity, metadata","duration":199,"rows":1}
16:15:10.184 [34mdebug[39m: Query executed {"service":"nords-server","text":"INSERT INTO usage_events (account_id, project_id, event_type, quantity, metadata","duration":205,"rows":1}
16:15:10.189 [34mdebug[39m: Query executed {"service":"nords-server","text":"INSERT INTO usage_events (account_id, project_id, event_type, quantity, metadata","duration":201,"rows":1}
16:15:10.189 [34mdebug[39m: Query executed {"service":"nords-server","text":"INSERT INTO usage_events (account_id, project_id, event_type, quantity, metadata","duration":199,"rows":1}
16:15:10.189 [34mdebug[39m: Query executed {"service":"nords-server","text":"INSERT INTO usage_events (account_id, project_id, event_type, quantity, metadata","duration":206,"rows":1}
16:15:10.189 [34mdebug[39m: Query executed {"service":"nords-server","text":"INSERT INTO usage_events (account_id, project_id, event_type, quantity, metadata","duration":214,"rows":1}
16:15:10.189 [34mdebug[39m: Query executed {"service":"nords-server","text":"INSERT INTO usage_events (account_id, project_id, event_type, quantity, metadata","duration":195,"rows":1}
16:15:10.189 [34mdebug[39m: Query executed {"service":"nords-server","text":"INSERT INTO usage_events (account_id, project_id, event_type, quantity, metadata","duration":197,"rows":1}
16:15:10.190 [34mdebug[39m: Query executed {"service":"nords-server","text":"INSERT INTO usage_events (account_id, project_id, event_type, quantity, metadata","duration":204,"rows":1}
16:15:10.191 [34mdebug[39m: Query executed {"service":"nords-server","text":"INSERT INTO usage_events (account_id, project_id, event_type, quantity, metadata","duration":195,"rows":1}
16:15:10.198 [34mdebug[39m: Query executed {"service":"nords-server","text":"INSERT INTO usage_events (account_id, project_id, event_type, quantity, metadata","duration":203,"rows":1}
16:15:10.202 [34mdebug[39m: Query executed {"service":"nords-server","text":"INSERT INTO usage_events (account_id, project_id, event_type, quantity, metadata","duration":206,"rows":1}
16:15:10.203 [34mdebug[39m: Query executed {"service":"nords-server","text":"INSERT INTO usage_events (account_id, project_id, event_type, quantity, metadata","duration":204,"rows":1}
16:15:10.203 [34mdebug[39m: Query executed {"service":"nords-server","text":"INSERT INTO usage_events (account_id, project_id, event_type, quantity, metadata","duration":203,"rows":1}
16:15:10.204 [34mdebug[39m: Query executed {"service":"nords-server","text":"INSERT INTO usage_events (account_id, project_id, event_type, quantity, metadata","duration":203,"rows":1}
16:15:10.206 [34mdebug[39m: Query executed {"service":"nords-server","text":"INSERT INTO usage_events (account_id, project_id, event_type, quantity, metadata","duration":209,"rows":1}
16:15:10.210 [34mdebug[39m: Query executed {"service":"nords-server","text":"INSERT INTO usage_events (account_id, project_id, event_type, quantity, metadata","duration":218,"rows":1}
16:15:10.211 [34mdebug[39m: Query executed {"service":"nords-server","text":"INSERT INTO usage_events (account_id, project_id, event_type, quantity, metadata","duration":210,"rows":1}
16:15:55.972 [34mdebug[39m: New client connected to pool {"service":"nords-server"}
16:15:55.975 [34mdebug[39m: New client connected to pool {"service":"nords-server"}
16:15:56.007 [34mdebug[39m: Query executed {"service":"nords-server","text":"SELECT COUNT(*)::text AS count FROM persona_mental_models WHERE persona_id = $1","duration":157,"rows":1}
16:15:56.007 [34mdebug[39m: Query executed {"service":"nords-server","text":"INSERT INTO usage_events (account_id, project_id, event_type, quantity, metadata","duration":157,"rows":1}
16:15:56.043 [34mdebug[39m: Query executed {"service":"nords-server","text":"SELECT COALESCE(MAX(sort_order), -1) + 1 AS max FROM persona_mental_models WHERE","duration":36,"rows":1}
16:15:56.076 [34mdebug[39m: Query executed {"service":"nords-server","text":"INSERT INTO persona_mental_models (persona_id, name, body, sort_order)\n       VA","duration":32,"rows":1}
16:15:56.076 [32minfo[39m: POST /api/personas/c27f5ac2-369c-493c-8001-bdd361c287c5/mental-models 201 {"service":"nords-server","method":"POST","path":"/api/personas/c27f5ac2-369c-493c-8001-bdd361c287c5/mental-models","status":201,"duration":"226ms","bytes":"282"}
16:15:56.111 [34mdebug[39m: Query executed {"service":"nords-server","text":"SELECT COUNT(*)::text AS count FROM persona_mental_models WHERE persona_id = $1","duration":29,"rows":1}
16:15:56.113 [34mdebug[39m: Query executed {"service":"nords-server","text":"INSERT INTO usage_events (account_id, project_id, event_type, quantity, metadata","duration":31,"rows":1}
16:15:56.142 [34mdebug[39m: Query executed {"service":"nords-server","text":"SELECT COALESCE(MAX(sort_order), -1) + 1 AS max FROM persona_mental_models WHERE","duration":31,"rows":1}
16:15:56.173 [34mdebug[39m: Query executed {"service":"nords-server","text":"INSERT INTO persona_mental_models (persona_id, name, body, sort_order)\n       VA","duration":31,"rows":1}
16:15:56.174 [32minfo[39m: POST /api/personas/c27f5ac2-369c-493c-8001-bdd361c287c5/mental-models 201 {"service":"nords-server","method":"POST","path":"/api/personas/c27f5ac2-369c-493c-8001-bdd361c287c5/mental-models","status":201,"duration":"92ms","bytes":"315"}
16:15:56.203 [34mdebug[39m: Query executed {"service":"nords-server","text":"SELECT COUNT(*)::text AS count FROM persona_mental_models WHERE persona_id = $1","duration":28,"rows":1}
16:15:56.205 [34mdebug[39m: Query executed {"service":"nords-server","text":"INSERT INTO usage_events (account_id, project_id, event_type, quantity, metadata","duration":30,"rows":1}
16:15:56.235 [34mdebug[39m: Query executed {"service":"nords-server","text":"SELECT COALESCE(MAX(sort_order), -1) + 1 AS max FROM persona_mental_models WHERE","duration":31,"rows":1}
16:15:56.265 [34mdebug[39m: Query executed {"service":"nords-server","text":"INSERT INTO persona_mental_models (persona_id, name, body, sort_order)\n       VA","duration":30,"rows":1}
16:15:56.266 [32minfo[39m: POST /api/personas/c27f5ac2-369c-493c-8001-bdd361c287c5/mental-models 201 {"service":"nords-server","method":"POST","path":"/api/personas/c27f5ac2-369c-493c-8001-bdd361c287c5/mental-models","status":201,"duration":"91ms","bytes":"298"}
16:15:56.295 [34mdebug[39m: Query executed {"service":"nords-server","text":"SELECT COUNT(*)::text AS count FROM persona_mental_models WHERE persona_id = $1","duration":28,"rows":1}
16:15:56.295 [34mdebug[39m: Query executed {"service":"nords-server","text":"INSERT INTO usage_events (account_id, project_id, event_type, quantity, metadata","duration":28,"rows":1}
16:15:56.324 [34mdebug[39m: Query executed {"service":"nords-server","text":"SELECT COALESCE(MAX(sort_order), -1) + 1 AS max FROM persona_mental_models WHERE","duration":29,"rows":1}
16:15:56.358 [34mdebug[39m: Query executed {"service":"nords-server","text":"INSERT INTO persona_mental_models (persona_id, name, body, sort_order)\n       VA","duration":34,"rows":1}
16:15:56.359 [32minfo[39m: POST /api/personas/6dffffaf-da53-45c3-a122-4db469723a5b/mental-models 201 {"service":"nords-server","method":"POST","path":"/api/personas/6dffffaf-da53-45c3-a122-4db469723a5b/mental-models","status":201,"duration":"92ms","bytes":"289"}
16:15:56.389 [34mdebug[39m: Query executed {"service":"nords-server","text":"SELECT COUNT(*)::text AS count FROM persona_mental_models WHERE persona_id = $1","duration":29,"rows":1}
16:15:56.390 [34mdebug[39m: Query executed {"service":"nords-server","text":"INSERT INTO usage_events (account_id, project_id, event_type, quantity, metadata","duration":30,"rows":1}
16:15:56.417 [34mdebug[39m: Query executed {"service":"nords-server","text":"SELECT COALESCE(MAX(sort_order), -1) + 1 AS max FROM persona_mental_models WHERE","duration":28,"rows":1}
16:15:56.447 [34mdebug[39m: Query executed {"service":"nords-server","text":"INSERT INTO persona_mental_models (persona_id, name, body, sort_order)\n       VA","duration":30,"rows":1}
16:15:56.447 [32minfo[39m: POST /api/personas/6dffffaf-da53-45c3-a122-4db469723a5b/mental-models 201 {"service":"nords-server","method":"POST","path":"/api/personas/6dffffaf-da53-45c3-a122-4db469723a5b/mental-models","status":201,"duration":"87ms","bytes":"287"}
16:15:56.481 [34mdebug[39m: Query executed {"service":"nords-server","text":"SELECT COUNT(*)::text AS count FROM persona_mental_models WHERE persona_id = $1","duration":32,"rows":1}
16:15:56.481 [34mdebug[39m: Query executed {"service":"nords-server","text":"INSERT INTO usage_events (account_id, project_id, event_type, quantity, metadata","duration":32,"rows":1}
16:15:56.509 [34mdebug[39m: Query executed {"service":"nords-server","text":"SELECT COALESCE(MAX(sort_order), -1) + 1 AS max FROM persona_mental_models WHERE","duration":28,"rows":1}
16:15:56.542 [34mdebug[39m: Query executed {"service":"nords-server","text":"INSERT INTO persona_mental_models (persona_id, name, body, sort_order)\n       VA","duration":33,"rows":1}
16:15:56.542 [32minfo[39m: POST /api/personas/6dffffaf-da53-45c3-a122-4db469723a5b/mental-models 201 {"service":"nords-server","method":"POST","path":"/api/personas/6dffffaf-da53-45c3-a122-4db469723a5b/mental-models","status":201,"duration":"93ms","bytes":"313"}
16:15:56.572 [34mdebug[39m: Query executed {"service":"nords-server","text":"SELECT COUNT(*)::text AS count FROM persona_mental_models WHERE persona_id = $1","duration":29,"rows":1}
16:15:56.573 [34mdebug[39m: Query executed {"service":"nords-server","text":"INSERT INTO usage_events (account_id, project_id, event_type, quantity, metadata","duration":30,"rows":1}
16:15:56.604 [34mdebug[39m: Query executed {"service":"nords-server","text":"SELECT COALESCE(MAX(sort_order), -1) + 1 AS max FROM persona_mental_models WHERE","duration":32,"rows":1}
16:15:56.635 [34mdebug[39m: Query executed {"service":"nords-server","text":"INSERT INTO persona_mental_models (persona_id, name, body, sort_order)\n       VA","duration":31,"rows":1}
16:15:56.635 [32minfo[39m: POST /api/personas/5df1af0d-e9d8-4505-98fe-9a26b832b7a5/mental-models 201 {"service":"nords-server","method":"POST","path":"/api/personas/5df1af0d-e9d8-4505-98fe-9a26b832b7a5/mental-models","status":201,"duration":"92ms","bytes":"334"}
16:15:56.665 [34mdebug[39m: Query executed {"service":"nords-server","text":"SELECT COUNT(*)::text AS count FROM persona_mental_models WHERE persona_id = $1","duration":29,"rows":1}
16:15:56.666 [34mdebug[39m: Query executed {"service":"nords-server","text":"INSERT INTO usage_events (account_id, project_id, event_type, quantity, metadata","duration":30,"rows":1}
16:15:56.694 [34mdebug[39m: Query executed {"service":"nords-server","text":"SELECT COALESCE(MAX(sort_order), -1) + 1 AS max FROM persona_mental_models WHERE","duration":29,"rows":1}
16:15:56.728 [34mdebug[39m: Query executed {"service":"nords-server","text":"INSERT INTO persona_mental_models (persona_id, name, body, sort_order)\n       VA","duration":34,"rows":1}
16:15:56.728 [32minfo[39m: POST /api/personas/5df1af0d-e9d8-4505-98fe-9a26b832b7a5/mental-models 201 {"service":"nords-server","method":"POST","path":"/api/personas/5df1af0d-e9d8-4505-98fe-9a26b832b7a5/mental-models","status":201,"duration":"92ms","bytes":"271"}
16:15:56.758 [34mdebug[39m: Query executed {"service":"nords-server","text":"SELECT COUNT(*)::text AS count FROM persona_mental_models WHERE persona_id = $1","duration":28,"rows":1}
16:15:56.761 [34mdebug[39m: Query executed {"service":"nords-server","text":"INSERT INTO usage_events (account_id, project_id, event_type, quantity, metadata","duration":31,"rows":1}
16:15:56.788 [34mdebug[39m: Query executed {"service":"nords-server","text":"SELECT COALESCE(MAX(sort_order), -1) + 1 AS max FROM persona_mental_models WHERE","duration":30,"rows":1}
16:15:56.819 [34mdebug[39m: Query executed {"service":"nords-server","text":"INSERT INTO persona_mental_models (persona_id, name, body, sort_order)\n       VA","duration":31,"rows":1}
16:15:56.819 [32minfo[39m: POST /api/personas/5df1af0d-e9d8-4505-98fe-9a26b832b7a5/mental-models 201 {"service":"nords-server","method":"POST","path":"/api/personas/5df1af0d-e9d8-4505-98fe-9a26b832b7a5/mental-models","status":201,"duration":"89ms","bytes":"286"}
16:15:56.850 [34mdebug[39m: Query executed {"service":"nords-server","text":"SELECT COUNT(*)::text AS count FROM persona_mental_models WHERE persona_id = $1","duration":29,"rows":1}
16:15:56.851 [34mdebug[39m: Query executed {"service":"nords-server","text":"INSERT INTO usage_events (account_id, project_id, event_type, quantity, metadata","duration":30,"rows":1}
16:15:56.879 [34mdebug[39m: Query executed {"service":"nords-server","text":"SELECT COALESCE(MAX(sort_order), -1) + 1 AS max FROM persona_mental_models WHERE","duration":29,"rows":1}
16:15:56.911 [34mdebug[39m: Query executed {"service":"nords-server","text":"INSERT INTO persona_mental_models (persona_id, name, body, sort_order)\n       VA","duration":32,"rows":1}
16:15:56.911 [32minfo[39m: POST /api/personas/0d6c1c8a-5de6-4db2-b65d-d407d0aa6bdb/mental-models 201 {"service":"nords-server","method":"POST","path":"/api/personas/0d6c1c8a-5de6-4db2-b65d-d407d0aa6bdb/mental-models","status":201,"duration":"90ms","bytes":"273"}
16:15:56.944 [34mdebug[39m: Query executed {"service":"nords-server","text":"SELECT COUNT(*)::text AS count FROM persona_mental_models WHERE persona_id = $1","duration":32,"rows":1}
16:15:56.947 [34mdebug[39m: Query executed {"service":"nords-server","text":"INSERT INTO usage_events (account_id, project_id, event_type, quantity, metadata","duration":35,"rows":1}
16:15:56.975 [34mdebug[39m: Query executed {"service":"nords-server","text":"SELECT COALESCE(MAX(sort_order), -1) + 1 AS max FROM persona_mental_models WHERE","duration":30,"rows":1}
16:15:57.009 [34mdebug[39m: Query executed {"service":"nords-server","text":"INSERT INTO persona_mental_models (persona_id, name, body, sort_order)\n       VA","duration":33,"rows":1}
16:15:57.009 [32minfo[39m: POST /api/personas/0d6c1c8a-5de6-4db2-b65d-d407d0aa6bdb/mental-models 201 {"service":"nords-server","method":"POST","path":"/api/personas/0d6c1c8a-5de6-4db2-b65d-d407d0aa6bdb/mental-models","status":201,"duration":"97ms","bytes":"303"}
16:15:57.038 [34mdebug[39m: Query executed {"service":"nords-server","text":"SELECT COUNT(*)::text AS count FROM persona_mental_models WHERE persona_id = $1","duration":28,"rows":1}
16:15:57.039 [34mdebug[39m: Query executed {"service":"nords-server","text":"INSERT INTO usage_events (account_id, project_id, event_type, quantity, metadata","duration":29,"rows":1}
16:15:57.067 [34mdebug[39m: Query executed {"service":"nords-server","text":"SELECT COALESCE(MAX(sort_order), -1) + 1 AS max FROM persona_mental_models WHERE","duration":29,"rows":1}
16:15:57.099 [34mdebug[39m: Query executed {"service":"nords-server","text":"INSERT INTO persona_mental_models (persona_id, name, body, sort_order)\n       VA","duration":32,"rows":1}
16:15:57.099 [32minfo[39m: POST /api/personas/0d6c1c8a-5de6-4db2-b65d-d407d0aa6bdb/mental-models 201 {"service":"nords-server","method":"POST","path":"/api/personas/0d6c1c8a-5de6-4db2-b65d-d407d0aa6bdb/mental-models","status":201,"duration":"89ms","bytes":"307"}
16:15:57.127 [34mdebug[39m: Query executed {"service":"nords-server","text":"SELECT COUNT(*)::text AS count FROM persona_mental_models WHERE persona_id = $1","duration":27,"rows":1}
16:15:57.129 [34mdebug[39m: Query executed {"service":"nords-server","text":"INSERT INTO usage_events (account_id, project_id, event_type, quantity, metadata","duration":29,"rows":1}
16:15:57.156 [34mdebug[39m: Query executed {"service":"nords-server","text":"SELECT COALESCE(MAX(sort_order), -1) + 1 AS max FROM persona_mental_models WHERE","duration":28,"rows":1}
16:15:57.188 [34mdebug[39m: Query executed {"service":"nords-server","text":"INSERT INTO persona_mental_models (persona_id, name, body, sort_order)\n       VA","duration":32,"rows":1}
16:15:57.189 [32minfo[39m: POST /api/personas/8b519455-5b52-4a85-925c-cb248d6bf422/mental-models 201 {"service":"nords-server","method":"POST","path":"/api/personas/8b519455-5b52-4a85-925c-cb248d6bf422/mental-models","status":201,"duration":"89ms","bytes":"366"}
16:15:57.219 [34mdebug[39m: Query executed {"service":"nords-server","text":"SELECT COUNT(*)::text AS count FROM persona_mental_models WHERE persona_id = $1","duration":29,"rows":1}
16:15:57.220 [34mdebug[39m: Query executed {"service":"nords-server","text":"INSERT INTO usage_events (account_id, project_id, event_type, quantity, metadata","duration":30,"rows":1}
16:15:57.249 [34mdebug[39m: Query executed {"service":"nords-server","text":"SELECT COALESCE(MAX(sort_order), -1) + 1 AS max FROM persona_mental_models WHERE","duration":30,"rows":1}
16:15:57.281 [34mdebug[39m: Query executed {"service":"nords-server","text":"INSERT INTO persona_mental_models (persona_id, name, body, sort_order)\n       VA","duration":32,"rows":1}
16:15:57.281 [32minfo[39m: POST /api/personas/8b519455-5b52-4a85-925c-cb248d6bf422/mental-models 201 {"service":"nords-server","method":"POST","path":"/api/personas/8b519455-5b52-4a85-925c-cb248d6bf422/mental-models","status":201,"duration":"91ms","bytes":"316"}
16:15:57.311 [34mdebug[39m: Query executed {"service":"nords-server","text":"SELECT COUNT(*)::text AS count FROM persona_mental_models WHERE persona_id = $1","duration":29,"rows":1}
16:15:57.312 [34mdebug[39m: Query executed {"service":"nords-server","text":"INSERT INTO usage_events (account_id, project_id, event_type, quantity, metadata","duration":30,"rows":1}
16:15:57.340 [34mdebug[39m: Query executed {"service":"nords-server","text":"SELECT COALESCE(MAX(sort_order), -1) + 1 AS max FROM persona_mental_models WHERE","duration":29,"rows":1}
16:15:57.369 [34mdebug[39m: Query executed {"service":"nords-server","text":"INSERT INTO persona_mental_models (persona_id, name, body, sort_order)\n       VA","duration":29,"rows":1}
16:15:57.370 [32minfo[39m: POST /api/personas/8b519455-5b52-4a85-925c-cb248d6bf422/mental-models 201 {"service":"nords-server","method":"POST","path":"/api/personas/8b519455-5b52-4a85-925c-cb248d6bf422/mental-models","status":201,"duration":"88ms","bytes":"341"}
16:15:57.398 [34mdebug[39m: Query executed {"service":"nords-server","text":"SELECT COUNT(*)::text AS count FROM persona_mental_models WHERE persona_id = $1","duration":28,"rows":1}
16:15:57.400 [34mdebug[39m: Query executed {"service":"nords-server","text":"INSERT INTO usage_events (account_id, project_id, event_type, quantity, metadata","duration":30,"rows":1}
16:15:57.430 [34mdebug[39m: Query executed {"service":"nords-server","text":"SELECT COALESCE(MAX(sort_order), -1) + 1 AS max FROM persona_mental_models WHERE","duration":32,"rows":1}
16:15:57.461 [34mdebug[39m: Query executed {"service":"nords-server","text":"INSERT INTO persona_mental_models (persona_id, name, body, sort_order)\n       VA","duration":31,"rows":1}
16:15:57.461 [32minfo[39m: POST /api/personas/3a869f31-ffe9-4d61-afa2-8707a49c4be8/mental-models 201 {"service":"nords-server","method":"POST","path":"/api/personas/3a869f31-ffe9-4d61-afa2-8707a49c4be8/mental-models","status":201,"duration":"91ms","bytes":"286"}
16:15:57.490 [34mdebug[39m: Query executed {"service":"nords-server","text":"SELECT COUNT(*)::text AS count FROM persona_mental_models WHERE persona_id = $1","duration":28,"rows":1}
16:15:57.491 [34mdebug[39m: Query executed {"service":"nords-server","text":"INSERT INTO usage_events (account_id, project_id, event_type, quantity, metadata","duration":29,"rows":1}
16:15:57.518 [34mdebug[39m: Query executed {"service":"nords-server","text":"SELECT COALESCE(MAX(sort_order), -1) + 1 AS max FROM persona_mental_models WHERE","duration":28,"rows":1}
16:15:57.551 [34mdebug[39m: Query executed {"service":"nords-server","text":"INSERT INTO persona_mental_models (persona_id, name, body, sort_order)\n       VA","duration":33,"rows":1}
16:15:57.551 [32minfo[39m: POST /api/personas/3a869f31-ffe9-4d61-afa2-8707a49c4be8/mental-models 201 {"service":"nords-server","method":"POST","path":"/api/personas/3a869f31-ffe9-4d61-afa2-8707a49c4be8/mental-models","status":201,"duration":"89ms","bytes":"288"}
16:15:57.581 [34mdebug[39m: Query executed {"service":"nords-server","text":"SELECT COUNT(*)::text AS count FROM persona_mental_models WHERE persona_id = $1","duration":29,"rows":1}
16:15:57.583 [34mdebug[39m: Query executed {"service":"nords-server","text":"INSERT INTO usage_events (account_id, project_id, event_type, quantity, metadata","duration":31,"rows":1}
16:15:57.610 [34mdebug[39m: Query executed {"service":"nords-server","text":"SELECT COALESCE(MAX(sort_order), -1) + 1 AS max FROM persona_mental_models WHERE","duration":28,"rows":1}
16:15:57.642 [34mdebug[39m: Query executed {"service":"nords-server","text":"INSERT INTO persona_mental_models (persona_id, name, body, sort_order)\n       VA","duration":32,"rows":1}
16:15:57.642 [32minfo[39m: POST /api/personas/3a869f31-ffe9-4d61-afa2-8707a49c4be8/mental-models 201 {"service":"nords-server","method":"POST","path":"/api/personas/3a869f31-ffe9-4d61-afa2-8707a49c4be8/mental-models","status":201,"duration":"90ms","bytes":"272"}
16:15:57.673 [34mdebug[39m: Query executed {"service":"nords-server","text":"SELECT COUNT(*)::text AS count FROM persona_mental_models WHERE persona_id = $1","duration":30,"rows":1}
16:15:57.674 [34mdebug[39m: Query executed {"service":"nords-server","text":"INSERT INTO usage_events (account_id, project_id, event_type, quantity, metadata","duration":31,"rows":1}
16:15:57.703 [34mdebug[39m: Query executed {"service":"nords-server","text":"SELECT COALESCE(MAX(sort_order), -1) + 1 AS max FROM persona_mental_models WHERE","duration":30,"rows":1}
16:15:57.734 [34mdebug[39m: Query executed {"service":"nords-server","text":"INSERT INTO persona_mental_models (persona_id, name, body, sort_order)\n       VA","duration":31,"rows":1}
16:15:57.734 [32minfo[39m: POST /api/personas/4a214ae6-cf94-4da6-9cc9-a49fbef3ea43/mental-models 201 {"service":"nords-server","method":"POST","path":"/api/personas/4a214ae6-cf94-4da6-9cc9-a49fbef3ea43/mental-models","status":201,"duration":"91ms","bytes":"318"}
16:15:57.764 [34mdebug[39m: Query executed {"service":"nords-server","text":"SELECT COUNT(*)::text AS count FROM persona_mental_models WHERE persona_id = $1","duration":29,"rows":1}
16:15:57.765 [34mdebug[39m: Query executed {"service":"nords-server","text":"INSERT INTO usage_events (account_id, project_id, event_type, quantity, metadata","duration":30,"rows":1}
16:15:57.796 [34mdebug[39m: Query executed {"service":"nords-server","text":"SELECT COALESCE(MAX(sort_order), -1) + 1 AS max FROM persona_mental_models WHERE","duration":32,"rows":1}
16:15:57.827 [34mdebug[39m: Query executed {"service":"nords-server","text":"INSERT INTO persona_mental_models (persona_id, name, body, sort_order)\n       VA","duration":31,"rows":1}
16:15:57.827 [32minfo[39m: POST /api/personas/4a214ae6-cf94-4da6-9cc9-a49fbef3ea43/mental-models 201 {"service":"nords-server","method":"POST","path":"/api/personas/4a214ae6-cf94-4da6-9cc9-a49fbef3ea43/mental-models","status":201,"duration":"92ms","bytes":"310"}
16:15:57.856 [34mdebug[39m: Query executed {"service":"nords-server","text":"SELECT COUNT(*)::text AS count FROM persona_mental_models WHERE persona_id = $1","duration":28,"rows":1}
16:15:57.857 [34mdebug[39m: Query executed {"service":"nords-server","text":"INSERT INTO usage_events (account_id, project_id, event_type, quantity, metadata","duration":29,"rows":1}
16:15:57.884 [34mdebug[39m: Query executed {"service":"nords-server","text":"SELECT COALESCE(MAX(sort_order), -1) + 1 AS max FROM persona_mental_models WHERE","duration":28,"rows":1}
16:15:57.917 [34mdebug[39m: Query executed {"service":"nords-server","text":"INSERT INTO persona_mental_models (persona_id, name, body, sort_order)\n       VA","duration":33,"rows":1}
16:15:57.917 [32minfo[39m: POST /api/personas/4a214ae6-cf94-4da6-9cc9-a49fbef3ea43/mental-models 201 {"service":"nords-server","method":"POST","path":"/api/personas/4a214ae6-cf94-4da6-9cc9-a49fbef3ea43/mental-models","status":201,"duration":"89ms","bytes":"309"}
16:16:23.722 [34mdebug[39m: New client connected to pool {"service":"nords-server"}
16:16:23.722 [34mdebug[39m: New client connected to pool {"service":"nords-server"}
16:16:23.756 [34mdebug[39m: Query executed {"service":"nords-server","text":"INSERT INTO usage_events (account_id, project_id, event_type, quantity, metadata","duration":162,"rows":1}
16:16:23.868 [34mdebug[39m: Query executed {"service":"nords-server","text":"SELECT fn_load_project_graph($1) AS fn_load_project_graph","duration":273,"rows":1}
16:16:23.869 [32minfo[39m: GET /api/projects/5413fc94-3245-4153-9641-b9d025367e1d/graph 200 {"service":"nords-server","method":"GET","path":"/api/projects/5413fc94-3245-4153-9641-b9d025367e1d/graph","status":200,"duration":"275ms","bytes":"166139"}
16:16:23.910 [34mdebug[39m: Query executed {"service":"nords-server","text":"INSERT INTO usage_events (account_id, project_id, event_type, quantity, metadata","duration":31,"rows":1}
16:16:23.927 [34mdebug[39m: Query executed {"service":"nords-server","text":"\n    INSERT INTO nords (project_id, type_id, title, properties, position_x, posi","duration":48,"rows":1}
16:16:23.927 [32minfo[39m: POST /api/projects/5413fc94-3245-4153-9641-b9d025367e1d/nords 201 {"service":"nords-server","method":"POST","path":"/api/projects/5413fc94-3245-4153-9641-b9d025367e1d/nords","status":201,"duration":"48ms","bytes":"493"}
16:16:23.960 [34mdebug[39m: Query executed {"service":"nords-server","text":"INSERT INTO usage_events (account_id, project_id, event_type, quantity, metadata","duration":31,"rows":1}
16:16:23.966 [34mdebug[39m: Query executed {"service":"nords-server","text":"\n    INSERT INTO nords (project_id, type_id, title, properties, position_x, posi","duration":37,"rows":1}
16:16:23.966 [32minfo[39m: POST /api/projects/5413fc94-3245-4153-9641-b9d025367e1d/nords 201 {"service":"nords-server","method":"POST","path":"/api/projects/5413fc94-3245-4153-9641-b9d025367e1d/nords","status":201,"duration":"37ms","bytes":"490"}
16:16:23.998 [34mdebug[39m: Query executed {"service":"nords-server","text":"INSERT INTO usage_events (account_id, project_id, event_type, quantity, metadata","duration":31,"rows":1}
16:16:23.999 [34mdebug[39m: Query executed {"service":"nords-server","text":"\n    INSERT INTO nords (project_id, type_id, title, properties, position_x, posi","duration":32,"rows":1}
16:16:24.000 [32minfo[39m: POST /api/projects/5413fc94-3245-4153-9641-b9d025367e1d/nords 201 {"service":"nords-server","method":"POST","path":"/api/projects/5413fc94-3245-4153-9641-b9d025367e1d/nords","status":201,"duration":"33ms","bytes":"481"}
16:16:24.031 [34mdebug[39m: Query executed {"service":"nords-server","text":"\n    INSERT INTO nords (project_id, type_id, title, properties, position_x, posi","duration":30,"rows":1}
16:16:24.031 [32minfo[39m: POST /api/projects/5413fc94-3245-4153-9641-b9d025367e1d/nords 201 {"service":"nords-server","method":"POST","path":"/api/projects/5413fc94-3245-4153-9641-b9d025367e1d/nords","status":201,"duration":"30ms","bytes":"478"}
16:16:24.033 [34mdebug[39m: Query executed {"service":"nords-server","text":"INSERT INTO usage_events (account_id, project_id, event_type, quantity, metadata","duration":32,"rows":1}
16:16:24.064 [34mdebug[39m: Query executed {"service":"nords-server","text":"INSERT INTO usage_events (account_id, project_id, event_type, quantity, metadata","duration":31,"rows":1}
16:16:24.156 [34mdebug[39m: New client connected to pool {"service":"nords-server"}
16:16:24.193 [34mdebug[39m: Query executed {"service":"nords-server","text":"\n    INSERT INTO nords (project_id, type_id, title, properties, position_x, posi","duration":160,"rows":1}
16:16:24.193 [32minfo[39m: POST /api/projects/5413fc94-3245-4153-9641-b9d025367e1d/nords 201 {"service":"nords-server","method":"POST","path":"/api/projects/5413fc94-3245-4153-9641-b9d025367e1d/nords","status":201,"duration":"160ms","bytes":"490"}
16:16:24.226 [34mdebug[39m: Query executed {"service":"nords-server","text":"\n    INSERT INTO nords (project_id, type_id, title, properties, position_x, posi","duration":32,"rows":1}
16:16:24.226 [32minfo[39m: POST /api/projects/5413fc94-3245-4153-9641-b9d025367e1d/nords 201 {"service":"nords-server","method":"POST","path":"/api/projects/5413fc94-3245-4153-9641-b9d025367e1d/nords","status":201,"duration":"32ms","bytes":"487"}
16:16:24.227 [34mdebug[39m: Query executed {"service":"nords-server","text":"INSERT INTO usage_events (account_id, project_id, event_type, quantity, metadata","duration":33,"rows":1}
16:28:32.824 [34mdebug[39m: New client connected to pool {"service":"nords-server"}
16:28:32.825 [34mdebug[39m: New client connected to pool {"service":"nords-server"}
16:28:32.860 [34mdebug[39m: Query executed {"service":"nords-server","text":"SELECT COUNT(*)::text AS count FROM persona_mental_models WHERE persona_id = $1","duration":163,"rows":1}
16:28:32.861 [34mdebug[39m: Query executed {"service":"nords-server","text":"INSERT INTO usage_events (account_id, project_id, event_type, quantity, metadata","duration":164,"rows":1}
16:28:32.889 [34mdebug[39m: Query executed {"service":"nords-server","text":"SELECT COALESCE(MAX(sort_order), -1) + 1 AS max FROM persona_mental_models WHERE","duration":29,"rows":1}
16:28:32.923 [34mdebug[39m: Query executed {"service":"nords-server","text":"INSERT INTO persona_mental_models (persona_id, name, body, sort_order)\n       VA","duration":34,"rows":1}
16:28:32.923 [32minfo[39m: POST /api/personas/c27f5ac2-369c-493c-8001-bdd361c287c5/mental-models 201 {"service":"nords-server","method":"POST","path":"/api/personas/c27f5ac2-369c-493c-8001-bdd361c287c5/mental-models","status":201,"duration":"226ms","bytes":"461"}
16:28:32.964 [34mdebug[39m: Query executed {"service":"nords-server","text":"SELECT COUNT(*)::text AS count FROM persona_mental_models WHERE persona_id = $1","duration":34,"rows":1}
16:28:32.964 [34mdebug[39m: Query executed {"service":"nords-server","text":"INSERT INTO usage_events (account_id, project_id, event_type, quantity, metadata","duration":34,"rows":1}
16:28:32.995 [34mdebug[39m: Query executed {"service":"nords-server","text":"SELECT COALESCE(MAX(sort_order), -1) + 1 AS max FROM persona_mental_models WHERE","duration":31,"rows":1}
16:28:33.028 [34mdebug[39m: Query executed {"service":"nords-server","text":"INSERT INTO persona_mental_models (persona_id, name, body, sort_order)\n       VA","duration":32,"rows":1}
16:28:33.028 [32minfo[39m: POST /api/personas/c27f5ac2-369c-493c-8001-bdd361c287c5/mental-models 201 {"service":"nords-server","method":"POST","path":"/api/personas/c27f5ac2-369c-493c-8001-bdd361c287c5/mental-models","status":201,"duration":"98ms","bytes":"438"}
16:28:33.059 [34mdebug[39m: Query executed {"service":"nords-server","text":"SELECT COUNT(*)::text AS count FROM persona_mental_models WHERE persona_id = $1","duration":29,"rows":1}
16:28:33.061 [34mdebug[39m: Query executed {"service":"nords-server","text":"INSERT INTO usage_events (account_id, project_id, event_type, quantity, metadata","duration":31,"rows":1}
16:28:33.091 [34mdebug[39m: Query executed {"service":"nords-server","text":"SELECT COALESCE(MAX(sort_order), -1) + 1 AS max FROM persona_mental_models WHERE","duration":32,"rows":1}
16:28:33.122 [34mdebug[39m: Query executed {"service":"nords-server","text":"INSERT INTO persona_mental_models (persona_id, name, body, sort_order)\n       VA","duration":31,"rows":1}
16:28:33.123 [32minfo[39m: POST /api/personas/6dffffaf-da53-45c3-a122-4db469723a5b/mental-models 201 {"service":"nords-server","method":"POST","path":"/api/personas/6dffffaf-da53-45c3-a122-4db469723a5b/mental-models","status":201,"duration":"93ms","bytes":"432"}
16:28:33.154 [34mdebug[39m: Query executed {"service":"nords-server","text":"SELECT COUNT(*)::text AS count FROM persona_mental_models WHERE persona_id = $1","duration":30,"rows":1}
16:28:33.154 [34mdebug[39m: Query executed {"service":"nords-server","text":"INSERT INTO usage_events (account_id, project_id, event_type, quantity, metadata","duration":30,"rows":1}
16:28:33.184 [34mdebug[39m: Query executed {"service":"nords-server","text":"SELECT COALESCE(MAX(sort_order), -1) + 1 AS max FROM persona_mental_models WHERE","duration":30,"rows":1}
16:28:33.219 [34mdebug[39m: Query executed {"service":"nords-server","text":"INSERT INTO persona_mental_models (persona_id, name, body, sort_order)\n       VA","duration":35,"rows":1}
16:28:33.219 [32minfo[39m: POST /api/personas/6dffffaf-da53-45c3-a122-4db469723a5b/mental-models 201 {"service":"nords-server","method":"POST","path":"/api/personas/6dffffaf-da53-45c3-a122-4db469723a5b/mental-models","status":201,"duration":"95ms","bytes":"456"}
16:28:33.249 [34mdebug[39m: Query executed {"service":"nords-server","text":"SELECT COUNT(*)::text AS count FROM persona_mental_models WHERE persona_id = $1","duration":29,"rows":1}
16:28:33.251 [34mdebug[39m: Query executed {"service":"nords-server","text":"INSERT INTO usage_events (account_id, project_id, event_type, quantity, metadata","duration":31,"rows":1}
16:28:33.279 [34mdebug[39m: Query executed {"service":"nords-server","text":"SELECT COALESCE(MAX(sort_order), -1) + 1 AS max FROM persona_mental_models WHERE","duration":30,"rows":1}
16:28:33.312 [34mdebug[39m: Query executed {"service":"nords-server","text":"INSERT INTO persona_mental_models (persona_id, name, body, sort_order)\n       VA","duration":32,"rows":1}
16:28:33.312 [32minfo[39m: POST /api/personas/5df1af0d-e9d8-4505-98fe-9a26b832b7a5/mental-models 201 {"service":"nords-server","method":"POST","path":"/api/personas/5df1af0d-e9d8-4505-98fe-9a26b832b7a5/mental-models","status":201,"duration":"92ms","bytes":"446"}
16:28:33.349 [34mdebug[39m: Query executed {"service":"nords-server","text":"SELECT COUNT(*)::text AS count FROM persona_mental_models WHERE persona_id = $1","duration":36,"rows":1}
16:28:33.349 [34mdebug[39m: Query executed {"service":"nords-server","text":"INSERT INTO usage_events (account_id, project_id, event_type, quantity, metadata","duration":36,"rows":1}
16:28:33.380 [34mdebug[39m: Query executed {"service":"nords-server","text":"SELECT COALESCE(MAX(sort_order), -1) + 1 AS max FROM persona_mental_models WHERE","duration":31,"rows":1}
16:28:33.411 [34mdebug[39m: Query executed {"service":"nords-server","text":"INSERT INTO persona_mental_models (persona_id, name, body, sort_order)\n       VA","duration":31,"rows":1}
16:28:33.412 [32minfo[39m: POST /api/personas/5df1af0d-e9d8-4505-98fe-9a26b832b7a5/mental-models 201 {"service":"nords-server","method":"POST","path":"/api/personas/5df1af0d-e9d8-4505-98fe-9a26b832b7a5/mental-models","status":201,"duration":"99ms","bytes":"433"}
16:28:33.442 [34mdebug[39m: Query executed {"service":"nords-server","text":"SELECT COUNT(*)::text AS count FROM persona_mental_models WHERE persona_id = $1","duration":27,"rows":1}
16:28:33.444 [34mdebug[39m: Query executed {"service":"nords-server","text":"INSERT INTO usage_events (account_id, project_id, event_type, quantity, metadata","duration":30,"rows":1}
16:28:33.475 [34mdebug[39m: Query executed {"service":"nords-server","text":"SELECT COALESCE(MAX(sort_order), -1) + 1 AS max FROM persona_mental_models WHERE","duration":33,"rows":1}
16:28:33.506 [34mdebug[39m: Query executed {"service":"nords-server","text":"INSERT INTO persona_mental_models (persona_id, name, body, sort_order)\n       VA","duration":31,"rows":1}
16:28:33.507 [32minfo[39m: POST /api/personas/0d6c1c8a-5de6-4db2-b65d-d407d0aa6bdb/mental-models 201 {"service":"nords-server","method":"POST","path":"/api/personas/0d6c1c8a-5de6-4db2-b65d-d407d0aa6bdb/mental-models","status":201,"duration":"93ms","bytes":"447"}
16:28:33.538 [34mdebug[39m: Query executed {"service":"nords-server","text":"SELECT COUNT(*)::text AS count FROM persona_mental_models WHERE persona_id = $1","duration":30,"rows":1}
16:28:33.538 [34mdebug[39m: Query executed {"service":"nords-server","text":"INSERT INTO usage_events (account_id, project_id, event_type, quantity, metadata","duration":30,"rows":1}
16:28:33.568 [34mdebug[39m: Query executed {"service":"nords-server","text":"SELECT COALESCE(MAX(sort_order), -1) + 1 AS max FROM persona_mental_models WHERE","duration":30,"rows":1}
16:28:33.603 [34mdebug[39m: Query executed {"service":"nords-server","text":"INSERT INTO persona_mental_models (persona_id, name, body, sort_order)\n       VA","duration":35,"rows":1}
16:28:33.604 [32minfo[39m: POST /api/personas/0d6c1c8a-5de6-4db2-b65d-d407d0aa6bdb/mental-models 201 {"service":"nords-server","method":"POST","path":"/api/personas/0d6c1c8a-5de6-4db2-b65d-d407d0aa6bdb/mental-models","status":201,"duration":"96ms","bytes":"431"}
16:28:33.634 [34mdebug[39m: Query executed {"service":"nords-server","text":"SELECT COUNT(*)::text AS count FROM persona_mental_models WHERE persona_id = $1","duration":28,"rows":1}
16:28:33.636 [34mdebug[39m: Query executed {"service":"nords-server","text":"INSERT INTO usage_events (account_id, project_id, event_type, quantity, metadata","duration":31,"rows":1}
16:28:33.663 [34mdebug[39m: Query executed {"service":"nords-server","text":"SELECT COALESCE(MAX(sort_order), -1) + 1 AS max FROM persona_mental_models WHERE","duration":29,"rows":1}
16:28:33.695 [34mdebug[39m: Query executed {"service":"nords-server","text":"INSERT INTO persona_mental_models (persona_id, name, body, sort_order)\n       VA","duration":32,"rows":1}
16:28:33.695 [32minfo[39m: POST /api/personas/8b519455-5b52-4a85-925c-cb248d6bf422/mental-models 201 {"service":"nords-server","method":"POST","path":"/api/personas/8b519455-5b52-4a85-925c-cb248d6bf422/mental-models","status":201,"duration":"90ms","bytes":"486"}
16:28:33.730 [34mdebug[39m: Query executed {"service":"nords-server","text":"SELECT COUNT(*)::text AS count FROM persona_mental_models WHERE persona_id = $1","duration":33,"rows":1}
16:28:33.730 [34mdebug[39m: Query executed {"service":"nords-server","text":"INSERT INTO usage_events (account_id, project_id, event_type, quantity, metadata","duration":33,"rows":1}
16:28:33.761 [34mdebug[39m: Query executed {"service":"nords-server","text":"SELECT COALESCE(MAX(sort_order), -1) + 1 AS max FROM persona_mental_models WHERE","duration":31,"rows":1}
16:28:33.795 [34mdebug[39m: Query executed {"service":"nords-server","text":"INSERT INTO persona_mental_models (persona_id, name, body, sort_order)\n       VA","duration":34,"rows":1}
16:28:33.795 [32minfo[39m: POST /api/personas/8b519455-5b52-4a85-925c-cb248d6bf422/mental-models 201 {"service":"nords-server","method":"POST","path":"/api/personas/8b519455-5b52-4a85-925c-cb248d6bf422/mental-models","status":201,"duration":"98ms","bytes":"483"}
16:28:33.824 [34mdebug[39m: Query executed {"service":"nords-server","text":"SELECT COUNT(*)::text AS count FROM persona_mental_models WHERE persona_id = $1","duration":28,"rows":1}
16:28:33.827 [34mdebug[39m: Query executed {"service":"nords-server","text":"INSERT INTO usage_events (account_id, project_id, event_type, quantity, metadata","duration":31,"rows":1}
16:28:33.858 [34mdebug[39m: Query executed {"service":"nords-server","text":"SELECT COALESCE(MAX(sort_order), -1) + 1 AS max FROM persona_mental_models WHERE","duration":33,"rows":1}
16:28:33.890 [34mdebug[39m: Query executed {"service":"nords-server","text":"INSERT INTO persona_mental_models (persona_id, name, body, sort_order)\n       VA","duration":32,"rows":1}
16:28:33.890 [32minfo[39m: POST /api/personas/3a869f31-ffe9-4d61-afa2-8707a49c4be8/mental-models 201 {"service":"nords-server","method":"POST","path":"/api/personas/3a869f31-ffe9-4d61-afa2-8707a49c4be8/mental-models","status":201,"duration":"94ms","bytes":"421"}
16:28:33.921 [34mdebug[39m: Query executed {"service":"nords-server","text":"SELECT COUNT(*)::text AS count FROM persona_mental_models WHERE persona_id = $1","duration":30,"rows":1}
16:28:33.921 [34mdebug[39m: Query executed {"service":"nords-server","text":"INSERT INTO usage_events (account_id, project_id, event_type, quantity, metadata","duration":30,"rows":1}
16:28:33.951 [34mdebug[39m: Query executed {"service":"nords-server","text":"SELECT COALESCE(MAX(sort_order), -1) + 1 AS max FROM persona_mental_models WHERE","duration":30,"rows":1}
16:28:33.985 [34mdebug[39m: Query executed {"service":"nords-server","text":"INSERT INTO persona_mental_models (persona_id, name, body, sort_order)\n       VA","duration":34,"rows":1}
16:28:33.985 [32minfo[39m: POST /api/personas/3a869f31-ffe9-4d61-afa2-8707a49c4be8/mental-models 201 {"service":"nords-server","method":"POST","path":"/api/personas/3a869f31-ffe9-4d61-afa2-8707a49c4be8/mental-models","status":201,"duration":"94ms","bytes":"412"}
16:28:34.015 [34mdebug[39m: Query executed {"service":"nords-server","text":"SELECT COUNT(*)::text AS count FROM persona_mental_models WHERE persona_id = $1","duration":28,"rows":1}
16:28:34.016 [34mdebug[39m: Query executed {"service":"nords-server","text":"INSERT INTO usage_events (account_id, project_id, event_type, quantity, metadata","duration":30,"rows":1}
16:28:34.048 [34mdebug[39m: Query executed {"service":"nords-server","text":"SELECT COALESCE(MAX(sort_order), -1) + 1 AS max FROM persona_mental_models WHERE","duration":33,"rows":1}
16:28:34.079 [34mdebug[39m: Query executed {"service":"nords-server","text":"INSERT INTO persona_mental_models (persona_id, name, body, sort_order)\n       VA","duration":31,"rows":1}
16:28:34.079 [32minfo[39m: POST /api/personas/4a214ae6-cf94-4da6-9cc9-a49fbef3ea43/mental-models 201 {"service":"nords-server","method":"POST","path":"/api/personas/4a214ae6-cf94-4da6-9cc9-a49fbef3ea43/mental-models","status":201,"duration":"93ms","bytes":"384"}
16:28:34.113 [34mdebug[39m: Query executed {"service":"nords-server","text":"SELECT COUNT(*)::text AS count FROM persona_mental_models WHERE persona_id = $1","duration":33,"rows":1}
16:28:34.113 [34mdebug[39m: Query executed {"service":"nords-server","text":"INSERT INTO usage_events (account_id, project_id, event_type, quantity, metadata","duration":33,"rows":1}
16:28:34.147 [34mdebug[39m: Query executed {"service":"nords-server","text":"SELECT COALESCE(MAX(sort_order), -1) + 1 AS max FROM persona_mental_models WHERE","duration":34,"rows":1}
16:28:34.177 [34mdebug[39m: Query executed {"service":"nords-server","text":"INSERT INTO persona_mental_models (persona_id, name, body, sort_order)\n       VA","duration":30,"rows":1}
16:28:34.178 [32minfo[39m: POST /api/personas/4a214ae6-cf94-4da6-9cc9-a49fbef3ea43/mental-models 201 {"service":"nords-server","method":"POST","path":"/api/personas/4a214ae6-cf94-4da6-9cc9-a49fbef3ea43/mental-models","status":201,"duration":"98ms","bytes":"417"}
16:37:45.282 [34mdebug[39m: New client connected to pool {"service":"nords-server"}
16:37:45.282 [34mdebug[39m: New client connected to pool {"service":"nords-server"}
16:37:45.319 [34mdebug[39m: Query executed {"service":"nords-server","text":"INSERT INTO usage_events (account_id, project_id, event_type, quantity, metadata","duration":169,"rows":1}
16:37:45.326 [34mdebug[39m: Query executed {"service":"nords-server","text":"INSERT INTO nord_types (project_id, name, description, icon, accent_color, prope","duration":176,"rows":1}
16:37:45.326 [32minfo[39m: POST /api/projects/5413fc94-3245-4153-9641-b9d025367e1d/nord-types 201 {"service":"nords-server","method":"POST","path":"/api/projects/5413fc94-3245-4153-9641-b9d025367e1d/nord-types","status":201,"duration":"176ms","bytes":"1558"}
16:37:45.366 [34mdebug[39m: Query executed {"service":"nords-server","text":"INSERT INTO nord_types (project_id, name, description, icon, accent_color, prope","duration":33,"rows":1}
16:37:45.367 [32minfo[39m: POST /api/projects/5413fc94-3245-4153-9641-b9d025367e1d/nord-types 201 {"service":"nords-server","method":"POST","path":"/api/projects/5413fc94-3245-4153-9641-b9d025367e1d/nord-types","status":201,"duration":"34ms","bytes":"755"}
16:37:45.367 [34mdebug[39m: Query executed {"service":"nords-server","text":"INSERT INTO usage_events (account_id, project_id, event_type, quantity, metadata","duration":34,"rows":1}
16:37:45.404 [34mdebug[39m: Query executed {"service":"nords-server","text":"INSERT INTO usage_events (account_id, project_id, event_type, quantity, metadata","duration":34,"rows":1}
16:37:45.410 [34mdebug[39m: Query executed {"service":"nords-server","text":"\n    INSERT INTO nords (project_id, type_id, title, properties, position_x, posi","duration":40,"rows":1}
16:37:45.410 [32minfo[39m: POST /api/projects/5413fc94-3245-4153-9641-b9d025367e1d/nords 201 {"service":"nords-server","method":"POST","path":"/api/projects/5413fc94-3245-4153-9641-b9d025367e1d/nords","status":201,"duration":"40ms","bytes":"3217"}
16:37:45.445 [34mdebug[39m: Query executed {"service":"nords-server","text":"INSERT INTO usage_events (account_id, project_id, event_type, quantity, metadata","duration":34,"rows":1}
16:37:45.557 [34mdebug[39m: Query executed {"service":"nords-server","text":"SELECT fn_load_project_graph($1) AS fn_load_project_graph","duration":146,"rows":1}
16:37:45.557 [32minfo[39m: GET /api/projects/5413fc94-3245-4153-9641-b9d025367e1d/graph 200 {"service":"nords-server","method":"GET","path":"/api/projects/5413fc94-3245-4153-9641-b9d025367e1d/graph","status":200,"duration":"146ms","bytes":"174256"}
16:37:54.806 [34mdebug[39m: Query executed {"service":"nords-server","text":"INSERT INTO usage_events (account_id, project_id, event_type, quantity, metadata","duration":38,"rows":1}
16:37:54.904 [34mdebug[39m: Query executed {"service":"nords-server","text":"SELECT fn_load_project_graph($1) AS fn_load_project_graph","duration":135,"rows":1}
16:37:54.904 [32minfo[39m: GET /api/projects/5413fc94-3245-4153-9641-b9d025367e1d/graph 200 {"service":"nords-server","method":"GET","path":"/api/projects/5413fc94-3245-4153-9641-b9d025367e1d/graph","status":200,"duration":"136ms","bytes":"174256"}
16:38:01.669 [34mdebug[39m: Query executed {"service":"nords-server","text":"INSERT INTO usage_events (account_id, project_id, event_type, quantity, metadata","duration":35,"rows":1}
16:38:01.678 [34mdebug[39m: Query executed {"service":"nords-server","text":"SELECT fn_load_project_graph($1) AS fn_load_project_graph","duration":44,"rows":1}
16:38:01.679 [32minfo[39m: GET /api/projects/5413fc94-3245-4153-9641-b9d025367e1d/graph 200 {"service":"nords-server","method":"GET","path":"/api/projects/5413fc94-3245-4153-9641-b9d025367e1d/graph","status":200,"duration":"45ms","bytes":"174256"}
16:38:01.719 [34mdebug[39m: Query executed {"service":"nords-server","text":"INSERT INTO usage_events (account_id, project_id, event_type, quantity, metadata","duration":33,"rows":1}
16:38:01.719 [34mdebug[39m: Query executed {"service":"nords-server","text":"\n    INSERT INTO connections (project_id, type_id, source_nord_id, target_nord_i","duration":33,"rows":1}
16:38:01.720 [32minfo[39m: POST /api/projects/5413fc94-3245-4153-9641-b9d025367e1d/connections 201 {"service":"nords-server","method":"POST","path":"/api/projects/5413fc94-3245-4153-9641-b9d025367e1d/connections","status":201,"duration":"34ms","bytes":"400"}
17:00:23.698 [34mdebug[39m: New client connected to pool {"service":"nords-server"}
17:00:23.698 [34mdebug[39m: New client connected to pool {"service":"nords-server"}
17:00:23.737 [34mdebug[39m: Query executed {"service":"nords-server","text":"INSERT INTO usage_events (account_id, project_id, event_type, quantity, metadata","duration":171,"rows":1}
17:00:23.848 [34mdebug[39m: Query executed {"service":"nords-server","text":"SELECT fn_load_project_graph($1) AS fn_load_project_graph","duration":282,"rows":1}
17:00:23.849 [32minfo[39m: GET /api/projects/5413fc94-3245-4153-9641-b9d025367e1d/graph 200 {"service":"nords-server","method":"GET","path":"/api/projects/5413fc94-3245-4153-9641-b9d025367e1d/graph","status":200,"duration":"283ms","bytes":"174632"}
17:00:23.890 [34mdebug[39m: Query executed {"service":"nords-server","text":"SELECT * FROM nords WHERE id = $1 AND deleted_at IS NULL","duration":34,"rows":1}
17:00:23.890 [34mdebug[39m: Query executed {"service":"nords-server","text":"INSERT INTO usage_events (account_id, project_id, event_type, quantity, metadata","duration":34,"rows":1}
17:00:23.921 [34mdebug[39m: Query executed {"service":"nords-server","text":"SELECT * FROM nord_types WHERE id = $1 AND deleted_at IS NULL","duration":31,"rows":1}
17:00:24.018 [34mdebug[39m: Query executed {"service":"nords-server","text":"\n    UPDATE nords\n    SET properties = properties || $1::jsonb, updated_at = CUR","duration":96,"rows":1}
17:00:24.018 [32minfo[39m: PUT /api/nords/d6c2dd82-a407-4815-83ec-2270cc327797 200 {"service":"nords-server","method":"PUT","path":"/api/nords/d6c2dd82-a407-4815-83ec-2270cc327797","status":200,"duration":"162ms","bytes":"4391"}
17:01:04.090 [34mdebug[39m: New client connected to pool {"service":"nords-server"}
17:01:04.090 [34mdebug[39m: New client connected to pool {"service":"nords-server"}
17:01:04.124 [34mdebug[39m: Query executed {"service":"nords-server","text":"INSERT INTO usage_events (account_id, project_id, event_type, quantity, metadata","duration":172,"rows":1}
17:01:04.134 [34mdebug[39m: Query executed {"service":"nords-server","text":"UPDATE personas SET name = $1, updated_at = CURRENT_TIMESTAMP WHERE id = $2 AND ","duration":182,"rows":1}
17:01:04.134 [32minfo[39m: PUT /api/personas/c27f5ac2-369c-493c-8001-bdd361c287c5 200 {"service":"nords-server","method":"PUT","path":"/api/personas/c27f5ac2-369c-493c-8001-bdd361c287c5","status":200,"duration":"182ms","bytes":"379"}
17:01:04.172 [34mdebug[39m: Query executed {"service":"nords-server","text":"UPDATE personas SET name = $1, updated_at = CURRENT_TIMESTAMP WHERE id = $2 AND ","duration":32,"rows":1}
17:01:04.173 [32minfo[39m: PUT /api/personas/6dffffaf-da53-45c3-a122-4db469723a5b 200 {"service":"nords-server","method":"PUT","path":"/api/personas/6dffffaf-da53-45c3-a122-4db469723a5b","status":200,"duration":"33ms","bytes":"383"}
17:01:04.173 [34mdebug[39m: Query executed {"service":"nords-server","text":"INSERT INTO usage_events (account_id, project_id, event_type, quantity, metadata","duration":33,"rows":1}
17:01:04.209 [34mdebug[39m: Query executed {"service":"nords-server","text":"INSERT INTO usage_events (account_id, project_id, event_type, quantity, metadata","duration":35,"rows":1}
17:01:04.209 [34mdebug[39m: Query executed {"service":"nords-server","text":"UPDATE personas SET name = $1, updated_at = CURRENT_TIMESTAMP WHERE id = $2 AND ","duration":34,"rows":1}
17:01:04.209 [32minfo[39m: PUT /api/personas/5df1af0d-e9d8-4505-98fe-9a26b832b7a5 200 {"service":"nords-server","method":"PUT","path":"/api/personas/5df1af0d-e9d8-4505-98fe-9a26b832b7a5","status":200,"duration":"35ms","bytes":"367"}
17:01:04.244 [34mdebug[39m: Query executed {"service":"nords-server","text":"UPDATE personas SET name = $1, updated_at = CURRENT_TIMESTAMP WHERE id = $2 AND ","duration":33,"rows":1}
17:01:04.245 [32minfo[39m: PUT /api/personas/0d6c1c8a-5de6-4db2-b65d-d407d0aa6bdb 200 {"service":"nords-server","method":"PUT","path":"/api/personas/0d6c1c8a-5de6-4db2-b65d-d407d0aa6bdb","status":200,"duration":"34ms","bytes":"375"}
17:01:04.245 [34mdebug[39m: Query executed {"service":"nords-server","text":"INSERT INTO usage_events (account_id, project_id, event_type, quantity, metadata","duration":34,"rows":1}
17:01:04.278 [34mdebug[39m: Query executed {"service":"nords-server","text":"UPDATE personas SET name = $1, updated_at = CURRENT_TIMESTAMP WHERE id = $2 AND ","duration":32,"rows":1}
17:01:04.278 [32minfo[39m: PUT /api/personas/8b519455-5b52-4a85-925c-cb248d6bf422 200 {"service":"nords-server","method":"PUT","path":"/api/personas/8b519455-5b52-4a85-925c-cb248d6bf422","status":200,"duration":"32ms","bytes":"379"}
17:01:04.278 [34mdebug[39m: Query executed {"service":"nords-server","text":"INSERT INTO usage_events (account_id, project_id, event_type, quantity, metadata","duration":32,"rows":1}
17:01:04.313 [34mdebug[39m: Query executed {"service":"nords-server","text":"INSERT INTO usage_events (account_id, project_id, event_type, quantity, metadata","duration":34,"rows":1}
17:01:04.314 [34mdebug[39m: Query executed {"service":"nords-server","text":"UPDATE personas SET name = $1, updated_at = CURRENT_TIMESTAMP WHERE id = $2 AND ","duration":35,"rows":1}
17:01:04.314 [32minfo[39m: PUT /api/personas/3a869f31-ffe9-4d61-afa2-8707a49c4be8 200 {"service":"nords-server","method":"PUT","path":"/api/personas/3a869f31-ffe9-4d61-afa2-8707a49c4be8","status":200,"duration":"35ms","bytes":"379"}
17:01:04.348 [34mdebug[39m: Query executed {"service":"nords-server","text":"UPDATE personas SET name = $1, updated_at = CURRENT_TIMESTAMP WHERE id = $2 AND ","duration":32,"rows":1}
17:01:04.348 [32minfo[39m: PUT /api/personas/4a214ae6-cf94-4da6-9cc9-a49fbef3ea43 200 {"service":"nords-server","method":"PUT","path":"/api/personas/4a214ae6-cf94-4da6-9cc9-a49fbef3ea43","status":200,"duration":"32ms","bytes":"375"}
17:01:04.348 [34mdebug[39m: Query executed {"service":"nords-server","text":"INSERT INTO usage_events (account_id, project_id, event_type, quantity, metadata","duration":32,"rows":1}
17:01:18.224 [34mdebug[39m: New client connected to pool {"service":"nords-server"}
17:01:18.233 [34mdebug[39m: New client connected to pool {"service":"nords-server"}
17:01:18.259 [34mdebug[39m: Query executed {"service":"nords-server","text":"INSERT INTO usage_events (account_id, project_id, event_type, quantity, metadata","duration":163,"rows":1}
17:01:18.386 [34mdebug[39m: Query executed {"service":"nords-server","text":"SELECT fn_load_project_graph($1) AS fn_load_project_graph","duration":290,"rows":1}
17:01:18.387 [32minfo[39m: GET /api/projects/5413fc94-3245-4153-9641-b9d025367e1d/graph 200 {"service":"nords-server","method":"GET","path":"/api/projects/5413fc94-3245-4153-9641-b9d025367e1d/graph","status":200,"duration":"291ms","bytes":"175806"}
17:01:25.653 [34mdebug[39m: Query executed {"service":"nords-server","text":"INSERT INTO usage_events (account_id, project_id, event_type, quantity, metadata","duration":37,"rows":1}
17:01:25.760 [34mdebug[39m: Query executed {"service":"nords-server","text":"SELECT fn_load_project_graph($1) AS fn_load_project_graph","duration":144,"rows":1}
17:01:25.760 [32minfo[39m: GET /api/projects/5413fc94-3245-4153-9641-b9d025367e1d/graph 200 {"service":"nords-server","method":"GET","path":"/api/projects/5413fc94-3245-4153-9641-b9d025367e1d/graph","status":200,"duration":"144ms","bytes":"175806"}
17:02:04.374 [34mdebug[39m: New client connected to pool {"service":"nords-server"}
17:02:04.374 [34mdebug[39m: New client connected to pool {"service":"nords-server"}
17:02:04.413 [34mdebug[39m: Query executed {"service":"nords-server","text":"SELECT * FROM nords WHERE id = $1 AND deleted_at IS NULL","duration":168,"rows":1}
17:02:04.413 [34mdebug[39m: Query executed {"service":"nords-server","text":"INSERT INTO usage_events (account_id, project_id, event_type, quantity, metadata","duration":168,"rows":1}
17:02:04.446 [34mdebug[39m: Query executed {"service":"nords-server","text":"SELECT * FROM nord_types WHERE id = $1 AND deleted_at IS NULL","duration":33,"rows":1}
17:02:04.483 [34mdebug[39m: Query executed {"service":"nords-server","text":"\n    UPDATE nords\n    SET title = $1, properties = properties || $2::jsonb, upda","duration":37,"rows":1}
17:02:04.483 [32minfo[39m: PUT /api/nords/4e3ca07c-9793-475b-9288-ce6cfd84ed31 200 {"service":"nords-server","method":"PUT","path":"/api/nords/4e3ca07c-9793-475b-9288-ce6cfd84ed31","status":200,"duration":"238ms","bytes":"740"}
17:02:04.522 [34mdebug[39m: Query executed {"service":"nords-server","text":"SELECT * FROM nords WHERE id = $1 AND deleted_at IS NULL","duration":32,"rows":1}
17:02:04.522 [34mdebug[39m: Query executed {"service":"nords-server","text":"INSERT INTO usage_events (account_id, project_id, event_type, quantity, metadata","duration":32,"rows":1}
17:02:04.552 [34mdebug[39m: Query executed {"service":"nords-server","text":"SELECT * FROM nord_types WHERE id = $1 AND deleted_at IS NULL","duration":30,"rows":1}
17:02:04.590 [34mdebug[39m: Query executed {"service":"nords-server","text":"\n    UPDATE nords\n    SET title = $1, properties = properties || $2::jsonb, upda","duration":38,"rows":1}
17:02:04.590 [32minfo[39m: PUT /api/nords/4346898d-2471-43fe-bb18-3a28b241e9f7 200 {"service":"nords-server","method":"PUT","path":"/api/nords/4346898d-2471-43fe-bb18-3a28b241e9f7","status":200,"duration":"100ms","bytes":"745"}
17:02:04.622 [34mdebug[39m: Query executed {"service":"nords-server","text":"INSERT INTO usage_events (account_id, project_id, event_type, quantity, metadata","duration":30,"rows":1}
17:02:04.622 [34mdebug[39m: Query executed {"service":"nords-server","text":"SELECT * FROM nords WHERE id = $1 AND deleted_at IS NULL","duration":30,"rows":1}
17:02:04.657 [34mdebug[39m: Query executed {"service":"nords-server","text":"SELECT * FROM nord_types WHERE id = $1 AND deleted_at IS NULL","duration":35,"rows":1}
17:02:04.691 [34mdebug[39m: Query executed {"service":"nords-server","text":"\n    UPDATE nords\n    SET title = $1, properties = properties || $2::jsonb, upda","duration":33,"rows":1}
17:02:04.691 [32minfo[39m: PUT /api/nords/cc45a3d3-cde4-4597-9688-a2a8451cb35f 200 {"service":"nords-server","method":"PUT","path":"/api/nords/cc45a3d3-cde4-4597-9688-a2a8451cb35f","status":200,"duration":"99ms","bytes":"728"}
17:02:04.723 [34mdebug[39m: Query executed {"service":"nords-server","text":"SELECT * FROM nords WHERE id = $1 AND deleted_at IS NULL","duration":30,"rows":1}
17:02:04.727 [34mdebug[39m: Query executed {"service":"nords-server","text":"INSERT INTO usage_events (account_id, project_id, event_type, quantity, metadata","duration":34,"rows":1}
17:02:04.761 [34mdebug[39m: Query executed {"service":"nords-server","text":"SELECT * FROM nord_types WHERE id = $1 AND deleted_at IS NULL","duration":38,"rows":1}
17:02:04.792 [34mdebug[39m: Query executed {"service":"nords-server","text":"\n    UPDATE nords\n    SET title = $1, properties = properties || $2::jsonb, upda","duration":30,"rows":1}
17:02:04.793 [32minfo[39m: PUT /api/nords/b1ea8289-e16b-46ef-a5ef-ab5ac975c9cf 200 {"service":"nords-server","method":"PUT","path":"/api/nords/b1ea8289-e16b-46ef-a5ef-ab5ac975c9cf","status":200,"duration":"100ms","bytes":"737"}
17:02:04.824 [34mdebug[39m: Query executed {"service":"nords-server","text":"INSERT INTO usage_events (account_id, project_id, event_type, quantity, metadata","duration":30,"rows":1}
17:02:04.824 [34mdebug[39m: Query executed {"service":"nords-server","text":"SELECT * FROM nords WHERE id = $1 AND deleted_at IS NULL","duration":30,"rows":1}
17:02:04.854 [34mdebug[39m: Query executed {"service":"nords-server","text":"SELECT * FROM nord_types WHERE id = $1 AND deleted_at IS NULL","duration":30,"rows":1}
17:02:04.891 [34mdebug[39m: Query executed {"service":"nords-server","text":"\n    UPDATE nords\n    SET title = $1, properties = properties || $2::jsonb, upda","duration":37,"rows":1}
17:02:04.891 [32minfo[39m: PUT /api/nords/d8beb994-b89d-45f2-802d-386edf7682fe 200 {"service":"nords-server","method":"PUT","path":"/api/nords/d8beb994-b89d-45f2-802d-386edf7682fe","status":200,"duration":"97ms","bytes":"723"}
17:02:04.922 [34mdebug[39m: Query executed {"service":"nords-server","text":"SELECT * FROM nords WHERE id = $1 AND deleted_at IS NULL","duration":30,"rows":1}
17:02:04.923 [34mdebug[39m: Query executed {"service":"nords-server","text":"INSERT INTO usage_events (account_id, project_id, event_type, quantity, metadata","duration":31,"rows":1}
17:02:04.950 [34mdebug[39m: Query executed {"service":"nords-server","text":"SELECT * FROM nord_types WHERE id = $1 AND deleted_at IS NULL","duration":28,"rows":1}
17:02:04.980 [34mdebug[39m: Query executed {"service":"nords-server","text":"\n    UPDATE nords\n    SET title = $1, properties = properties || $2::jsonb, upda","duration":30,"rows":1}
17:02:04.981 [32minfo[39m: PUT /api/nords/16ae7a56-9224-44c1-8485-e150ece56296 200 {"service":"nords-server","method":"PUT","path":"/api/nords/16ae7a56-9224-44c1-8485-e150ece56296","status":200,"duration":"89ms","bytes":"712"}
17:02:05.015 [34mdebug[39m: Query executed {"service":"nords-server","text":"INSERT INTO usage_events (account_id, project_id, event_type, quantity, metadata","duration":33,"rows":1}
17:02:05.015 [34mdebug[39m: Query executed {"service":"nords-server","text":"SELECT * FROM nords WHERE id = $1 AND deleted_at IS NULL","duration":33,"rows":1}
17:02:05.047 [34mdebug[39m: Query executed {"service":"nords-server","text":"SELECT * FROM nord_types WHERE id = $1 AND deleted_at IS NULL","duration":32,"rows":1}
17:02:05.082 [34mdebug[39m: Query executed {"service":"nords-server","text":"\n    UPDATE nords\n    SET title = $1, properties = properties || $2::jsonb, upda","duration":34,"rows":1}
17:02:05.082 [32minfo[39m: PUT /api/nords/6bf62d43-ff0e-4d45-8015-22e542ad2b1c 200 {"service":"nords-server","method":"PUT","path":"/api/nords/6bf62d43-ff0e-4d45-8015-22e542ad2b1c","status":200,"duration":"100ms","bytes":"752"}
17:02:05.112 [34mdebug[39m: Query executed {"service":"nords-server","text":"SELECT * FROM nords WHERE id = $1 AND deleted_at IS NULL","duration":29,"rows":1}
17:02:05.113 [34mdebug[39m: Query executed {"service":"nords-server","text":"INSERT INTO usage_events (account_id, project_id, event_type, quantity, metadata","duration":30,"rows":1}
17:02:05.142 [34mdebug[39m: Query executed {"service":"nords-server","text":"SELECT * FROM nord_types WHERE id = $1 AND deleted_at IS NULL","duration":30,"rows":1}
17:02:05.173 [34mdebug[39m: Query executed {"service":"nords-server","text":"\n    UPDATE nords\n    SET title = $1, properties = properties || $2::jsonb, upda","duration":31,"rows":1}
17:02:05.174 [32minfo[39m: PUT /api/nords/0601a544-b90e-4d12-9844-098f54c57e51 200 {"service":"nords-server","method":"PUT","path":"/api/nords/0601a544-b90e-4d12-9844-098f54c57e51","status":200,"duration":"91ms","bytes":"771"}
17:02:05.207 [34mdebug[39m: Query executed {"service":"nords-server","text":"INSERT INTO usage_events (account_id, project_id, event_type, quantity, metadata","duration":31,"rows":1}
17:02:05.207 [34mdebug[39m: Query executed {"service":"nords-server","text":"SELECT * FROM nords WHERE id = $1 AND deleted_at IS NULL","duration":31,"rows":1}
17:02:05.238 [34mdebug[39m: Query executed {"service":"nords-server","text":"SELECT * FROM nord_types WHERE id = $1 AND deleted_at IS NULL","duration":31,"rows":1}
17:02:05.272 [34mdebug[39m: Query executed {"service":"nords-server","text":"\n    UPDATE nords\n    SET title = $1, properties = properties || $2::jsonb, upda","duration":34,"rows":1}
17:02:05.273 [32minfo[39m: PUT /api/nords/2c9467d8-c796-45b5-8fcb-9db48ed773e1 200 {"service":"nords-server","method":"PUT","path":"/api/nords/2c9467d8-c796-45b5-8fcb-9db48ed773e1","status":200,"duration":"97ms","bytes":"785"}
17:02:05.304 [34mdebug[39m: Query executed {"service":"nords-server","text":"SELECT * FROM nords WHERE id = $1 AND deleted_at IS NULL","duration":29,"rows":1}
17:02:05.307 [34mdebug[39m: Query executed {"service":"nords-server","text":"INSERT INTO usage_events (account_id, project_id, event_type, quantity, metadata","duration":32,"rows":1}
17:02:05.334 [34mdebug[39m: Query executed {"service":"nords-server","text":"SELECT * FROM nord_types WHERE id = $1 AND deleted_at IS NULL","duration":29,"rows":1}
17:02:05.366 [34mdebug[39m: Query executed {"service":"nords-server","text":"\n    UPDATE nords\n    SET title = $1, properties = properties || $2::jsonb, upda","duration":32,"rows":1}
17:02:05.366 [32minfo[39m: PUT /api/nords/e031875a-b748-4d95-b29f-9510dc4e386a 200 {"service":"nords-server","method":"PUT","path":"/api/nords/e031875a-b748-4d95-b29f-9510dc4e386a","status":200,"duration":"91ms","bytes":"782"}
17:46:01.726 [33mwarn[39m: No Firebase config found. Auth middleware will run in PASSTHROUGH mode. {"service":"nords-server"}
17:46:01.729 [32minfo[39m: Nords API listening on port 3000 {"service":"nords-server"}
17:46:01.730 [32minfo[39m: Swagger UI available at http://localhost:3000/api-docs {"service":"nords-server"}
17:46:01.729 [33mwarn[39m: No Firebase config found. Auth middleware will run in PASSTHROUGH mode. {"service":"nords-server"}
17:46:01.732 [32minfo[39m: Nords API listening on port 3000 {"service":"nords-server"}
17:46:01.733 [32minfo[39m: Swagger UI available at http://localhost:3000/api-docs {"service":"nords-server"}
17:46:01.730 [33mwarn[39m: No Firebase config found. Auth middleware will run in PASSTHROUGH mode. {"service":"nords-server"}
17:46:01.734 [32minfo[39m: Nords API listening on port 3000 {"service":"nords-server"}
17:46:01.734 [32minfo[39m: Swagger UI available at http://localhost:3000/api-docs {"service":"nords-server"}
17:46:01.731 [33mwarn[39m: No Firebase config found. Auth middleware will run in PASSTHROUGH mode. {"service":"nords-server"}
17:46:01.735 [32minfo[39m: Nords API listening on port 3000 {"service":"nords-server"}
17:46:01.735 [32minfo[39m: Swagger UI available at http://localhost:3000/api-docs {"service":"nords-server"}
17:46:40.494 [33mwarn[39m: No Firebase config found. Auth middleware will run in PASSTHROUGH mode. {"service":"nords-server"}
17:46:40.498 [32minfo[39m: Nords API listening on port 3000 {"service":"nords-server"}
17:46:40.498 [32minfo[39m: Swagger UI available at http://localhost:3000/api-docs {"service":"nords-server"}
17:46:40.497 [33mwarn[39m: No Firebase config found. Auth middleware will run in PASSTHROUGH mode. {"service":"nords-server"}
17:46:40.500 [32minfo[39m: Nords API listening on port 3000 {"service":"nords-server"}
17:46:40.500 [32minfo[39m: Swagger UI available at http://localhost:3000/api-docs {"service":"nords-server"}
17:46:40.498 [33mwarn[39m: No Firebase config found. Auth middleware will run in PASSTHROUGH mode. {"service":"nords-server"}
17:46:40.501 [32minfo[39m: Nords API listening on port 3000 {"service":"nords-server"}
17:46:40.501 [32minfo[39m: Swagger UI available at http://localhost:3000/api-docs {"service":"nords-server"}
17:46:40.500 [33mwarn[39m: No Firebase config found. Auth middleware will run in PASSTHROUGH mode. {"service":"nords-server"}
17:46:40.503 [32minfo[39m: Nords API listening on port 3000 {"service":"nords-server"}
17:46:40.503 [32minfo[39m: Swagger UI available at http://localhost:3000/api-docs {"service":"nords-server"}
17:46:56.929 [34mdebug[39m: New client connected to pool {"service":"nords-server"}
17:46:56.929 [34mdebug[39m: New client connected to pool {"service":"nords-server"}
17:46:56.930 [34mdebug[39m: New client connected to pool {"service":"nords-server"}
17:46:56.930 [34mdebug[39m: New client connected to pool {"service":"nords-server"}
17:46:56.976 [34mdebug[39m: Query executed {"service":"nords-server","text":"SELECT * FROM personas WHERE project_id = $1 AND deleted_at IS NULL ORDER BY sor","duration":184,"rows":10}
17:46:56.990 [34mdebug[39m: Query executed {"service":"nords-server","text":"INSERT INTO usage_events (account_id, project_id, event_type, quantity, metadata","duration":197,"rows":1}
17:46:56.991 [34mdebug[39m: Query executed {"service":"nords-server","text":"INSERT INTO usage_events (account_id, project_id, event_type, quantity, metadata","duration":200,"rows":1}
17:46:57.013 [34mdebug[39m: Query executed {"service":"nords-server","text":"SELECT * FROM persona_mental_models WHERE persona_id = ANY($1) ORDER BY sort_ord","duration":37,"rows":37}
17:46:57.047 [34mdebug[39m: Query executed {"service":"nords-server","text":"SELECT * FROM persona_category_weights WHERE persona_id = ANY($1)","duration":34,"rows":30}
17:46:57.048 [32minfo[39m: GET /api/projects/5413fc94-3245-4153-9641-b9d025367e1d/personas 200 {"service":"nords-server","method":"GET","path":"/api/projects/5413fc94-3245-4153-9641-b9d025367e1d/personas","status":200,"duration":"258ms","bytes":"22474"}
17:46:57.082 [34mdebug[39m: Query executed {"service":"nords-server","text":"SELECT * FROM personas WHERE project_id = $1 AND deleted_at IS NULL ORDER BY sor","duration":32,"rows":10}
17:46:57.082 [34mdebug[39m: Query executed {"service":"nords-server","text":"INSERT INTO usage_events (account_id, project_id, event_type, quantity, metadata","duration":33,"rows":1}
17:46:57.114 [34mdebug[39m: Query executed {"service":"nords-server","text":"SELECT * FROM persona_mental_models WHERE persona_id = ANY($1) ORDER BY sort_ord","duration":32,"rows":37}
17:46:57.143 [34mdebug[39m: Query executed {"service":"nords-server","text":"SELECT fn_load_project_graph($1) AS fn_load_project_graph","duration":349,"rows":1}
17:46:57.144 [32minfo[39m: GET /api/projects/5413fc94-3245-4153-9641-b9d025367e1d/graph 200 {"service":"nords-server","method":"GET","path":"/api/projects/5413fc94-3245-4153-9641-b9d025367e1d/graph","status":200,"duration":"351ms","bytes":"178476"}
17:46:57.149 [34mdebug[39m: Query executed {"service":"nords-server","text":"SELECT * FROM persona_category_weights WHERE persona_id = ANY($1)","duration":35,"rows":30}
17:46:57.149 [32minfo[39m: GET /api/projects/5413fc94-3245-4153-9641-b9d025367e1d/personas 304 {"service":"nords-server","method":"GET","path":"/api/projects/5413fc94-3245-4153-9641-b9d025367e1d/personas","status":304,"duration":"100ms"}
17:47:04.444 [33mwarn[39m: Auth bypassed: dev mode (VITE_SKIP_AUTH or demo-api-key) {"service":"nords-client","clientTimestamp":"2026-05-13T21:46:56.618Z","userId":"dev-user-000"}
17:47:04.444 [33mwarn[39m: Auth bypassed: dev mode (VITE_SKIP_AUTH or demo-api-key) {"service":"nords-client","clientTimestamp":"2026-05-13T21:46:56.619Z","userId":"dev-user-000"}
17:47:04.445 [32minfo[39m: POST /api/logs 200 {"service":"nords-server","method":"POST","path":"/api/logs","status":200,"duration":"2ms","bytes":"14"}
17:47:04.482 [34mdebug[39m: Query executed {"service":"nords-server","text":"INSERT INTO usage_events (account_id, project_id, event_type, quantity, metadata","duration":38,"rows":1}
18:27:52.548 [33mwarn[39m: No Firebase config found. Auth middleware will run in PASSTHROUGH mode. {"service":"nords-server"}
18:27:52.548 [33mwarn[39m: No Firebase config found. Auth middleware will run in PASSTHROUGH mode. {"service":"nords-server"}
18:27:52.548 [33mwarn[39m: No Firebase config found. Auth middleware will run in PASSTHROUGH mode. {"service":"nords-server"}
18:27:52.551 [32minfo[39m: Nords API listening on port 3000 {"service":"nords-server"}
18:27:52.551 [32minfo[39m: Swagger UI available at http://localhost:3000/api-docs {"service":"nords-server"}
18:27:52.551 [32minfo[39m: Nords API listening on port 3000 {"service":"nords-server"}
18:27:52.551 [32minfo[39m: Swagger UI available at http://localhost:3000/api-docs {"service":"nords-server"}
18:27:52.551 [32minfo[39m: Nords API listening on port 3000 {"service":"nords-server"}
18:27:52.552 [32minfo[39m: Swagger UI available at http://localhost:3000/api-docs {"service":"nords-server"}
18:27:52.549 [33mwarn[39m: No Firebase config found. Auth middleware will run in PASSTHROUGH mode. {"service":"nords-server"}
18:27:52.552 [32minfo[39m: Nords API listening on port 3000 {"service":"nords-server"}
18:27:52.552 [32minfo[39m: Swagger UI available at http://localhost:3000/api-docs {"service":"nords-server"}
18:28:30.996 [34mdebug[39m: New client connected to pool {"service":"nords-server"}
18:28:30.997 [34mdebug[39m: New client connected to pool {"service":"nords-server"}
18:28:31.001 [34mdebug[39m: New client connected to pool {"service":"nords-server"}
18:28:31.001 [34mdebug[39m: New client connected to pool {"service":"nords-server"}
18:28:31.034 [34mdebug[39m: Query executed {"service":"nords-server","text":"SELECT * FROM personas WHERE project_id = $1 AND deleted_at IS NULL ORDER BY sor","duration":166,"rows":10}
18:28:31.037 [34mdebug[39m: Query executed {"service":"nords-server","text":"INSERT INTO usage_events (account_id, project_id, event_type, quantity, metadata","duration":172,"rows":1}
18:28:31.038 [34mdebug[39m: Query executed {"service":"nords-server","text":"INSERT INTO usage_events (account_id, project_id, event_type, quantity, metadata","duration":171,"rows":1}
18:28:31.065 [34mdebug[39m: Query executed {"service":"nords-server","text":"SELECT * FROM persona_mental_models WHERE persona_id = ANY($1) ORDER BY sort_ord","duration":31,"rows":37}
18:28:31.096 [34mdebug[39m: Query executed {"service":"nords-server","text":"SELECT * FROM persona_category_weights WHERE persona_id = ANY($1)","duration":31,"rows":30}
18:28:31.097 [32minfo[39m: GET /api/projects/5413fc94-3245-4153-9641-b9d025367e1d/personas 304 {"service":"nords-server","method":"GET","path":"/api/projects/5413fc94-3245-4153-9641-b9d025367e1d/personas","status":304,"duration":"230ms"}
18:28:31.140 [34mdebug[39m: Query executed {"service":"nords-server","text":"SELECT fn_load_project_graph($1) AS fn_load_project_graph","duration":274,"rows":1}
18:28:31.141 [32minfo[39m: GET /api/projects/5413fc94-3245-4153-9641-b9d025367e1d/graph 304 {"service":"nords-server","method":"GET","path":"/api/projects/5413fc94-3245-4153-9641-b9d025367e1d/graph","status":304,"duration":"276ms"}
18:28:34.443 [33mwarn[39m: Auth bypassed: dev mode (VITE_SKIP_AUTH or demo-api-key) {"service":"nords-client","clientTimestamp":"2026-05-13T22:28:30.637Z","userId":"dev-user-000"}
18:28:34.444 [33mwarn[39m: Auth bypassed: dev mode (VITE_SKIP_AUTH or demo-api-key) {"service":"nords-client","clientTimestamp":"2026-05-13T22:28:30.637Z","userId":"dev-user-000"}
18:28:34.445 [32minfo[39m: POST /api/logs 200 {"service":"nords-server","method":"POST","path":"/api/logs","status":200,"duration":"3ms","bytes":"14"}
18:28:34.478 [34mdebug[39m: Query executed {"service":"nords-server","text":"INSERT INTO usage_events (account_id, project_id, event_type, quantity, metadata","duration":36,"rows":1}
18:29:54.866 [33mwarn[39m: No Firebase config found. Auth middleware will run in PASSTHROUGH mode. {"service":"nords-server"}
18:29:54.871 [32minfo[39m: Nords API listening on port 3000 {"service":"nords-server"}
18:29:54.871 [32minfo[39m: Swagger UI available at http://localhost:3000/api-docs {"service":"nords-server"}
18:29:54.869 [33mwarn[39m: No Firebase config found. Auth middleware will run in PASSTHROUGH mode. {"service":"nords-server"}
18:29:54.872 [32minfo[39m: Nords API listening on port 3000 {"service":"nords-server"}
18:29:54.873 [32minfo[39m: Swagger UI available at http://localhost:3000/api-docs {"service":"nords-server"}
18:29:54.872 [33mwarn[39m: No Firebase config found. Auth middleware will run in PASSTHROUGH mode. {"service":"nords-server"}
18:29:54.877 [32minfo[39m: Nords API listening on port 3000 {"service":"nords-server"}
18:29:54.877 [32minfo[39m: Swagger UI available at http://localhost:3000/api-docs {"service":"nords-server"}
18:29:54.875 [33mwarn[39m: No Firebase config found. Auth middleware will run in PASSTHROUGH mode. {"service":"nords-server"}
18:29:54.879 [32minfo[39m: Nords API listening on port 3000 {"service":"nords-server"}
18:29:54.880 [32minfo[39m: Swagger UI available at http://localhost:3000/api-docs {"service":"nords-server"}
18:30:10.883 [33mwarn[39m: No Firebase config found. Auth middleware will run in PASSTHROUGH mode. {"service":"nords-server"}
18:30:10.882 [33mwarn[39m: No Firebase config found. Auth middleware will run in PASSTHROUGH mode. {"service":"nords-server"}
18:30:10.886 [32minfo[39m: Nords API listening on port 3000 {"service":"nords-server"}
18:30:10.886 [32minfo[39m: Swagger UI available at http://localhost:3000/api-docs {"service":"nords-server"}
18:30:10.886 [32minfo[39m: Nords API listening on port 3000 {"service":"nords-server"}
18:30:10.886 [32minfo[39m: Swagger UI available at http://localhost:3000/api-docs {"service":"nords-server"}
18:30:10.882 [33mwarn[39m: No Firebase config found. Auth middleware will run in PASSTHROUGH mode. {"service":"nords-server"}
18:30:10.886 [32minfo[39m: Nords API listening on port 3000 {"service":"nords-server"}
18:30:10.886 [32minfo[39m: Swagger UI available at http://localhost:3000/api-docs {"service":"nords-server"}
18:30:10.883 [33mwarn[39m: No Firebase config found. Auth middleware will run in PASSTHROUGH mode. {"service":"nords-server"}
18:30:10.886 [32minfo[39m: Nords API listening on port 3000 {"service":"nords-server"}
18:30:10.886 [32minfo[39m: Swagger UI available at http://localhost:3000/api-docs {"service":"nords-server"}
18:30:34.293 [33mwarn[39m: No Firebase config found. Auth middleware will run in PASSTHROUGH mode. {"service":"nords-server"}
18:30:34.293 [33mwarn[39m: No Firebase config found. Auth middleware will run in PASSTHROUGH mode. {"service":"nords-server"}
18:30:34.296 [32minfo[39m: Nords API listening on port 3000 {"service":"nords-server"}
18:30:34.296 [32minfo[39m: Swagger UI available at http://localhost:3000/api-docs {"service":"nords-server"}
18:30:34.296 [32minfo[39m: Nords API listening on port 3000 {"service":"nords-server"}
18:30:34.296 [32minfo[39m: Swagger UI available at http://localhost:3000/api-docs {"service":"nords-server"}
18:30:34.293 [33mwarn[39m: No Firebase config found. Auth middleware will run in PASSTHROUGH mode. {"service":"nords-server"}
18:30:34.296 [32minfo[39m: Nords API listening on port 3000 {"service":"nords-server"}
18:30:34.296 [32minfo[39m: Swagger UI available at http://localhost:3000/api-docs {"service":"nords-server"}
18:30:34.296 [33mwarn[39m: No Firebase config found. Auth middleware will run in PASSTHROUGH mode. {"service":"nords-server"}
18:30:34.300 [32minfo[39m: Nords API listening on port 3000 {"service":"nords-server"}
18:30:34.300 [32minfo[39m: Swagger UI available at http://localhost:3000/api-docs {"service":"nords-server"}
19:45:38.990 [34mdebug[39m: New client connected to pool {"service":"nords-server"}
19:45:38.991 [34mdebug[39m: New client connected to pool {"service":"nords-server"}
19:45:39.029 [34mdebug[39m: Query executed {"service":"nords-server","text":"SELECT * FROM projects WHERE deleted_at IS NULL ORDER BY updated_at DESC","duration":170,"rows":1}
19:45:39.030 [32minfo[39m: GET /api/projects 200 {"service":"nords-server","method":"GET","path":"/api/projects","status":200,"duration":"173ms","bytes":"1540"}
19:45:39.030 [34mdebug[39m: Query executed {"service":"nords-server","text":"INSERT INTO usage_events (account_id, project_id, event_type, quantity, metadata","duration":173,"rows":1}
19:45:45.257 [34mdebug[39m: Query executed {"service":"nords-server","text":"INSERT INTO usage_events (account_id, project_id, event_type, quantity, metadata","duration":34,"rows":1}
19:45:45.259 [31merror[39m: Query failed
error: insert or update on table "projects" violates foreign key constraint "projects_org_id_fkey"
    at /Users/danielcrowder/Desktop/Projects/nords/node_modules/.pnpm/pg-pool@3.13.0_pg@8.20.0/node_modules/pg-pool/index.js:45:11
    at process.processTicksAndRejections (node:internal/process/task_queues:105:5)
    at async query (/Users/danielcrowder/Desktop/Projects/nords/server/src/db.ts:32:17)
    at async queryOne (/Users/danielcrowder/Desktop/Projects/nords/server/src/db.ts:52:16)
    at async <anonymous> (/Users/danielcrowder/Desktop/Projects/nords/server/src/routes/projects.ts:67:21) {"service":"nords-server","text":"\n    INSERT INTO projects (org_id, name, description, purpose, icon, created_by, mcp_enabled, mcp_capture_data, mcp_muta","duration":34,"error":"insert or update on table \"projects\" violates foreign key constraint \"projects_org_id_fkey\""}
19:45:45.259 [31merror[39m: Failed to create project {"service":"nords-server","error":"insert or update on table \"projects\" violates foreign key constraint \"projects_org_id_fkey\"","name":"Proposal Director Demo"}
19:45:45.259 [31merror[39m: POST /api/projects 500 {"service":"nords-server","method":"POST","path":"/api/projects","status":500,"duration":"37ms","bytes":"36"}
19:46:22.503 [34mdebug[39m: New client connected to pool {"service":"nords-server"}
19:46:22.504 [34mdebug[39m: New client connected to pool {"service":"nords-server"}
19:46:22.539 [34mdebug[39m: Query executed {"service":"nords-server","text":"\n    INSERT INTO projects (org_id, name, description, purpose, icon, created_by,","duration":161,"rows":1}
19:46:22.539 [32minfo[39m: POST /api/projects 201 {"service":"nords-server","method":"POST","path":"/api/projects","status":201,"duration":"161ms","bytes":"594"}
19:46:22.540 [34mdebug[39m: Query executed {"service":"nords-server","text":"INSERT INTO usage_events (account_id, project_id, event_type, quantity, metadata","duration":162,"rows":1}
19:46:27.951 [34mdebug[39m: Query executed {"service":"nords-server","text":"INSERT INTO usage_events (account_id, project_id, event_type, quantity, metadata","duration":32,"rows":1}
19:46:27.980 [34mdebug[39m: Query executed {"service":"nords-server","text":"\n    UPDATE projects\n    SET mcp_enabled = $1, mcp_mutable = $2, mcp_system_prom","duration":60,"rows":1}
19:46:27.981 [32minfo[39m: PUT /api/projects/0d0dad3d-99c6-4f1d-8028-01ed8736b6e2 200 {"service":"nords-server","method":"PUT","path":"/api/projects/0d0dad3d-99c6-4f1d-8028-01ed8736b6e2","status":200,"duration":"62ms","bytes":"1681"}
19:46:28.018 [34mdebug[39m: Query executed {"service":"nords-server","text":"INSERT INTO usage_events (account_id, project_id, event_type, quantity, metadata","duration":32,"rows":1}
19:46:28.021 [34mdebug[39m: Query executed {"service":"nords-server","text":"INSERT INTO nord_types (project_id, name, description, icon, accent_color, prope","duration":35,"rows":1}
19:46:28.022 [32minfo[39m: POST /api/projects/0d0dad3d-99c6-4f1d-8028-01ed8736b6e2/nord-types 201 {"service":"nords-server","method":"POST","path":"/api/projects/0d0dad3d-99c6-4f1d-8028-01ed8736b6e2/nord-types","status":201,"duration":"37ms","bytes":"1023"}
19:46:28.057 [34mdebug[39m: Query executed {"service":"nords-server","text":"INSERT INTO usage_events (account_id, project_id, event_type, quantity, metadata","duration":34,"rows":1}
19:46:28.057 [34mdebug[39m: Query executed {"service":"nords-server","text":"INSERT INTO nord_types (project_id, name, description, icon, accent_color, prope","duration":33,"rows":1}
19:46:28.057 [32minfo[39m: POST /api/projects/0d0dad3d-99c6-4f1d-8028-01ed8736b6e2/nord-types 201 {"service":"nords-server","method":"POST","path":"/api/projects/0d0dad3d-99c6-4f1d-8028-01ed8736b6e2/nord-types","status":201,"duration":"34ms","bytes":"924"}
19:46:28.089 [34mdebug[39m: Query executed {"service":"nords-server","text":"INSERT INTO usage_events (account_id, project_id, event_type, quantity, metadata","duration":30,"rows":1}
19:46:28.090 [34mdebug[39m: Query executed {"service":"nords-server","text":"INSERT INTO nord_types (project_id, name, description, icon, accent_color, prope","duration":31,"rows":1}
19:46:28.090 [32minfo[39m: POST /api/projects/0d0dad3d-99c6-4f1d-8028-01ed8736b6e2/nord-types 201 {"service":"nords-server","method":"POST","path":"/api/projects/0d0dad3d-99c6-4f1d-8028-01ed8736b6e2/nord-types","status":201,"duration":"31ms","bytes":"649"}
19:46:28.122 [34mdebug[39m: Query executed {"service":"nords-server","text":"INSERT INTO nord_types (project_id, name, description, icon, accent_color, prope","duration":31,"rows":1}
19:46:28.122 [32minfo[39m: POST /api/projects/0d0dad3d-99c6-4f1d-8028-01ed8736b6e2/nord-types 201 {"service":"nords-server","method":"POST","path":"/api/projects/0d0dad3d-99c6-4f1d-8028-01ed8736b6e2/nord-types","status":201,"duration":"31ms","bytes":"558"}
19:46:28.122 [34mdebug[39m: Query executed {"service":"nords-server","text":"INSERT INTO usage_events (account_id, project_id, event_type, quantity, metadata","duration":31,"rows":1}
19:46:28.155 [34mdebug[39m: Query executed {"service":"nords-server","text":"INSERT INTO nord_types (project_id, name, description, icon, accent_color, prope","duration":31,"rows":1}
19:46:28.156 [32minfo[39m: POST /api/projects/0d0dad3d-99c6-4f1d-8028-01ed8736b6e2/nord-types 201 {"service":"nords-server","method":"POST","path":"/api/projects/0d0dad3d-99c6-4f1d-8028-01ed8736b6e2/nord-types","status":201,"duration":"32ms","bytes":"642"}
19:46:28.156 [34mdebug[39m: Query executed {"service":"nords-server","text":"INSERT INTO usage_events (account_id, project_id, event_type, quantity, metadata","duration":32,"rows":1}
19:46:28.228 [34mdebug[39m: Query executed {"service":"nords-server","text":"INSERT INTO usage_events (account_id, project_id, event_type, quantity, metadata","duration":71,"rows":1}
19:46:28.228 [34mdebug[39m: Query executed {"service":"nords-server","text":"INSERT INTO nord_types (project_id, name, description, icon, accent_color, prope","duration":71,"rows":1}
19:46:28.228 [32minfo[39m: POST /api/projects/0d0dad3d-99c6-4f1d-8028-01ed8736b6e2/nord-types 201 {"service":"nords-server","method":"POST","path":"/api/projects/0d0dad3d-99c6-4f1d-8028-01ed8736b6e2/nord-types","status":201,"duration":"71ms","bytes":"640"}
19:46:28.259 [34mdebug[39m: Query executed {"service":"nords-server","text":"INSERT INTO usage_events (account_id, project_id, event_type, quantity, metadata","duration":29,"rows":1}
19:46:28.263 [34mdebug[39m: Query executed {"service":"nords-server","text":"INSERT INTO nord_types (project_id, name, description, icon, accent_color, prope","duration":33,"rows":1}
19:46:28.264 [32minfo[39m: POST /api/projects/0d0dad3d-99c6-4f1d-8028-01ed8736b6e2/nord-types 201 {"service":"nords-server","method":"POST","path":"/api/projects/0d0dad3d-99c6-4f1d-8028-01ed8736b6e2/nord-types","status":201,"duration":"34ms","bytes":"797"}
19:46:28.301 [34mdebug[39m: Query executed {"service":"nords-server","text":"INSERT INTO usage_events (account_id, project_id, event_type, quantity, metadata","duration":35,"rows":1}
19:46:28.307 [34mdebug[39m: Query executed {"service":"nords-server","text":"INSERT INTO connection_types (project_id, name, description, accent_color, strok","duration":41,"rows":1}
19:46:28.307 [32minfo[39m: POST /api/projects/0d0dad3d-99c6-4f1d-8028-01ed8736b6e2/connection-types 201 {"service":"nords-server","method":"POST","path":"/api/projects/0d0dad3d-99c6-4f1d-8028-01ed8736b6e2/connection-types","status":201,"duration":"41ms","bytes":"707"}
19:46:28.341 [34mdebug[39m: Query executed {"service":"nords-server","text":"INSERT INTO usage_events (account_id, project_id, event_type, quantity, metadata","duration":32,"rows":1}
19:46:28.342 [34mdebug[39m: Query executed {"service":"nords-server","text":"INSERT INTO connection_types (project_id, name, description, accent_color, strok","duration":33,"rows":1}
19:46:28.342 [32minfo[39m: POST /api/projects/0d0dad3d-99c6-4f1d-8028-01ed8736b6e2/connection-types 201 {"service":"nords-server","method":"POST","path":"/api/projects/0d0dad3d-99c6-4f1d-8028-01ed8736b6e2/connection-types","status":201,"duration":"33ms","bytes":"450"}
19:46:28.375 [34mdebug[39m: Query executed {"service":"nords-server","text":"INSERT INTO usage_events (account_id, project_id, event_type, quantity, metadata","duration":32,"rows":1}
19:46:28.377 [34mdebug[39m: Query executed {"service":"nords-server","text":"INSERT INTO connection_types (project_id, name, description, accent_color, strok","duration":34,"rows":1}
19:46:28.377 [32minfo[39m: POST /api/projects/0d0dad3d-99c6-4f1d-8028-01ed8736b6e2/connection-types 201 {"service":"nords-server","method":"POST","path":"/api/projects/0d0dad3d-99c6-4f1d-8028-01ed8736b6e2/connection-types","status":201,"duration":"34ms","bytes":"450"}
19:46:28.409 [34mdebug[39m: Query executed {"service":"nords-server","text":"INSERT INTO usage_events (account_id, project_id, event_type, quantity, metadata","duration":31,"rows":1}
19:46:28.409 [34mdebug[39m: Query executed {"service":"nords-server","text":"INSERT INTO connection_types (project_id, name, description, accent_color, strok","duration":31,"rows":1}
19:46:28.410 [32minfo[39m: POST /api/projects/0d0dad3d-99c6-4f1d-8028-01ed8736b6e2/connection-types 201 {"service":"nords-server","method":"POST","path":"/api/projects/0d0dad3d-99c6-4f1d-8028-01ed8736b6e2/connection-types","status":201,"duration":"32ms","bytes":"448"}
19:46:28.440 [34mdebug[39m: Query executed {"service":"nords-server","text":"INSERT INTO connection_types (project_id, name, description, accent_color, strok","duration":29,"rows":1}
19:46:28.441 [32minfo[39m: POST /api/projects/0d0dad3d-99c6-4f1d-8028-01ed8736b6e2/connection-types 201 {"service":"nords-server","method":"POST","path":"/api/projects/0d0dad3d-99c6-4f1d-8028-01ed8736b6e2/connection-types","status":201,"duration":"31ms","bytes":"445"}
19:46:28.441 [34mdebug[39m: Query executed {"service":"nords-server","text":"INSERT INTO usage_events (account_id, project_id, event_type, quantity, metadata","duration":31,"rows":1}
19:46:28.471 [34mdebug[39m: Query executed {"service":"nords-server","text":"INSERT INTO connection_types (project_id, name, description, accent_color, strok","duration":29,"rows":1}
19:46:28.472 [32minfo[39m: POST /api/projects/0d0dad3d-99c6-4f1d-8028-01ed8736b6e2/connection-types 201 {"service":"nords-server","method":"POST","path":"/api/projects/0d0dad3d-99c6-4f1d-8028-01ed8736b6e2/connection-types","status":201,"duration":"30ms","bytes":"446"}
19:46:28.472 [34mdebug[39m: Query executed {"service":"nords-server","text":"INSERT INTO usage_events (account_id, project_id, event_type, quantity, metadata","duration":30,"rows":1}
19:46:28.504 [34mdebug[39m: Query executed {"service":"nords-server","text":"INSERT INTO connection_types (project_id, name, description, accent_color, strok","duration":32,"rows":1}
19:46:28.505 [32minfo[39m: POST /api/projects/0d0dad3d-99c6-4f1d-8028-01ed8736b6e2/connection-types 201 {"service":"nords-server","method":"POST","path":"/api/projects/0d0dad3d-99c6-4f1d-8028-01ed8736b6e2/connection-types","status":201,"duration":"33ms","bytes":"588"}
19:46:28.505 [34mdebug[39m: Query executed {"service":"nords-server","text":"INSERT INTO usage_events (account_id, project_id, event_type, quantity, metadata","duration":33,"rows":1}
19:46:28.539 [34mdebug[39m: Query executed {"service":"nords-server","text":"INSERT INTO usage_events (account_id, project_id, event_type, quantity, metadata","duration":34,"rows":1}
19:46:28.540 [34mdebug[39m: Query executed {"service":"nords-server","text":"INSERT INTO personas (project_id, name, avatar_seed)\n       VALUES ($1, $2, $3) ","duration":34,"rows":1}
19:46:28.540 [32minfo[39m: POST /api/projects/0d0dad3d-99c6-4f1d-8028-01ed8736b6e2/personas 201 {"service":"nords-server","method":"POST","path":"/api/projects/0d0dad3d-99c6-4f1d-8028-01ed8736b6e2/personas","status":201,"duration":"35ms","bytes":"420"}
19:46:28.571 [34mdebug[39m: Query executed {"service":"nords-server","text":"INSERT INTO usage_events (account_id, project_id, event_type, quantity, metadata","duration":30,"rows":1}
19:46:28.574 [34mdebug[39m: Query executed {"service":"nords-server","text":"INSERT INTO persona_category_weights (persona_id, connection_type_id, weight)\n  ","duration":33,"rows":1}
19:46:28.574 [32minfo[39m: PUT /api/personas/0b3dd0d2-8b7b-4cc0-8c40-7a5366eedd54/weights/c60f4c60-d0a2-426e-9fd8-db272529704e 200 {"service":"nords-server","method":"PUT","path":"/api/personas/0b3dd0d2-8b7b-4cc0-8c40-7a5366eedd54/weights/c60f4c60-d0a2-426e-9fd8-db272529704e","status":200,"duration":"33ms","bytes":"170"}
19:46:28.605 [34mdebug[39m: Query executed {"service":"nords-server","text":"INSERT INTO persona_category_weights (persona_id, connection_type_id, weight)\n  ","duration":30,"rows":1}
19:46:28.605 [32minfo[39m: PUT /api/personas/0b3dd0d2-8b7b-4cc0-8c40-7a5366eedd54/weights/cd96d42d-28a1-4f04-9c7d-74e8e8427341 200 {"service":"nords-server","method":"PUT","path":"/api/personas/0b3dd0d2-8b7b-4cc0-8c40-7a5366eedd54/weights/cd96d42d-28a1-4f04-9c7d-74e8e8427341","status":200,"duration":"30ms","bytes":"169"}
19:46:28.606 [34mdebug[39m: Query executed {"service":"nords-server","text":"INSERT INTO usage_events (account_id, project_id, event_type, quantity, metadata","duration":31,"rows":1}
19:46:28.636 [34mdebug[39m: Query executed {"service":"nords-server","text":"INSERT INTO personas (project_id, name, avatar_seed)\n       VALUES ($1, $2, $3) ","duration":30,"rows":1}
19:46:28.636 [32minfo[39m: POST /api/projects/0d0dad3d-99c6-4f1d-8028-01ed8736b6e2/personas 201 {"service":"nords-server","method":"POST","path":"/api/projects/0d0dad3d-99c6-4f1d-8028-01ed8736b6e2/personas","status":201,"duration":"30ms","bytes":"424"}
19:46:28.637 [34mdebug[39m: Query executed {"service":"nords-server","text":"INSERT INTO usage_events (account_id, project_id, event_type, quantity, metadata","duration":31,"rows":1}
19:46:28.666 [34mdebug[39m: Query executed {"service":"nords-server","text":"INSERT INTO persona_category_weights (persona_id, connection_type_id, weight)\n  ","duration":29,"rows":1}
19:46:28.666 [32minfo[39m: PUT /api/personas/629a7d40-43ca-430b-9361-36d4d09118dd/weights/351ebc0b-8a58-4d8a-8859-09bdb9374521 200 {"service":"nords-server","method":"PUT","path":"/api/personas/629a7d40-43ca-430b-9361-36d4d09118dd/weights/351ebc0b-8a58-4d8a-8859-09bdb9374521","status":200,"duration":"29ms","bytes":"170"}
19:46:28.666 [34mdebug[39m: Query executed {"service":"nords-server","text":"INSERT INTO usage_events (account_id, project_id, event_type, quantity, metadata","duration":29,"rows":1}
19:46:28.697 [34mdebug[39m: Query executed {"service":"nords-server","text":"INSERT INTO persona_category_weights (persona_id, connection_type_id, weight)\n  ","duration":30,"rows":1}
19:46:28.697 [32minfo[39m: PUT /api/personas/629a7d40-43ca-430b-9361-36d4d09118dd/weights/bc692eb0-2be3-498f-8bd8-d7d3938aeed9 200 {"service":"nords-server","method":"PUT","path":"/api/personas/629a7d40-43ca-430b-9361-36d4d09118dd/weights/bc692eb0-2be3-498f-8bd8-d7d3938aeed9","status":200,"duration":"30ms","bytes":"169"}
19:46:28.698 [34mdebug[39m: Query executed {"service":"nords-server","text":"INSERT INTO usage_events (account_id, project_id, event_type, quantity, metadata","duration":31,"rows":1}
19:46:28.727 [34mdebug[39m: Query executed {"service":"nords-server","text":"INSERT INTO usage_events (account_id, project_id, event_type, quantity, metadata","duration":28,"rows":1}
19:46:28.820 [34mdebug[39m: New client connected to pool {"service":"nords-server"}
19:46:28.854 [34mdebug[39m: Query executed {"service":"nords-server","text":"INSERT INTO persona_category_weights (persona_id, connection_type_id, weight)\n  ","duration":156,"rows":1}
19:46:28.854 [32minfo[39m: PUT /api/personas/629a7d40-43ca-430b-9361-36d4d09118dd/weights/c60f4c60-d0a2-426e-9fd8-db272529704e 200 {"service":"nords-server","method":"PUT","path":"/api/personas/629a7d40-43ca-430b-9361-36d4d09118dd/weights/c60f4c60-d0a2-426e-9fd8-db272529704e","status":200,"duration":"156ms","bytes":"169"}
19:46:28.886 [34mdebug[39m: Query executed {"service":"nords-server","text":"INSERT INTO personas (project_id, name, avatar_seed)\n       VALUES ($1, $2, $3) ","duration":31,"rows":1}
19:46:28.886 [32minfo[39m: POST /api/projects/0d0dad3d-99c6-4f1d-8028-01ed8736b6e2/personas 201 {"service":"nords-server","method":"POST","path":"/api/projects/0d0dad3d-99c6-4f1d-8028-01ed8736b6e2/personas","status":201,"duration":"31ms","bytes":"408"}
19:46:28.887 [34mdebug[39m: Query executed {"service":"nords-server","text":"INSERT INTO usage_events (account_id, project_id, event_type, quantity, metadata","duration":32,"rows":1}
19:46:28.917 [34mdebug[39m: Query executed {"service":"nords-server","text":"INSERT INTO usage_events (account_id, project_id, event_type, quantity, metadata","duration":30,"rows":1}
19:46:28.919 [34mdebug[39m: Query executed {"service":"nords-server","text":"INSERT INTO personas (project_id, name, avatar_seed)\n       VALUES ($1, $2, $3) ","duration":32,"rows":1}
19:46:28.919 [32minfo[39m: POST /api/projects/0d0dad3d-99c6-4f1d-8028-01ed8736b6e2/personas 201 {"service":"nords-server","method":"POST","path":"/api/projects/0d0dad3d-99c6-4f1d-8028-01ed8736b6e2/personas","status":201,"duration":"32ms","bytes":"416"}
19:46:28.950 [34mdebug[39m: Query executed {"service":"nords-server","text":"INSERT INTO usage_events (account_id, project_id, event_type, quantity, metadata","duration":30,"rows":1}
19:46:28.982 [34mdebug[39m: Query executed {"service":"nords-server","text":"\n    INSERT INTO nords (project_id, type_id, title, properties, position_x, posi","duration":62,"rows":1}
19:46:28.982 [32minfo[39m: POST /api/projects/0d0dad3d-99c6-4f1d-8028-01ed8736b6e2/nords 201 {"service":"nords-server","method":"POST","path":"/api/projects/0d0dad3d-99c6-4f1d-8028-01ed8736b6e2/nords","status":201,"duration":"62ms","bytes":"486"}
19:46:29.012 [34mdebug[39m: Query executed {"service":"nords-server","text":"INSERT INTO usage_events (account_id, project_id, event_type, quantity, metadata","duration":29,"rows":1}
19:46:29.018 [34mdebug[39m: Query executed {"service":"nords-server","text":"\n    INSERT INTO nords (project_id, type_id, title, properties, position_x, posi","duration":35,"rows":1}
19:46:29.019 [32minfo[39m: POST /api/projects/0d0dad3d-99c6-4f1d-8028-01ed8736b6e2/nords 201 {"service":"nords-server","method":"POST","path":"/api/projects/0d0dad3d-99c6-4f1d-8028-01ed8736b6e2/nords","status":201,"duration":"36ms","bytes":"479"}
19:46:29.049 [34mdebug[39m: Query executed {"service":"nords-server","text":"\n    INSERT INTO nords (project_id, type_id, title, properties, position_x, posi","duration":30,"rows":1}
19:46:29.049 [32minfo[39m: POST /api/projects/0d0dad3d-99c6-4f1d-8028-01ed8736b6e2/nords 201 {"service":"nords-server","method":"POST","path":"/api/projects/0d0dad3d-99c6-4f1d-8028-01ed8736b6e2/nords","status":201,"duration":"30ms","bytes":"469"}
19:46:29.049 [34mdebug[39m: Query executed {"service":"nords-server","text":"INSERT INTO usage_events (account_id, project_id, event_type, quantity, metadata","duration":30,"rows":1}
19:46:29.080 [34mdebug[39m: Query executed {"service":"nords-server","text":"INSERT INTO usage_events (account_id, project_id, event_type, quantity, metadata","duration":30,"rows":1}
19:46:29.080 [34mdebug[39m: Query executed {"service":"nords-server","text":"\n    INSERT INTO nords (project_id, type_id, title, properties, position_x, posi","duration":30,"rows":1}
19:46:29.080 [32minfo[39m: POST /api/projects/0d0dad3d-99c6-4f1d-8028-01ed8736b6e2/nords 201 {"service":"nords-server","method":"POST","path":"/api/projects/0d0dad3d-99c6-4f1d-8028-01ed8736b6e2/nords","status":201,"duration":"30ms","bytes":"460"}
19:46:29.112 [34mdebug[39m: Query executed {"service":"nords-server","text":"INSERT INTO usage_events (account_id, project_id, event_type, quantity, metadata","duration":31,"rows":1}
19:46:29.112 [34mdebug[39m: Query executed {"service":"nords-server","text":"\n    INSERT INTO nords (project_id, type_id, title, properties, position_x, posi","duration":31,"rows":1}
19:46:29.112 [32minfo[39m: POST /api/projects/0d0dad3d-99c6-4f1d-8028-01ed8736b6e2/nords 201 {"service":"nords-server","method":"POST","path":"/api/projects/0d0dad3d-99c6-4f1d-8028-01ed8736b6e2/nords","status":201,"duration":"31ms","bytes":"555"}
19:46:29.143 [34mdebug[39m: Query executed {"service":"nords-server","text":"\n    INSERT INTO nords (project_id, type_id, title, properties, position_x, posi","duration":30,"rows":1}
19:46:29.143 [32minfo[39m: POST /api/projects/0d0dad3d-99c6-4f1d-8028-01ed8736b6e2/nords 201 {"service":"nords-server","method":"POST","path":"/api/projects/0d0dad3d-99c6-4f1d-8028-01ed8736b6e2/nords","status":201,"duration":"30ms","bytes":"437"}
19:46:29.143 [34mdebug[39m: Query executed {"service":"nords-server","text":"INSERT INTO usage_events (account_id, project_id, event_type, quantity, metadata","duration":30,"rows":1}
19:46:29.173 [34mdebug[39m: Query executed {"service":"nords-server","text":"\n    INSERT INTO nords (project_id, type_id, title, properties, position_x, posi","duration":29,"rows":1}
19:46:29.173 [32minfo[39m: POST /api/projects/0d0dad3d-99c6-4f1d-8028-01ed8736b6e2/nords 201 {"service":"nords-server","method":"POST","path":"/api/projects/0d0dad3d-99c6-4f1d-8028-01ed8736b6e2/nords","status":201,"duration":"29ms","bytes":"407"}
19:46:29.174 [34mdebug[39m: Query executed {"service":"nords-server","text":"INSERT INTO usage_events (account_id, project_id, event_type, quantity, metadata","duration":30,"rows":1}
19:46:29.205 [34mdebug[39m: Query executed {"service":"nords-server","text":"INSERT INTO usage_events (account_id, project_id, event_type, quantity, metadata","duration":31,"rows":1}
19:46:29.210 [34mdebug[39m: Query executed {"service":"nords-server","text":"\n    INSERT INTO nords (project_id, type_id, title, properties, position_x, posi","duration":36,"rows":1}
19:46:29.210 [32minfo[39m: POST /api/projects/0d0dad3d-99c6-4f1d-8028-01ed8736b6e2/nords 201 {"service":"nords-server","method":"POST","path":"/api/projects/0d0dad3d-99c6-4f1d-8028-01ed8736b6e2/nords","status":201,"duration":"36ms","bytes":"518"}
19:46:29.243 [34mdebug[39m: Query executed {"service":"nords-server","text":"INSERT INTO usage_events (account_id, project_id, event_type, quantity, metadata","duration":32,"rows":1}
19:46:29.246 [34mdebug[39m: Query executed {"service":"nords-server","text":"\n    INSERT INTO connections (project_id, type_id, source_nord_id, target_nord_i","duration":35,"rows":1}
19:46:29.246 [32minfo[39m: POST /api/projects/0d0dad3d-99c6-4f1d-8028-01ed8736b6e2/connections 201 {"service":"nords-server","method":"POST","path":"/api/projects/0d0dad3d-99c6-4f1d-8028-01ed8736b6e2/connections","status":201,"duration":"35ms","bytes":"400"}
19:46:29.276 [34mdebug[39m: Query executed {"service":"nords-server","text":"INSERT INTO usage_events (account_id, project_id, event_type, quantity, metadata","duration":29,"rows":1}
19:46:29.278 [34mdebug[39m: Query executed {"service":"nords-server","text":"\n    INSERT INTO connections (project_id, type_id, source_nord_id, target_nord_i","duration":31,"rows":1}
19:46:29.278 [32minfo[39m: POST /api/projects/0d0dad3d-99c6-4f1d-8028-01ed8736b6e2/connections 201 {"service":"nords-server","method":"POST","path":"/api/projects/0d0dad3d-99c6-4f1d-8028-01ed8736b6e2/connections","status":201,"duration":"31ms","bytes":"401"}
19:46:29.309 [34mdebug[39m: Query executed {"service":"nords-server","text":"INSERT INTO usage_events (account_id, project_id, event_type, quantity, metadata","duration":30,"rows":1}
19:46:29.310 [34mdebug[39m: Query executed {"service":"nords-server","text":"\n    INSERT INTO connections (project_id, type_id, source_nord_id, target_nord_i","duration":31,"rows":1}
19:46:29.310 [32minfo[39m: POST /api/projects/0d0dad3d-99c6-4f1d-8028-01ed8736b6e2/connections 201 {"service":"nords-server","method":"POST","path":"/api/projects/0d0dad3d-99c6-4f1d-8028-01ed8736b6e2/connections","status":201,"duration":"31ms","bytes":"400"}
19:46:29.340 [34mdebug[39m: Query executed {"service":"nords-server","text":"INSERT INTO usage_events (account_id, project_id, event_type, quantity, metadata","duration":29,"rows":1}
19:46:29.340 [34mdebug[39m: Query executed {"service":"nords-server","text":"\n    INSERT INTO connections (project_id, type_id, source_nord_id, target_nord_i","duration":29,"rows":1}
19:46:29.340 [32minfo[39m: POST /api/projects/0d0dad3d-99c6-4f1d-8028-01ed8736b6e2/connections 201 {"service":"nords-server","method":"POST","path":"/api/projects/0d0dad3d-99c6-4f1d-8028-01ed8736b6e2/connections","status":201,"duration":"29ms","bytes":"400"}
19:46:29.373 [34mdebug[39m: Query executed {"service":"nords-server","text":"INSERT INTO usage_events (account_id, project_id, event_type, quantity, metadata","duration":32,"rows":1}
19:46:29.373 [34mdebug[39m: Query executed {"service":"nords-server","text":"\n    INSERT INTO connections (project_id, type_id, source_nord_id, target_nord_i","duration":32,"rows":1}
19:46:29.373 [32minfo[39m: POST /api/projects/0d0dad3d-99c6-4f1d-8028-01ed8736b6e2/connections 201 {"service":"nords-server","method":"POST","path":"/api/projects/0d0dad3d-99c6-4f1d-8028-01ed8736b6e2/connections","status":201,"duration":"32ms","bytes":"400"}
19:46:29.403 [34mdebug[39m: Query executed {"service":"nords-server","text":"INSERT INTO usage_events (account_id, project_id, event_type, quantity, metadata","duration":29,"rows":1}
19:46:29.403 [34mdebug[39m: Query executed {"service":"nords-server","text":"\n    INSERT INTO connections (project_id, type_id, source_nord_id, target_nord_i","duration":29,"rows":1}
19:46:29.403 [32minfo[39m: POST /api/projects/0d0dad3d-99c6-4f1d-8028-01ed8736b6e2/connections 201 {"service":"nords-server","method":"POST","path":"/api/projects/0d0dad3d-99c6-4f1d-8028-01ed8736b6e2/connections","status":201,"duration":"29ms","bytes":"401"}
19:46:29.436 [34mdebug[39m: Query executed {"service":"nords-server","text":"INSERT INTO usage_events (account_id, project_id, event_type, quantity, metadata","duration":32,"rows":1}
19:46:29.436 [34mdebug[39m: Query executed {"service":"nords-server","text":"\n    INSERT INTO connections (project_id, type_id, source_nord_id, target_nord_i","duration":32,"rows":1}
19:46:29.437 [32minfo[39m: POST /api/projects/0d0dad3d-99c6-4f1d-8028-01ed8736b6e2/connections 201 {"service":"nords-server","method":"POST","path":"/api/projects/0d0dad3d-99c6-4f1d-8028-01ed8736b6e2/connections","status":201,"duration":"33ms","bytes":"398"}
19:46:29.467 [34mdebug[39m: Query executed {"service":"nords-server","text":"INSERT INTO usage_events (account_id, project_id, event_type, quantity, metadata","duration":30,"rows":1}
19:46:29.468 [34mdebug[39m: Query executed {"service":"nords-server","text":"\n    INSERT INTO connections (project_id, type_id, source_nord_id, target_nord_i","duration":31,"rows":1}
19:46:29.468 [32minfo[39m: POST /api/projects/0d0dad3d-99c6-4f1d-8028-01ed8736b6e2/connections 201 {"service":"nords-server","method":"POST","path":"/api/projects/0d0dad3d-99c6-4f1d-8028-01ed8736b6e2/connections","status":201,"duration":"31ms","bytes":"401"}
19:46:29.469 [33mwarn[39m: POST /api/projects/0d0dad3d-99c6-4f1d-8028-01ed8736b6e2/nord-types 400 {"service":"nords-server","method":"POST","path":"/api/projects/0d0dad3d-99c6-4f1d-8028-01ed8736b6e2/nord-types","status":400,"duration":"0ms","bytes":"383"}
19:46:29.501 [34mdebug[39m: Query executed {"service":"nords-server","text":"INSERT INTO usage_events (account_id, project_id, event_type, quantity, metadata","duration":32,"rows":1}
19:46:50.566 [34mdebug[39m: New client connected to pool {"service":"nords-server"}
19:46:50.571 [34mdebug[39m: New client connected to pool {"service":"nords-server"}
19:46:50.600 [34mdebug[39m: Query executed {"service":"nords-server","text":"INSERT INTO usage_events (account_id, project_id, event_type, quantity, metadata","duration":163,"rows":1}
19:46:50.609 [34mdebug[39m: Query executed {"service":"nords-server","text":"UPDATE projects SET deleted_at = CURRENT_TIMESTAMP WHERE id = $1 AND deleted_at ","duration":172,"rows":1}
19:46:50.609 [32minfo[39m: DELETE /api/projects/0d0dad3d-99c6-4f1d-8028-01ed8736b6e2 204 {"service":"nords-server","method":"DELETE","path":"/api/projects/0d0dad3d-99c6-4f1d-8028-01ed8736b6e2","status":204,"duration":"172ms"}
19:46:55.127 [34mdebug[39m: Query executed {"service":"nords-server","text":"UPDATE projects SET deleted_at = CURRENT_TIMESTAMP WHERE id = $1 AND deleted_at ","duration":29,"rows":0}
19:46:55.127 [33mwarn[39m: DELETE /api/projects/0d0dad3d-99c6-4f1d-8028-01ed8736b6e2 404 {"service":"nords-server","method":"DELETE","path":"/api/projects/0d0dad3d-99c6-4f1d-8028-01ed8736b6e2","status":404,"duration":"29ms","bytes":"29"}
19:46:55.128 [34mdebug[39m: Query executed {"service":"nords-server","text":"INSERT INTO usage_events (account_id, project_id, event_type, quantity, metadata","duration":30,"rows":1}
19:47:04.901 [34mdebug[39m: Query executed {"service":"nords-server","text":"INSERT INTO usage_events (account_id, project_id, event_type, quantity, metadata","duration":32,"rows":1}
19:47:04.901 [34mdebug[39m: Query executed {"service":"nords-server","text":"\n    INSERT INTO projects (org_id, name, description, purpose, icon, created_by,","duration":31,"rows":1}
19:47:04.902 [32minfo[39m: POST /api/projects 201 {"service":"nords-server","method":"POST","path":"/api/projects","status":201,"duration":"33ms","bytes":"594"}
19:47:04.991 [34mdebug[39m: Query executed {"service":"nords-server","text":"INSERT INTO usage_events (account_id, project_id, event_type, quantity, metadata","duration":34,"rows":1}
19:47:04.991 [34mdebug[39m: Query executed {"service":"nords-server","text":"\n    UPDATE projects\n    SET mcp_enabled = $1, mcp_mutable = $2, mcp_system_prom","duration":34,"rows":1}
19:47:04.992 [32minfo[39m: PUT /api/projects/bf84e9fc-8c1e-4ffe-ac1c-415d13de0967 200 {"service":"nords-server","method":"PUT","path":"/api/projects/bf84e9fc-8c1e-4ffe-ac1c-415d13de0967","status":200,"duration":"35ms","bytes":"1681"}
19:47:05.027 [34mdebug[39m: Query executed {"service":"nords-server","text":"INSERT INTO usage_events (account_id, project_id, event_type, quantity, metadata","duration":31,"rows":1}
19:47:05.027 [34mdebug[39m: Query executed {"service":"nords-server","text":"INSERT INTO nord_types (project_id, name, description, icon, accent_color, prope","duration":31,"rows":1}
19:47:05.027 [32minfo[39m: POST /api/projects/bf84e9fc-8c1e-4ffe-ac1c-415d13de0967/nord-types 201 {"service":"nords-server","method":"POST","path":"/api/projects/bf84e9fc-8c1e-4ffe-ac1c-415d13de0967/nord-types","status":201,"duration":"31ms","bytes":"1023"}
19:47:05.059 [34mdebug[39m: Query executed {"service":"nords-server","text":"INSERT INTO usage_events (account_id, project_id, event_type, quantity, metadata","duration":30,"rows":1}
19:47:05.059 [34mdebug[39m: Query executed {"service":"nords-server","text":"INSERT INTO nord_types (project_id, name, description, icon, accent_color, prope","duration":30,"rows":1}
19:47:05.060 [32minfo[39m: POST /api/projects/bf84e9fc-8c1e-4ffe-ac1c-415d13de0967/nord-types 201 {"service":"nords-server","method":"POST","path":"/api/projects/bf84e9fc-8c1e-4ffe-ac1c-415d13de0967/nord-types","status":201,"duration":"31ms","bytes":"924"}
19:47:05.095 [34mdebug[39m: Query executed {"service":"nords-server","text":"INSERT INTO nord_types (project_id, name, description, icon, accent_color, prope","duration":34,"rows":1}
19:47:05.096 [32minfo[39m: POST /api/projects/bf84e9fc-8c1e-4ffe-ac1c-415d13de0967/nord-types 201 {"service":"nords-server","method":"POST","path":"/api/projects/bf84e9fc-8c1e-4ffe-ac1c-415d13de0967/nord-types","status":201,"duration":"35ms","bytes":"649"}
19:47:05.096 [34mdebug[39m: Query executed {"service":"nords-server","text":"INSERT INTO usage_events (account_id, project_id, event_type, quantity, metadata","duration":35,"rows":1}
19:47:05.129 [34mdebug[39m: Query executed {"service":"nords-server","text":"INSERT INTO usage_events (account_id, project_id, event_type, quantity, metadata","duration":32,"rows":1}
19:47:05.129 [34mdebug[39m: Query executed {"service":"nords-server","text":"INSERT INTO nord_types (project_id, name, description, icon, accent_color, prope","duration":32,"rows":1}
19:47:05.130 [32minfo[39m: POST /api/projects/bf84e9fc-8c1e-4ffe-ac1c-415d13de0967/nord-types 201 {"service":"nords-server","method":"POST","path":"/api/projects/bf84e9fc-8c1e-4ffe-ac1c-415d13de0967/nord-types","status":201,"duration":"33ms","bytes":"558"}
19:47:05.161 [34mdebug[39m: Query executed {"service":"nords-server","text":"INSERT INTO usage_events (account_id, project_id, event_type, quantity, metadata","duration":30,"rows":1}
19:47:05.162 [34mdebug[39m: Query executed {"service":"nords-server","text":"INSERT INTO nord_types (project_id, name, description, icon, accent_color, prope","duration":31,"rows":1}
19:47:05.162 [32minfo[39m: POST /api/projects/bf84e9fc-8c1e-4ffe-ac1c-415d13de0967/nord-types 201 {"service":"nords-server","method":"POST","path":"/api/projects/bf84e9fc-8c1e-4ffe-ac1c-415d13de0967/nord-types","status":201,"duration":"31ms","bytes":"642"}
19:47:05.194 [34mdebug[39m: Query executed {"service":"nords-server","text":"INSERT INTO nord_types (project_id, name, description, icon, accent_color, prope","duration":31,"rows":1}
19:47:05.194 [32minfo[39m: POST /api/projects/bf84e9fc-8c1e-4ffe-ac1c-415d13de0967/nord-types 201 {"service":"nords-server","method":"POST","path":"/api/projects/bf84e9fc-8c1e-4ffe-ac1c-415d13de0967/nord-types","status":201,"duration":"31ms","bytes":"640"}
19:47:05.194 [34mdebug[39m: Query executed {"service":"nords-server","text":"INSERT INTO usage_events (account_id, project_id, event_type, quantity, metadata","duration":31,"rows":1}
19:47:05.229 [34mdebug[39m: Query executed {"service":"nords-server","text":"INSERT INTO nord_types (project_id, name, description, icon, accent_color, prope","duration":33,"rows":1}
19:47:05.229 [32minfo[39m: POST /api/projects/bf84e9fc-8c1e-4ffe-ac1c-415d13de0967/nord-types 201 {"service":"nords-server","method":"POST","path":"/api/projects/bf84e9fc-8c1e-4ffe-ac1c-415d13de0967/nord-types","status":201,"duration":"34ms","bytes":"797"}
19:47:05.229 [34mdebug[39m: Query executed {"service":"nords-server","text":"INSERT INTO usage_events (account_id, project_id, event_type, quantity, metadata","duration":34,"rows":1}
19:47:05.262 [34mdebug[39m: Query executed {"service":"nords-server","text":"INSERT INTO usage_events (account_id, project_id, event_type, quantity, metadata","duration":31,"rows":1}
19:47:05.264 [34mdebug[39m: Query executed {"service":"nords-server","text":"INSERT INTO connection_types (project_id, name, description, accent_color, strok","duration":33,"rows":1}
19:47:05.264 [32minfo[39m: POST /api/projects/bf84e9fc-8c1e-4ffe-ac1c-415d13de0967/connection-types 201 {"service":"nords-server","method":"POST","path":"/api/projects/bf84e9fc-8c1e-4ffe-ac1c-415d13de0967/connection-types","status":201,"duration":"33ms","bytes":"707"}
19:47:05.297 [34mdebug[39m: Query executed {"service":"nords-server","text":"INSERT INTO usage_events (account_id, project_id, event_type, quantity, metadata","duration":31,"rows":1}
19:47:05.298 [34mdebug[39m: Query executed {"service":"nords-server","text":"INSERT INTO connection_types (project_id, name, description, accent_color, strok","duration":32,"rows":1}
19:47:05.298 [32minfo[39m: POST /api/projects/bf84e9fc-8c1e-4ffe-ac1c-415d13de0967/connection-types 201 {"service":"nords-server","method":"POST","path":"/api/projects/bf84e9fc-8c1e-4ffe-ac1c-415d13de0967/connection-types","status":201,"duration":"32ms","bytes":"450"}
19:47:05.333 [34mdebug[39m: Query executed {"service":"nords-server","text":"INSERT INTO usage_events (account_id, project_id, event_type, quantity, metadata","duration":34,"rows":1}
19:47:05.333 [34mdebug[39m: Query executed {"service":"nords-server","text":"INSERT INTO connection_types (project_id, name, description, accent_color, strok","duration":34,"rows":1}
19:47:05.333 [32minfo[39m: POST /api/projects/bf84e9fc-8c1e-4ffe-ac1c-415d13de0967/connection-types 201 {"service":"nords-server","method":"POST","path":"/api/projects/bf84e9fc-8c1e-4ffe-ac1c-415d13de0967/connection-types","status":201,"duration":"34ms","bytes":"450"}
19:47:05.365 [34mdebug[39m: Query executed {"service":"nords-server","text":"INSERT INTO usage_events (account_id, project_id, event_type, quantity, metadata","duration":31,"rows":1}
19:47:05.365 [34mdebug[39m: Query executed {"service":"nords-server","text":"INSERT INTO connection_types (project_id, name, description, accent_color, strok","duration":31,"rows":1}
19:47:05.365 [32minfo[39m: POST /api/projects/bf84e9fc-8c1e-4ffe-ac1c-415d13de0967/connection-types 201 {"service":"nords-server","method":"POST","path":"/api/projects/bf84e9fc-8c1e-4ffe-ac1c-415d13de0967/connection-types","status":201,"duration":"31ms","bytes":"448"}
19:47:05.397 [34mdebug[39m: Query executed {"service":"nords-server","text":"INSERT INTO usage_events (account_id, project_id, event_type, quantity, metadata","duration":31,"rows":1}
19:47:05.397 [34mdebug[39m: Query executed {"service":"nords-server","text":"INSERT INTO connection_types (project_id, name, description, accent_color, strok","duration":31,"rows":1}
19:47:05.397 [32minfo[39m: POST /api/projects/bf84e9fc-8c1e-4ffe-ac1c-415d13de0967/connection-types 201 {"service":"nords-server","method":"POST","path":"/api/projects/bf84e9fc-8c1e-4ffe-ac1c-415d13de0967/connection-types","status":201,"duration":"31ms","bytes":"445"}
19:47:05.429 [34mdebug[39m: Query executed {"service":"nords-server","text":"INSERT INTO usage_events (account_id, project_id, event_type, quantity, metadata","duration":31,"rows":1}
19:47:05.430 [34mdebug[39m: Query executed {"service":"nords-server","text":"INSERT INTO connection_types (project_id, name, description, accent_color, strok","duration":32,"rows":1}
19:47:05.430 [32minfo[39m: POST /api/projects/bf84e9fc-8c1e-4ffe-ac1c-415d13de0967/connection-types 201 {"service":"nords-server","method":"POST","path":"/api/projects/bf84e9fc-8c1e-4ffe-ac1c-415d13de0967/connection-types","status":201,"duration":"32ms","bytes":"446"}
19:47:05.464 [34mdebug[39m: Query executed {"service":"nords-server","text":"INSERT INTO usage_events (account_id, project_id, event_type, quantity, metadata","duration":33,"rows":1}
19:47:05.465 [34mdebug[39m: Query executed {"service":"nords-server","text":"INSERT INTO connection_types (project_id, name, description, accent_color, strok","duration":34,"rows":1}
19:47:05.465 [32minfo[39m: POST /api/projects/bf84e9fc-8c1e-4ffe-ac1c-415d13de0967/connection-types 201 {"service":"nords-server","method":"POST","path":"/api/projects/bf84e9fc-8c1e-4ffe-ac1c-415d13de0967/connection-types","status":201,"duration":"34ms","bytes":"588"}
19:47:05.497 [34mdebug[39m: Query executed {"service":"nords-server","text":"INSERT INTO usage_events (account_id, project_id, event_type, quantity, metadata","duration":31,"rows":1}
19:47:05.497 [34mdebug[39m: Query executed {"service":"nords-server","text":"INSERT INTO personas (project_id, name, avatar_seed)\n       VALUES ($1, $2, $3) ","duration":31,"rows":1}
19:47:05.498 [32minfo[39m: POST /api/projects/bf84e9fc-8c1e-4ffe-ac1c-415d13de0967/personas 201 {"service":"nords-server","method":"POST","path":"/api/projects/bf84e9fc-8c1e-4ffe-ac1c-415d13de0967/personas","status":201,"duration":"32ms","bytes":"420"}
19:47:05.529 [34mdebug[39m: Query executed {"service":"nords-server","text":"INSERT INTO usage_events (account_id, project_id, event_type, quantity, metadata","duration":30,"rows":1}
19:47:05.529 [34mdebug[39m: Query executed {"service":"nords-server","text":"INSERT INTO persona_category_weights (persona_id, connection_type_id, weight)\n  ","duration":31,"rows":1}
19:47:05.529 [32minfo[39m: PUT /api/personas/085ceb0c-7671-4636-b17a-8a7eeea6a201/weights/4df48153-1dc7-4f1d-9701-a1ee8a742e17 200 {"service":"nords-server","method":"PUT","path":"/api/personas/085ceb0c-7671-4636-b17a-8a7eeea6a201/weights/4df48153-1dc7-4f1d-9701-a1ee8a742e17","status":200,"duration":"31ms","bytes":"170"}
19:47:05.559 [34mdebug[39m: Query executed {"service":"nords-server","text":"INSERT INTO usage_events (account_id, project_id, event_type, quantity, metadata","duration":29,"rows":1}
19:47:05.563 [34mdebug[39m: Query executed {"service":"nords-server","text":"INSERT INTO persona_category_weights (persona_id, connection_type_id, weight)\n  ","duration":33,"rows":1}
19:47:05.564 [32minfo[39m: PUT /api/personas/085ceb0c-7671-4636-b17a-8a7eeea6a201/weights/b32bfa7b-4446-4fc8-ada1-eb1bf1edd1ae 200 {"service":"nords-server","method":"PUT","path":"/api/personas/085ceb0c-7671-4636-b17a-8a7eeea6a201/weights/b32bfa7b-4446-4fc8-ada1-eb1bf1edd1ae","status":200,"duration":"34ms","bytes":"169"}
19:47:05.599 [34mdebug[39m: Query executed {"service":"nords-server","text":"INSERT INTO usage_events (account_id, project_id, event_type, quantity, metadata","duration":34,"rows":1}
19:47:05.599 [34mdebug[39m: Query executed {"service":"nords-server","text":"INSERT INTO personas (project_id, name, avatar_seed)\n       VALUES ($1, $2, $3) ","duration":34,"rows":1}
19:47:05.600 [32minfo[39m: POST /api/projects/bf84e9fc-8c1e-4ffe-ac1c-415d13de0967/personas 201 {"service":"nords-server","method":"POST","path":"/api/projects/bf84e9fc-8c1e-4ffe-ac1c-415d13de0967/personas","status":201,"duration":"35ms","bytes":"424"}
19:47:05.629 [34mdebug[39m: Query executed {"service":"nords-server","text":"INSERT INTO usage_events (account_id, project_id, event_type, quantity, metadata","duration":29,"rows":1}
19:47:05.630 [34mdebug[39m: Query executed {"service":"nords-server","text":"INSERT INTO persona_category_weights (persona_id, connection_type_id, weight)\n  ","duration":29,"rows":1}
19:47:05.630 [32minfo[39m: PUT /api/personas/124c3d69-065e-406e-ad4a-c62bb3dbf897/weights/eb1a7dea-52f0-4cdd-af40-12e5875f008a 200 {"service":"nords-server","method":"PUT","path":"/api/personas/124c3d69-065e-406e-ad4a-c62bb3dbf897/weights/eb1a7dea-52f0-4cdd-af40-12e5875f008a","status":200,"duration":"30ms","bytes":"170"}
19:47:05.662 [34mdebug[39m: Query executed {"service":"nords-server","text":"INSERT INTO persona_category_weights (persona_id, connection_type_id, weight)\n  ","duration":31,"rows":1}
19:47:05.662 [32minfo[39m: PUT /api/personas/124c3d69-065e-406e-ad4a-c62bb3dbf897/weights/0406d68c-5c14-4c14-b1e2-ce7d8784c942 200 {"service":"nords-server","method":"PUT","path":"/api/personas/124c3d69-065e-406e-ad4a-c62bb3dbf897/weights/0406d68c-5c14-4c14-b1e2-ce7d8784c942","status":200,"duration":"31ms","bytes":"169"}
19:47:05.662 [34mdebug[39m: Query executed {"service":"nords-server","text":"INSERT INTO usage_events (account_id, project_id, event_type, quantity, metadata","duration":31,"rows":1}
19:47:05.693 [34mdebug[39m: Query executed {"service":"nords-server","text":"INSERT INTO persona_category_weights (persona_id, connection_type_id, weight)\n  ","duration":30,"rows":1}
19:47:05.693 [32minfo[39m: PUT /api/personas/124c3d69-065e-406e-ad4a-c62bb3dbf897/weights/4df48153-1dc7-4f1d-9701-a1ee8a742e17 200 {"service":"nords-server","method":"PUT","path":"/api/personas/124c3d69-065e-406e-ad4a-c62bb3dbf897/weights/4df48153-1dc7-4f1d-9701-a1ee8a742e17","status":200,"duration":"30ms","bytes":"169"}
19:47:05.695 [34mdebug[39m: Query executed {"service":"nords-server","text":"INSERT INTO usage_events (account_id, project_id, event_type, quantity, metadata","duration":32,"rows":1}
19:47:05.723 [34mdebug[39m: Query executed {"service":"nords-server","text":"INSERT INTO usage_events (account_id, project_id, event_type, quantity, metadata","duration":29,"rows":1}
19:47:05.817 [34mdebug[39m: New client connected to pool {"service":"nords-server"}
19:47:05.854 [34mdebug[39m: Query executed {"service":"nords-server","text":"INSERT INTO personas (project_id, name, avatar_seed)\n       VALUES ($1, $2, $3) ","duration":160,"rows":1}
19:47:05.854 [32minfo[39m: POST /api/projects/bf84e9fc-8c1e-4ffe-ac1c-415d13de0967/personas 201 {"service":"nords-server","method":"POST","path":"/api/projects/bf84e9fc-8c1e-4ffe-ac1c-415d13de0967/personas","status":201,"duration":"160ms","bytes":"408"}
19:47:05.885 [34mdebug[39m: Query executed {"service":"nords-server","text":"INSERT INTO personas (project_id, name, avatar_seed)\n       VALUES ($1, $2, $3) ","duration":30,"rows":1}
19:47:05.885 [32minfo[39m: POST /api/projects/bf84e9fc-8c1e-4ffe-ac1c-415d13de0967/personas 201 {"service":"nords-server","method":"POST","path":"/api/projects/bf84e9fc-8c1e-4ffe-ac1c-415d13de0967/personas","status":201,"duration":"30ms","bytes":"416"}
19:47:05.885 [34mdebug[39m: Query executed {"service":"nords-server","text":"INSERT INTO usage_events (account_id, project_id, event_type, quantity, metadata","duration":30,"rows":1}
19:47:05.917 [34mdebug[39m: Query executed {"service":"nords-server","text":"INSERT INTO usage_events (account_id, project_id, event_type, quantity, metadata","duration":31,"rows":1}
19:47:05.921 [34mdebug[39m: Query executed {"service":"nords-server","text":"\n    INSERT INTO nords (project_id, type_id, title, properties, position_x, posi","duration":35,"rows":1}
19:47:05.922 [32minfo[39m: POST /api/projects/bf84e9fc-8c1e-4ffe-ac1c-415d13de0967/nords 201 {"service":"nords-server","method":"POST","path":"/api/projects/bf84e9fc-8c1e-4ffe-ac1c-415d13de0967/nords","status":201,"duration":"36ms","bytes":"486"}
19:47:05.953 [34mdebug[39m: Query executed {"service":"nords-server","text":"INSERT INTO usage_events (account_id, project_id, event_type, quantity, metadata","duration":31,"rows":1}
19:47:05.959 [34mdebug[39m: Query executed {"service":"nords-server","text":"\n    INSERT INTO nords (project_id, type_id, title, properties, position_x, posi","duration":36,"rows":1}
19:47:05.959 [32minfo[39m: POST /api/projects/bf84e9fc-8c1e-4ffe-ac1c-415d13de0967/nords 201 {"service":"nords-server","method":"POST","path":"/api/projects/bf84e9fc-8c1e-4ffe-ac1c-415d13de0967/nords","status":201,"duration":"37ms","bytes":"479"}
19:47:05.989 [34mdebug[39m: Query executed {"service":"nords-server","text":"\n    INSERT INTO nords (project_id, type_id, title, properties, position_x, posi","duration":29,"rows":1}
19:47:05.989 [32minfo[39m: POST /api/projects/bf84e9fc-8c1e-4ffe-ac1c-415d13de0967/nords 201 {"service":"nords-server","method":"POST","path":"/api/projects/bf84e9fc-8c1e-4ffe-ac1c-415d13de0967/nords","status":201,"duration":"29ms","bytes":"469"}
19:47:05.990 [34mdebug[39m: Query executed {"service":"nords-server","text":"INSERT INTO usage_events (account_id, project_id, event_type, quantity, metadata","duration":30,"rows":1}
19:47:06.019 [34mdebug[39m: Query executed {"service":"nords-server","text":"INSERT INTO usage_events (account_id, project_id, event_type, quantity, metadata","duration":29,"rows":1}
19:47:06.022 [34mdebug[39m: Query executed {"service":"nords-server","text":"\n    INSERT INTO nords (project_id, type_id, title, properties, position_x, posi","duration":32,"rows":1}
19:47:06.022 [32minfo[39m: POST /api/projects/bf84e9fc-8c1e-4ffe-ac1c-415d13de0967/nords 201 {"service":"nords-server","method":"POST","path":"/api/projects/bf84e9fc-8c1e-4ffe-ac1c-415d13de0967/nords","status":201,"duration":"32ms","bytes":"460"}
19:47:06.052 [34mdebug[39m: Query executed {"service":"nords-server","text":"INSERT INTO usage_events (account_id, project_id, event_type, quantity, metadata","duration":29,"rows":1}
19:47:06.053 [34mdebug[39m: Query executed {"service":"nords-server","text":"\n    INSERT INTO nords (project_id, type_id, title, properties, position_x, posi","duration":30,"rows":1}
19:47:06.053 [32minfo[39m: POST /api/projects/bf84e9fc-8c1e-4ffe-ac1c-415d13de0967/nords 201 {"service":"nords-server","method":"POST","path":"/api/projects/bf84e9fc-8c1e-4ffe-ac1c-415d13de0967/nords","status":201,"duration":"30ms","bytes":"555"}
19:47:06.085 [34mdebug[39m: Query executed {"service":"nords-server","text":"INSERT INTO usage_events (account_id, project_id, event_type, quantity, metadata","duration":31,"rows":1}
19:47:06.085 [34mdebug[39m: Query executed {"service":"nords-server","text":"\n    INSERT INTO nords (project_id, type_id, title, properties, position_x, posi","duration":31,"rows":1}
19:47:06.086 [32minfo[39m: POST /api/projects/bf84e9fc-8c1e-4ffe-ac1c-415d13de0967/nords 201 {"service":"nords-server","method":"POST","path":"/api/projects/bf84e9fc-8c1e-4ffe-ac1c-415d13de0967/nords","status":201,"duration":"32ms","bytes":"437"}
19:47:06.117 [34mdebug[39m: Query executed {"service":"nords-server","text":"INSERT INTO usage_events (account_id, project_id, event_type, quantity, metadata","duration":31,"rows":1}
19:47:06.118 [34mdebug[39m: Query executed {"service":"nords-server","text":"\n    INSERT INTO nords (project_id, type_id, title, properties, position_x, posi","duration":32,"rows":1}
19:47:06.118 [32minfo[39m: POST /api/projects/bf84e9fc-8c1e-4ffe-ac1c-415d13de0967/nords 201 {"service":"nords-server","method":"POST","path":"/api/projects/bf84e9fc-8c1e-4ffe-ac1c-415d13de0967/nords","status":201,"duration":"32ms","bytes":"407"}
19:47:06.149 [34mdebug[39m: Query executed {"service":"nords-server","text":"INSERT INTO usage_events (account_id, project_id, event_type, quantity, metadata","duration":30,"rows":1}
19:47:06.153 [34mdebug[39m: Query executed {"service":"nords-server","text":"\n    INSERT INTO nords (project_id, type_id, title, properties, position_x, posi","duration":34,"rows":1}
19:47:06.153 [32minfo[39m: POST /api/projects/bf84e9fc-8c1e-4ffe-ac1c-415d13de0967/nords 201 {"service":"nords-server","method":"POST","path":"/api/projects/bf84e9fc-8c1e-4ffe-ac1c-415d13de0967/nords","status":201,"duration":"34ms","bytes":"518"}
19:47:06.184 [34mdebug[39m: Query executed {"service":"nords-server","text":"INSERT INTO usage_events (account_id, project_id, event_type, quantity, metadata","duration":30,"rows":1}
19:47:06.189 [34mdebug[39m: Query executed {"service":"nords-server","text":"\n    INSERT INTO connections (project_id, type_id, source_nord_id, target_nord_i","duration":35,"rows":1}
19:47:06.189 [32minfo[39m: POST /api/projects/bf84e9fc-8c1e-4ffe-ac1c-415d13de0967/connections 201 {"service":"nords-server","method":"POST","path":"/api/projects/bf84e9fc-8c1e-4ffe-ac1c-415d13de0967/connections","status":201,"duration":"35ms","bytes":"400"}
19:47:06.218 [34mdebug[39m: Query executed {"service":"nords-server","text":"INSERT INTO usage_events (account_id, project_id, event_type, quantity, metadata","duration":28,"rows":1}
19:47:06.220 [34mdebug[39m: Query executed {"service":"nords-server","text":"\n    INSERT INTO connections (project_id, type_id, source_nord_id, target_nord_i","duration":30,"rows":1}
19:47:06.220 [32minfo[39m: POST /api/projects/bf84e9fc-8c1e-4ffe-ac1c-415d13de0967/connections 201 {"service":"nords-server","method":"POST","path":"/api/projects/bf84e9fc-8c1e-4ffe-ac1c-415d13de0967/connections","status":201,"duration":"30ms","bytes":"401"}
19:47:06.251 [34mdebug[39m: Query executed {"service":"nords-server","text":"INSERT INTO usage_events (account_id, project_id, event_type, quantity, metadata","duration":30,"rows":1}
19:47:06.252 [34mdebug[39m: Query executed {"service":"nords-server","text":"\n    INSERT INTO connections (project_id, type_id, source_nord_id, target_nord_i","duration":31,"rows":1}
19:47:06.252 [32minfo[39m: POST /api/projects/bf84e9fc-8c1e-4ffe-ac1c-415d13de0967/connections 201 {"service":"nords-server","method":"POST","path":"/api/projects/bf84e9fc-8c1e-4ffe-ac1c-415d13de0967/connections","status":201,"duration":"31ms","bytes":"400"}
19:47:06.283 [34mdebug[39m: Query executed {"service":"nords-server","text":"INSERT INTO usage_events (account_id, project_id, event_type, quantity, metadata","duration":30,"rows":1}
19:47:06.283 [34mdebug[39m: Query executed {"service":"nords-server","text":"\n    INSERT INTO connections (project_id, type_id, source_nord_id, target_nord_i","duration":30,"rows":1}
19:47:06.283 [32minfo[39m: POST /api/projects/bf84e9fc-8c1e-4ffe-ac1c-415d13de0967/connections 201 {"service":"nords-server","method":"POST","path":"/api/projects/bf84e9fc-8c1e-4ffe-ac1c-415d13de0967/connections","status":201,"duration":"30ms","bytes":"400"}
19:47:06.318 [34mdebug[39m: Query executed {"service":"nords-server","text":"INSERT INTO usage_events (account_id, project_id, event_type, quantity, metadata","duration":34,"rows":1}
19:47:06.319 [34mdebug[39m: Query executed {"service":"nords-server","text":"\n    INSERT INTO connections (project_id, type_id, source_nord_id, target_nord_i","duration":35,"rows":1}
19:47:06.319 [32minfo[39m: POST /api/projects/bf84e9fc-8c1e-4ffe-ac1c-415d13de0967/connections 201 {"service":"nords-server","method":"POST","path":"/api/projects/bf84e9fc-8c1e-4ffe-ac1c-415d13de0967/connections","status":201,"duration":"35ms","bytes":"400"}
19:47:06.349 [34mdebug[39m: Query executed {"service":"nords-server","text":"INSERT INTO usage_events (account_id, project_id, event_type, quantity, metadata","duration":29,"rows":1}
19:47:06.351 [34mdebug[39m: Query executed {"service":"nords-server","text":"\n    INSERT INTO connections (project_id, type_id, source_nord_id, target_nord_i","duration":31,"rows":1}
19:47:06.351 [32minfo[39m: POST /api/projects/bf84e9fc-8c1e-4ffe-ac1c-415d13de0967/connections 201 {"service":"nords-server","method":"POST","path":"/api/projects/bf84e9fc-8c1e-4ffe-ac1c-415d13de0967/connections","status":201,"duration":"31ms","bytes":"401"}
19:47:06.381 [34mdebug[39m: Query executed {"service":"nords-server","text":"INSERT INTO usage_events (account_id, project_id, event_type, quantity, metadata","duration":29,"rows":1}
19:47:06.382 [34mdebug[39m: Query executed {"service":"nords-server","text":"\n    INSERT INTO connections (project_id, type_id, source_nord_id, target_nord_i","duration":30,"rows":1}
19:47:06.382 [32minfo[39m: POST /api/projects/bf84e9fc-8c1e-4ffe-ac1c-415d13de0967/connections 201 {"service":"nords-server","method":"POST","path":"/api/projects/bf84e9fc-8c1e-4ffe-ac1c-415d13de0967/connections","status":201,"duration":"30ms","bytes":"398"}
19:47:06.411 [34mdebug[39m: Query executed {"service":"nords-server","text":"INSERT INTO usage_events (account_id, project_id, event_type, quantity, metadata","duration":28,"rows":1}
19:47:06.412 [34mdebug[39m: Query executed {"service":"nords-server","text":"\n    INSERT INTO connections (project_id, type_id, source_nord_id, target_nord_i","duration":29,"rows":1}
19:47:06.412 [32minfo[39m: POST /api/projects/bf84e9fc-8c1e-4ffe-ac1c-415d13de0967/connections 201 {"service":"nords-server","method":"POST","path":"/api/projects/bf84e9fc-8c1e-4ffe-ac1c-415d13de0967/connections","status":201,"duration":"29ms","bytes":"401"}
19:47:06.445 [34mdebug[39m: Query executed {"service":"nords-server","text":"INSERT INTO usage_events (account_id, project_id, event_type, quantity, metadata","duration":32,"rows":1}
19:47:06.446 [34mdebug[39m: Query executed {"service":"nords-server","text":"INSERT INTO nord_types (project_id, name, description, icon, accent_color, prope","duration":33,"rows":1}
19:47:06.446 [32minfo[39m: POST /api/projects/bf84e9fc-8c1e-4ffe-ac1c-415d13de0967/nord-types 201 {"service":"nords-server","method":"POST","path":"/api/projects/bf84e9fc-8c1e-4ffe-ac1c-415d13de0967/nord-types","status":201,"duration":"33ms","bytes":"1335"}
19:47:06.476 [34mdebug[39m: Query executed {"service":"nords-server","text":"INSERT INTO usage_events (account_id, project_id, event_type, quantity, metadata","duration":29,"rows":1}
19:47:06.478 [34mdebug[39m: Query executed {"service":"nords-server","text":"\n    INSERT INTO nords (project_id, type_id, title, properties, position_x, posi","duration":31,"rows":1}
19:47:06.479 [32minfo[39m: POST /api/projects/bf84e9fc-8c1e-4ffe-ac1c-415d13de0967/nords 201 {"service":"nords-server","method":"POST","path":"/api/projects/bf84e9fc-8c1e-4ffe-ac1c-415d13de0967/nords","status":201,"duration":"32ms","bytes":"796"}
19:47:06.509 [34mdebug[39m: Query executed {"service":"nords-server","text":"INSERT INTO usage_events (account_id, project_id, event_type, quantity, metadata","duration":29,"rows":1}
19:47:06.510 [34mdebug[39m: Query executed {"service":"nords-server","text":"\n    INSERT INTO connections (project_id, type_id, source_nord_id, target_nord_i","duration":30,"rows":1}
19:47:06.510 [32minfo[39m: POST /api/projects/bf84e9fc-8c1e-4ffe-ac1c-415d13de0967/connections 201 {"service":"nords-server","method":"POST","path":"/api/projects/bf84e9fc-8c1e-4ffe-ac1c-415d13de0967/connections","status":201,"duration":"30ms","bytes":"400"}
19:47:06.541 [34mdebug[39m: Query executed {"service":"nords-server","text":"INSERT INTO usage_events (account_id, project_id, event_type, quantity, metadata","duration":31,"rows":1}
19:47:06.542 [34mdebug[39m: Query executed {"service":"nords-server","text":"\n    INSERT INTO mcp_sessions (project_id, persona_id)\n    VALUES ($1, $2)\n    R","duration":31,"rows":1}
19:47:06.542 [32minfo[39m: POST /api/projects/bf84e9fc-8c1e-4ffe-ac1c-415d13de0967/mcp-sessions 201 {"service":"nords-server","method":"POST","path":"/api/projects/bf84e9fc-8c1e-4ffe-ac1c-415d13de0967/mcp-sessions","status":201,"duration":"32ms","bytes":"278"}
19:47:06.576 [34mdebug[39m: Query executed {"service":"nords-server","text":"INSERT INTO usage_events (account_id, project_id, event_type, quantity, metadata","duration":33,"rows":1}
19:47:06.576 [34mdebug[39m: Query executed {"service":"nords-server","text":"\n    INSERT INTO mcp_nord_visits (session_id, nord_id, visit_type, properties_be","duration":33,"rows":1}
19:47:06.576 [32minfo[39m: POST /api/mcp-sessions/b0b3074a-12c3-4e5d-8d2e-c6c9fdd11c8d/visits 201 {"service":"nords-server","method":"POST","path":"/api/mcp-sessions/b0b3074a-12c3-4e5d-8d2e-c6c9fdd11c8d/visits","status":201,"duration":"33ms","bytes":"765"}
19:47:06.606 [34mdebug[39m: Query executed {"service":"nords-server","text":"INSERT INTO usage_events (account_id, project_id, event_type, quantity, metadata","duration":29,"rows":1}
19:47:06.607 [34mdebug[39m: Query executed {"service":"nords-server","text":"\n    INSERT INTO mcp_nord_visits (session_id, nord_id, visit_type, properties_be","duration":30,"rows":1}
19:47:06.607 [32minfo[39m: POST /api/mcp-sessions/b0b3074a-12c3-4e5d-8d2e-c6c9fdd11c8d/visits 201 {"service":"nords-server","method":"POST","path":"/api/mcp-sessions/b0b3074a-12c3-4e5d-8d2e-c6c9fdd11c8d/visits","status":201,"duration":"30ms","bytes":"952"}
19:47:06.637 [34mdebug[39m: Query executed {"service":"nords-server","text":"INSERT INTO usage_events (account_id, project_id, event_type, quantity, metadata","duration":29,"rows":1}
19:47:06.638 [34mdebug[39m: Query executed {"service":"nords-server","text":"\n    INSERT INTO mcp_nord_visits (session_id, nord_id, visit_type, properties_be","duration":30,"rows":1}
19:47:06.638 [32minfo[39m: POST /api/mcp-sessions/b0b3074a-12c3-4e5d-8d2e-c6c9fdd11c8d/visits 201 {"service":"nords-server","method":"POST","path":"/api/mcp-sessions/b0b3074a-12c3-4e5d-8d2e-c6c9fdd11c8d/visits","status":201,"duration":"30ms","bytes":"384"}
19:47:32.335 [34mdebug[39m: New client connected to pool {"service":"nords-server"}
19:47:32.336 [34mdebug[39m: New client connected to pool {"service":"nords-server"}
19:47:32.370 [34mdebug[39m: Query executed {"service":"nords-server","text":"INSERT INTO usage_events (account_id, project_id, event_type, quantity, metadata","duration":163,"rows":1}
19:47:32.375 [34mdebug[39m: Query executed {"service":"nords-server","text":"\n    INSERT INTO mcp_session_nords (session_id, nord_id, properties, required_co","duration":167,"rows":1}
19:47:32.376 [32minfo[39m: PUT /api/mcp-sessions/b0b3074a-12c3-4e5d-8d2e-c6c9fdd11c8d/nords 200 {"service":"nords-server","method":"PUT","path":"/api/mcp-sessions/b0b3074a-12c3-4e5d-8d2e-c6c9fdd11c8d/nords","status":200,"duration":"169ms","bytes":"713"}
19:47:32.418 [34mdebug[39m: Query executed {"service":"nords-server","text":"INSERT INTO usage_events (account_id, project_id, event_type, quantity, metadata","duration":31,"rows":1}
19:47:32.419 [34mdebug[39m: Query executed {"service":"nords-server","text":"\n    INSERT INTO mcp_session_nords (session_id, nord_id, properties, required_co","duration":32,"rows":1}
19:47:32.419 [32minfo[39m: PUT /api/mcp-sessions/b0b3074a-12c3-4e5d-8d2e-c6c9fdd11c8d/nords 200 {"service":"nords-server","method":"PUT","path":"/api/mcp-sessions/b0b3074a-12c3-4e5d-8d2e-c6c9fdd11c8d/nords","status":200,"duration":"32ms","bytes":"494"}
19:47:39.414 [34mdebug[39m: Query executed {"service":"nords-server","text":"SELECT * FROM mcp_session_nords WHERE session_id = $1 ORDER BY last_visited DESC","duration":35,"rows":2}
19:47:39.414 [32minfo[39m: GET /api/mcp-sessions/b0b3074a-12c3-4e5d-8d2e-c6c9fdd11c8d/nords 200 {"service":"nords-server","method":"GET","path":"/api/mcp-sessions/b0b3074a-12c3-4e5d-8d2e-c6c9fdd11c8d/nords","status":200,"duration":"35ms","bytes":"1210"}
19:47:39.415 [34mdebug[39m: Query executed {"service":"nords-server","text":"INSERT INTO usage_events (account_id, project_id, event_type, quantity, metadata","duration":36,"rows":1}
19:47:39.458 [34mdebug[39m: Query executed {"service":"nords-server","text":"SELECT * FROM mcp_session_nords WHERE session_id = $1 AND complete = FALSE ORDER","duration":31,"rows":1}
19:47:39.458 [32minfo[39m: GET /api/mcp-sessions/b0b3074a-12c3-4e5d-8d2e-c6c9fdd11c8d/nords/incomplete 200 {"service":"nords-server","method":"GET","path":"/api/mcp-sessions/b0b3074a-12c3-4e5d-8d2e-c6c9fdd11c8d/nords/incomplete","status":200,"duration":"32ms","bytes":"715"}
19:47:39.458 [34mdebug[39m: Query executed {"service":"nords-server","text":"INSERT INTO usage_events (account_id, project_id, event_type, quantity, metadata","duration":32,"rows":1}
19:47:47.860 [34mdebug[39m: Query executed {"service":"nords-server","text":"INSERT INTO usage_events (account_id, project_id, event_type, quantity, metadata","duration":34,"rows":1}
19:47:47.893 [34mdebug[39m: Query executed {"service":"nords-server","text":"SELECT fn_load_project_graph($1) AS fn_load_project_graph","duration":67,"rows":1}
19:47:47.893 [32minfo[39m: GET /api/projects/bf84e9fc-8c1e-4ffe-ac1c-415d13de0967/graph 200 {"service":"nords-server","method":"GET","path":"/api/projects/bf84e9fc-8c1e-4ffe-ac1c-415d13de0967/graph","status":200,"duration":"67ms","bytes":"17419"}
19:48:10.544 [34mdebug[39m: New client connected to pool {"service":"nords-server"}
19:48:10.550 [34mdebug[39m: New client connected to pool {"service":"nords-server"}
19:48:10.577 [34mdebug[39m: Query executed {"service":"nords-server","text":"INSERT INTO usage_events (account_id, project_id, event_type, quantity, metadata","duration":152,"rows":1}
19:48:10.583 [34mdebug[39m: Query executed {"service":"nords-server","text":"SELECT * FROM projects WHERE deleted_at IS NULL ORDER BY updated_at DESC","duration":158,"rows":2}
19:48:10.583 [32minfo[39m: GET /api/projects 200 {"service":"nords-server","method":"GET","path":"/api/projects","status":200,"duration":"158ms","bytes":"3222"}
19:48:10.613 [34mdebug[39m: Query executed {"service":"nords-server","text":"SELECT * FROM projects WHERE deleted_at IS NULL ORDER BY updated_at DESC","duration":28,"rows":2}
19:48:10.614 [32minfo[39m: GET /api/projects 304 {"service":"nords-server","method":"GET","path":"/api/projects","status":304,"duration":"29ms"}
19:48:10.616 [34mdebug[39m: Query executed {"service":"nords-server","text":"INSERT INTO usage_events (account_id, project_id, event_type, quantity, metadata","duration":31,"rows":1}
19:48:18.528 [34mdebug[39m: Query executed {"service":"nords-server","text":"INSERT INTO usage_events (account_id, project_id, event_type, quantity, metadata","duration":32,"rows":1}
19:48:18.565 [34mdebug[39m: Query executed {"service":"nords-server","text":"SELECT fn_load_project_graph($1) AS fn_load_project_graph","duration":69,"rows":1}
19:48:18.566 [32minfo[39m: GET /api/projects/bf84e9fc-8c1e-4ffe-ac1c-415d13de0967/graph 200 {"service":"nords-server","method":"GET","path":"/api/projects/bf84e9fc-8c1e-4ffe-ac1c-415d13de0967/graph","status":200,"duration":"70ms","bytes":"17419"}
19:48:18.597 [34mdebug[39m: Query executed {"service":"nords-server","text":"INSERT INTO usage_events (account_id, project_id, event_type, quantity, metadata","duration":31,"rows":1}
19:48:18.631 [34mdebug[39m: New client connected to pool {"service":"nords-server"}
19:48:18.632 [34mdebug[39m: New client connected to pool {"service":"nords-server"}
19:48:18.632 [34mdebug[39m: New client connected to pool {"service":"nords-server"}
19:48:18.634 [34mdebug[39m: New client connected to pool {"service":"nords-server"}
19:48:18.636 [34mdebug[39m: Query executed {"service":"nords-server","text":"SELECT fn_load_project_graph($1) AS fn_load_project_graph","duration":70,"rows":1}
19:48:18.637 [32minfo[39m: GET /api/projects/bf84e9fc-8c1e-4ffe-ac1c-415d13de0967/graph 304 {"service":"nords-server","method":"GET","path":"/api/projects/bf84e9fc-8c1e-4ffe-ac1c-415d13de0967/graph","status":304,"duration":"71ms"}
19:48:18.663 [34mdebug[39m: Query executed {"service":"nords-server","text":"SELECT * FROM projects WHERE id = $1 AND deleted_at IS NULL","duration":167,"rows":1}
19:48:18.664 [32minfo[39m: GET /api/projects/bf84e9fc-8c1e-4ffe-ac1c-415d13de0967 200 {"service":"nords-server","method":"GET","path":"/api/projects/bf84e9fc-8c1e-4ffe-ac1c-415d13de0967","status":200,"duration":"168ms","bytes":"1681"}
19:48:18.667 [34mdebug[39m: Query executed {"service":"nords-server","text":"INSERT INTO usage_events (account_id, project_id, event_type, quantity, metadata","duration":171,"rows":1}
19:48:18.668 [34mdebug[39m: Query executed {"service":"nords-server","text":"SELECT * FROM personas WHERE project_id = $1 AND deleted_at IS NULL ORDER BY sor","duration":172,"rows":4}
19:48:18.668 [34mdebug[39m: Query executed {"service":"nords-server","text":"INSERT INTO usage_events (account_id, project_id, event_type, quantity, metadata","duration":172,"rows":1}
19:48:18.695 [34mdebug[39m: Query executed {"service":"nords-server","text":"SELECT * FROM projects WHERE id = $1 AND deleted_at IS NULL","duration":31,"rows":1}
19:48:18.696 [32minfo[39m: GET /api/projects/bf84e9fc-8c1e-4ffe-ac1c-415d13de0967 304 {"service":"nords-server","method":"GET","path":"/api/projects/bf84e9fc-8c1e-4ffe-ac1c-415d13de0967","status":304,"duration":"32ms"}
19:48:18.699 [34mdebug[39m: Query executed {"service":"nords-server","text":"INSERT INTO usage_events (account_id, project_id, event_type, quantity, metadata","duration":35,"rows":1}
19:48:18.700 [34mdebug[39m: Query executed {"service":"nords-server","text":"SELECT * FROM persona_mental_models WHERE persona_id = ANY($1) ORDER BY sort_ord","duration":32,"rows":0}
19:48:18.730 [34mdebug[39m: Query executed {"service":"nords-server","text":"SELECT * FROM persona_category_weights WHERE persona_id = ANY($1)","duration":30,"rows":5}
19:48:18.730 [32minfo[39m: GET /api/projects/bf84e9fc-8c1e-4ffe-ac1c-415d13de0967/personas 200 {"service":"nords-server","method":"GET","path":"/api/projects/bf84e9fc-8c1e-4ffe-ac1c-415d13de0967/personas","status":200,"duration":"234ms","bytes":"2523"}
19:48:18.763 [34mdebug[39m: Query executed {"service":"nords-server","text":"SELECT * FROM personas WHERE project_id = $1 AND deleted_at IS NULL ORDER BY sor","duration":32,"rows":4}
19:48:18.767 [34mdebug[39m: Query executed {"service":"nords-server","text":"INSERT INTO usage_events (account_id, project_id, event_type, quantity, metadata","duration":36,"rows":1}
19:48:18.793 [34mdebug[39m: Query executed {"service":"nords-server","text":"SELECT * FROM persona_mental_models WHERE persona_id = ANY($1) ORDER BY sort_ord","duration":29,"rows":0}
19:48:18.825 [34mdebug[39m: Query executed {"service":"nords-server","text":"SELECT * FROM persona_category_weights WHERE persona_id = ANY($1)","duration":32,"rows":5}
19:48:18.826 [32minfo[39m: GET /api/projects/bf84e9fc-8c1e-4ffe-ac1c-415d13de0967/personas 304 {"service":"nords-server","method":"GET","path":"/api/projects/bf84e9fc-8c1e-4ffe-ac1c-415d13de0967/personas","status":304,"duration":"95ms"}
19:48:18.858 [34mdebug[39m: Query executed {"service":"nords-server","text":"INSERT INTO usage_events (account_id, project_id, event_type, quantity, metadata","duration":32,"rows":1}
19:48:18.858 [34mdebug[39m: Query executed {"service":"nords-server","text":"SELECT * FROM personas WHERE project_id = $1 AND deleted_at IS NULL ORDER BY sor","duration":32,"rows":4}
19:48:18.888 [34mdebug[39m: Query executed {"service":"nords-server","text":"SELECT * FROM persona_mental_models WHERE persona_id = ANY($1) ORDER BY sort_ord","duration":30,"rows":0}
19:48:18.918 [34mdebug[39m: Query executed {"service":"nords-server","text":"SELECT * FROM persona_category_weights WHERE persona_id = ANY($1)","duration":30,"rows":5}
19:48:18.918 [32minfo[39m: GET /api/projects/bf84e9fc-8c1e-4ffe-ac1c-415d13de0967/personas 304 {"service":"nords-server","method":"GET","path":"/api/projects/bf84e9fc-8c1e-4ffe-ac1c-415d13de0967/personas","status":304,"duration":"92ms"}
19:48:18.950 [34mdebug[39m: Query executed {"service":"nords-server","text":"SELECT * FROM personas WHERE project_id = $1 AND deleted_at IS NULL ORDER BY sor","duration":31,"rows":4}
19:48:18.950 [34mdebug[39m: Query executed {"service":"nords-server","text":"INSERT INTO usage_events (account_id, project_id, event_type, quantity, metadata","duration":31,"rows":1}
19:48:18.979 [34mdebug[39m: Query executed {"service":"nords-server","text":"SELECT * FROM persona_mental_models WHERE persona_id = ANY($1) ORDER BY sort_ord","duration":29,"rows":0}
19:48:19.009 [34mdebug[39m: Query executed {"service":"nords-server","text":"SELECT * FROM persona_category_weights WHERE persona_id = ANY($1)","duration":30,"rows":5}
19:48:19.009 [32minfo[39m: GET /api/projects/bf84e9fc-8c1e-4ffe-ac1c-415d13de0967/personas 304 {"service":"nords-server","method":"GET","path":"/api/projects/bf84e9fc-8c1e-4ffe-ac1c-415d13de0967/personas","status":304,"duration":"90ms"}
19:48:40.380 [33mwarn[39m: Auth bypassed: dev mode (VITE_SKIP_AUTH or demo-api-key) {"service":"nords-client","clientTimestamp":"2026-05-13T23:48:10.402Z","userId":"dev-user-000"}
19:48:40.380 [33mwarn[39m: Auth bypassed: dev mode (VITE_SKIP_AUTH or demo-api-key) {"service":"nords-client","clientTimestamp":"2026-05-13T23:48:10.402Z","userId":"dev-user-000"}
19:48:40.381 [33mwarn[39m: Auth bypassed: dev mode (VITE_SKIP_AUTH or demo-api-key) {"service":"nords-client","clientTimestamp":"2026-05-13T23:48:10.429Z","userId":"dev-user-000"}
19:48:40.381 [33mwarn[39m: Auth bypassed: dev mode (VITE_SKIP_AUTH or demo-api-key) {"service":"nords-client","clientTimestamp":"2026-05-13T23:48:10.429Z","userId":"dev-user-000"}
19:48:40.381 [33mwarn[39m: Auth bypassed: dev mode (VITE_SKIP_AUTH or demo-api-key) {"service":"nords-client","clientTimestamp":"2026-05-13T23:48:18.466Z","userId":"dev-user-000"}
19:48:40.381 [33mwarn[39m: Auth bypassed: dev mode (VITE_SKIP_AUTH or demo-api-key) {"service":"nords-client","clientTimestamp":"2026-05-13T23:48:18.466Z","userId":"dev-user-000"}
19:48:40.382 [32minfo[39m: POST /api/logs 200 {"service":"nords-server","method":"POST","path":"/api/logs","status":200,"duration":"2ms","bytes":"14"}
19:48:40.509 [34mdebug[39m: New client connected to pool {"service":"nords-server"}
19:48:40.545 [34mdebug[39m: Query executed {"service":"nords-server","text":"INSERT INTO usage_events (account_id, project_id, event_type, quantity, metadata","duration":165,"rows":1}
19:49:54.223 [34mdebug[39m: New client connected to pool {"service":"nords-server"}
19:49:54.223 [34mdebug[39m: New client connected to pool {"service":"nords-server"}
19:49:54.258 [34mdebug[39m: Query executed {"service":"nords-server","text":"SELECT * FROM projects WHERE deleted_at IS NULL ORDER BY updated_at DESC","duration":167,"rows":2}
19:49:54.259 [32minfo[39m: GET /api/projects 304 {"service":"nords-server","method":"GET","path":"/api/projects","status":304,"duration":"168ms"}
19:49:54.259 [34mdebug[39m: Query executed {"service":"nords-server","text":"INSERT INTO usage_events (account_id, project_id, event_type, quantity, metadata","duration":168,"rows":1}
19:49:54.292 [34mdebug[39m: Query executed {"service":"nords-server","text":"SELECT * FROM projects WHERE deleted_at IS NULL ORDER BY updated_at DESC","duration":32,"rows":2}
19:49:54.293 [32minfo[39m: GET /api/projects 304 {"service":"nords-server","method":"GET","path":"/api/projects","status":304,"duration":"33ms"}
19:49:54.293 [34mdebug[39m: Query executed {"service":"nords-server","text":"INSERT INTO usage_events (account_id, project_id, event_type, quantity, metadata","duration":33,"rows":1}
19:49:56.349 [34mdebug[39m: Query executed {"service":"nords-server","text":"SELECT * FROM personas WHERE project_id = $1 AND deleted_at IS NULL ORDER BY sor","duration":32,"rows":4}
19:49:56.350 [34mdebug[39m: Query executed {"service":"nords-server","text":"INSERT INTO usage_events (account_id, project_id, event_type, quantity, metadata","duration":33,"rows":1}
19:49:56.383 [34mdebug[39m: Query executed {"service":"nords-server","text":"SELECT * FROM persona_mental_models WHERE persona_id = ANY($1) ORDER BY sort_ord","duration":34,"rows":0}
19:49:56.416 [34mdebug[39m: Query executed {"service":"nords-server","text":"SELECT * FROM persona_category_weights WHERE persona_id = ANY($1)","duration":32,"rows":5}
19:49:56.416 [32minfo[39m: GET /api/projects/bf84e9fc-8c1e-4ffe-ac1c-415d13de0967/personas 304 {"service":"nords-server","method":"GET","path":"/api/projects/bf84e9fc-8c1e-4ffe-ac1c-415d13de0967/personas","status":304,"duration":"99ms"}
19:49:56.451 [34mdebug[39m: Query executed {"service":"nords-server","text":"SELECT * FROM personas WHERE project_id = $1 AND deleted_at IS NULL ORDER BY sor","duration":34,"rows":4}
19:49:56.453 [34mdebug[39m: New client connected to pool {"service":"nords-server"}
19:49:56.453 [34mdebug[39m: New client connected to pool {"service":"nords-server"}
19:49:56.453 [34mdebug[39m: Query executed {"service":"nords-server","text":"INSERT INTO usage_events (account_id, project_id, event_type, quantity, metadata","duration":36,"rows":1}
19:49:56.455 [34mdebug[39m: New client connected to pool {"service":"nords-server"}
19:49:56.456 [34mdebug[39m: New client connected to pool {"service":"nords-server"}
19:49:56.483 [34mdebug[39m: Query executed {"service":"nords-server","text":"SELECT * FROM persona_mental_models WHERE persona_id = ANY($1) ORDER BY sort_ord","duration":32,"rows":0}
19:49:56.485 [34mdebug[39m: Query executed {"service":"nords-server","text":"INSERT INTO usage_events (account_id, project_id, event_type, quantity, metadata","duration":167,"rows":1}
19:49:56.487 [34mdebug[39m: Query executed {"service":"nords-server","text":"SELECT * FROM projects WHERE id = $1 AND deleted_at IS NULL","duration":168,"rows":1}
19:49:56.487 [32minfo[39m: GET /api/projects/bf84e9fc-8c1e-4ffe-ac1c-415d13de0967 304 {"service":"nords-server","method":"GET","path":"/api/projects/bf84e9fc-8c1e-4ffe-ac1c-415d13de0967","status":304,"duration":"170ms"}
19:49:56.488 [34mdebug[39m: Query executed {"service":"nords-server","text":"INSERT INTO usage_events (account_id, project_id, event_type, quantity, metadata","duration":171,"rows":1}
19:49:56.512 [34mdebug[39m: Query executed {"service":"nords-server","text":"SELECT * FROM persona_category_weights WHERE persona_id = ANY($1)","duration":29,"rows":5}
19:49:56.512 [32minfo[39m: GET /api/projects/bf84e9fc-8c1e-4ffe-ac1c-415d13de0967/personas 304 {"service":"nords-server","method":"GET","path":"/api/projects/bf84e9fc-8c1e-4ffe-ac1c-415d13de0967/personas","status":304,"duration":"95ms"}
19:49:56.520 [34mdebug[39m: Query executed {"service":"nords-server","text":"SELECT * FROM projects WHERE id = $1 AND deleted_at IS NULL","duration":32,"rows":1}
19:49:56.520 [32minfo[39m: GET /api/projects/bf84e9fc-8c1e-4ffe-ac1c-415d13de0967 304 {"service":"nords-server","method":"GET","path":"/api/projects/bf84e9fc-8c1e-4ffe-ac1c-415d13de0967","status":304,"duration":"32ms"}
19:49:56.520 [34mdebug[39m: Query executed {"service":"nords-server","text":"INSERT INTO usage_events (account_id, project_id, event_type, quantity, metadata","duration":32,"rows":1}
19:49:56.523 [34mdebug[39m: Query executed {"service":"nords-server","text":"SELECT fn_load_project_graph($1) AS fn_load_project_graph","duration":205,"rows":1}
19:49:56.523 [32minfo[39m: GET /api/projects/bf84e9fc-8c1e-4ffe-ac1c-415d13de0967/graph 304 {"service":"nords-server","method":"GET","path":"/api/projects/bf84e9fc-8c1e-4ffe-ac1c-415d13de0967/graph","status":304,"duration":"205ms"}
19:49:56.543 [34mdebug[39m: Query executed {"service":"nords-server","text":"SELECT * FROM personas WHERE project_id = $1 AND deleted_at IS NULL ORDER BY sor","duration":30,"rows":4}
19:49:56.543 [34mdebug[39m: Query executed {"service":"nords-server","text":"INSERT INTO usage_events (account_id, project_id, event_type, quantity, metadata","duration":30,"rows":1}
19:49:56.557 [34mdebug[39m: Query executed {"service":"nords-server","text":"INSERT INTO usage_events (account_id, project_id, event_type, quantity, metadata","duration":32,"rows":1}
19:49:56.573 [34mdebug[39m: Query executed {"service":"nords-server","text":"SELECT * FROM persona_mental_models WHERE persona_id = ANY($1) ORDER BY sort_ord","duration":30,"rows":0}
19:49:56.590 [34mdebug[39m: Query executed {"service":"nords-server","text":"SELECT fn_load_project_graph($1) AS fn_load_project_graph","duration":66,"rows":1}
19:49:56.591 [32minfo[39m: GET /api/projects/bf84e9fc-8c1e-4ffe-ac1c-415d13de0967/graph 304 {"service":"nords-server","method":"GET","path":"/api/projects/bf84e9fc-8c1e-4ffe-ac1c-415d13de0967/graph","status":304,"duration":"67ms"}
19:49:56.602 [34mdebug[39m: Query executed {"service":"nords-server","text":"SELECT * FROM persona_category_weights WHERE persona_id = ANY($1)","duration":29,"rows":5}
19:49:56.602 [32minfo[39m: GET /api/projects/bf84e9fc-8c1e-4ffe-ac1c-415d13de0967/personas 304 {"service":"nords-server","method":"GET","path":"/api/projects/bf84e9fc-8c1e-4ffe-ac1c-415d13de0967/personas","status":304,"duration":"89ms"}
19:49:56.635 [34mdebug[39m: Query executed {"service":"nords-server","text":"SELECT * FROM personas WHERE project_id = $1 AND deleted_at IS NULL ORDER BY sor","duration":32,"rows":4}
19:49:56.635 [34mdebug[39m: Query executed {"service":"nords-server","text":"INSERT INTO usage_events (account_id, project_id, event_type, quantity, metadata","duration":32,"rows":1}
19:49:56.665 [34mdebug[39m: Query executed {"service":"nords-server","text":"SELECT * FROM persona_mental_models WHERE persona_id = ANY($1) ORDER BY sort_ord","duration":30,"rows":0}
19:49:56.695 [34mdebug[39m: Query executed {"service":"nords-server","text":"SELECT * FROM persona_category_weights WHERE persona_id = ANY($1)","duration":30,"rows":5}
19:49:56.696 [32minfo[39m: GET /api/projects/bf84e9fc-8c1e-4ffe-ac1c-415d13de0967/personas 304 {"service":"nords-server","method":"GET","path":"/api/projects/bf84e9fc-8c1e-4ffe-ac1c-415d13de0967/personas","status":304,"duration":"92ms"}
19:50:07.879 [34mdebug[39m: New client connected to pool {"service":"nords-server"}
19:50:07.880 [34mdebug[39m: New client connected to pool {"service":"nords-server"}
19:50:07.914 [34mdebug[39m: Query executed {"service":"nords-server","text":"SELECT * FROM projects WHERE deleted_at IS NULL ORDER BY updated_at DESC","duration":164,"rows":2}
19:50:07.914 [32minfo[39m: GET /api/projects 304 {"service":"nords-server","method":"GET","path":"/api/projects","status":304,"duration":"164ms"}
19:50:07.915 [34mdebug[39m: Query executed {"service":"nords-server","text":"INSERT INTO usage_events (account_id, project_id, event_type, quantity, metadata","duration":165,"rows":1}
19:50:07.944 [34mdebug[39m: Query executed {"service":"nords-server","text":"SELECT * FROM projects WHERE deleted_at IS NULL ORDER BY updated_at DESC","duration":28,"rows":2}
19:50:07.944 [32minfo[39m: GET /api/projects 304 {"service":"nords-server","method":"GET","path":"/api/projects","status":304,"duration":"28ms"}
19:50:07.944 [34mdebug[39m: Query executed {"service":"nords-server","text":"INSERT INTO usage_events (account_id, project_id, event_type, quantity, metadata","duration":28,"rows":1}
19:50:08.969 [34mdebug[39m: Query executed {"service":"nords-server","text":"INSERT INTO usage_events (account_id, project_id, event_type, quantity, metadata","duration":31,"rows":1}
19:50:08.969 [34mdebug[39m: Query executed {"service":"nords-server","text":"SELECT * FROM personas WHERE project_id = $1 AND deleted_at IS NULL ORDER BY sor","duration":31,"rows":10}
19:50:09.006 [34mdebug[39m: Query executed {"service":"nords-server","text":"SELECT * FROM persona_mental_models WHERE persona_id = ANY($1) ORDER BY sort_ord","duration":36,"rows":37}
19:50:09.035 [34mdebug[39m: Query executed {"service":"nords-server","text":"SELECT * FROM persona_category_weights WHERE persona_id = ANY($1)","duration":29,"rows":30}
19:50:09.036 [32minfo[39m: GET /api/projects/5413fc94-3245-4153-9641-b9d025367e1d/personas 304 {"service":"nords-server","method":"GET","path":"/api/projects/5413fc94-3245-4153-9641-b9d025367e1d/personas","status":304,"duration":"98ms"}
19:50:09.062 [34mdebug[39m: New client connected to pool {"service":"nords-server"}
19:50:09.064 [34mdebug[39m: New client connected to pool {"service":"nords-server"}
19:50:09.068 [34mdebug[39m: Query executed {"service":"nords-server","text":"INSERT INTO usage_events (account_id, project_id, event_type, quantity, metadata","duration":31,"rows":1}
19:50:09.069 [34mdebug[39m: Query executed {"service":"nords-server","text":"SELECT * FROM personas WHERE project_id = $1 AND deleted_at IS NULL ORDER BY sor","duration":32,"rows":10}
19:50:09.070 [34mdebug[39m: New client connected to pool {"service":"nords-server"}
19:50:09.071 [34mdebug[39m: New client connected to pool {"service":"nords-server"}
19:50:09.094 [34mdebug[39m: Query executed {"service":"nords-server","text":"INSERT INTO usage_events (account_id, project_id, event_type, quantity, metadata","duration":156,"rows":1}
19:50:09.103 [34mdebug[39m: Query executed {"service":"nords-server","text":"SELECT * FROM persona_mental_models WHERE persona_id = ANY($1) ORDER BY sort_ord","duration":34,"rows":37}
19:50:09.104 [34mdebug[39m: Query executed {"service":"nords-server","text":"SELECT * FROM projects WHERE id = $1 AND deleted_at IS NULL","duration":166,"rows":1}
19:50:09.104 [32minfo[39m: GET /api/projects/5413fc94-3245-4153-9641-b9d025367e1d 200 {"service":"nords-server","method":"GET","path":"/api/projects/5413fc94-3245-4153-9641-b9d025367e1d","status":200,"duration":"166ms","bytes":"1538"}
19:50:09.108 [34mdebug[39m: Query executed {"service":"nords-server","text":"INSERT INTO usage_events (account_id, project_id, event_type, quantity, metadata","duration":169,"rows":1}
19:50:09.134 [34mdebug[39m: Query executed {"service":"nords-server","text":"SELECT * FROM persona_category_weights WHERE persona_id = ANY($1)","duration":31,"rows":30}
19:50:09.134 [32minfo[39m: GET /api/projects/5413fc94-3245-4153-9641-b9d025367e1d/personas 304 {"service":"nords-server","method":"GET","path":"/api/projects/5413fc94-3245-4153-9641-b9d025367e1d/personas","status":304,"duration":"97ms"}
19:50:09.135 [34mdebug[39m: Query executed {"service":"nords-server","text":"SELECT * FROM projects WHERE id = $1 AND deleted_at IS NULL","duration":29,"rows":1}
19:50:09.135 [32minfo[39m: GET /api/projects/5413fc94-3245-4153-9641-b9d025367e1d 304 {"service":"nords-server","method":"GET","path":"/api/projects/5413fc94-3245-4153-9641-b9d025367e1d","status":304,"duration":"29ms"}
19:50:09.137 [34mdebug[39m: Query executed {"service":"nords-server","text":"INSERT INTO usage_events (account_id, project_id, event_type, quantity, metadata","duration":31,"rows":1}
19:50:09.163 [34mdebug[39m: Query executed {"service":"nords-server","text":"SELECT * FROM personas WHERE project_id = $1 AND deleted_at IS NULL ORDER BY sor","duration":28,"rows":10}
19:50:09.164 [34mdebug[39m: Query executed {"service":"nords-server","text":"INSERT INTO usage_events (account_id, project_id, event_type, quantity, metadata","duration":29,"rows":1}
19:50:09.192 [34mdebug[39m: Query executed {"service":"nords-server","text":"SELECT * FROM persona_mental_models WHERE persona_id = ANY($1) ORDER BY sort_ord","duration":29,"rows":37}
19:50:09.212 [34mdebug[39m: Query executed {"service":"nords-server","text":"SELECT fn_load_project_graph($1) AS fn_load_project_graph","duration":273,"rows":1}
19:50:09.213 [32minfo[39m: GET /api/projects/5413fc94-3245-4153-9641-b9d025367e1d/graph 304 {"service":"nords-server","method":"GET","path":"/api/projects/5413fc94-3245-4153-9641-b9d025367e1d/graph","status":304,"duration":"274ms"}
19:50:09.221 [34mdebug[39m: Query executed {"service":"nords-server","text":"SELECT * FROM persona_category_weights WHERE persona_id = ANY($1)","duration":29,"rows":30}
19:50:09.221 [32minfo[39m: GET /api/projects/5413fc94-3245-4153-9641-b9d025367e1d/personas 304 {"service":"nords-server","method":"GET","path":"/api/projects/5413fc94-3245-4153-9641-b9d025367e1d/personas","status":304,"duration":"86ms"}
19:50:09.246 [34mdebug[39m: Query executed {"service":"nords-server","text":"INSERT INTO usage_events (account_id, project_id, event_type, quantity, metadata","duration":31,"rows":1}
19:50:09.254 [34mdebug[39m: Query executed {"service":"nords-server","text":"SELECT * FROM personas WHERE project_id = $1 AND deleted_at IS NULL ORDER BY sor","duration":32,"rows":10}
19:50:09.254 [34mdebug[39m: Query executed {"service":"nords-server","text":"INSERT INTO usage_events (account_id, project_id, event_type, quantity, metadata","duration":32,"rows":1}
19:50:09.287 [34mdebug[39m: Query executed {"service":"nords-server","text":"SELECT * FROM persona_mental_models WHERE persona_id = ANY($1) ORDER BY sort_ord","duration":33,"rows":37}
19:50:09.318 [34mdebug[39m: Query executed {"service":"nords-server","text":"SELECT * FROM persona_category_weights WHERE persona_id = ANY($1)","duration":30,"rows":30}
19:50:09.319 [32minfo[39m: GET /api/projects/5413fc94-3245-4153-9641-b9d025367e1d/personas 304 {"service":"nords-server","method":"GET","path":"/api/projects/5413fc94-3245-4153-9641-b9d025367e1d/personas","status":304,"duration":"97ms"}
19:50:09.351 [34mdebug[39m: Query executed {"service":"nords-server","text":"SELECT fn_load_project_graph($1) AS fn_load_project_graph","duration":136,"rows":1}
19:50:09.351 [32minfo[39m: GET /api/projects/5413fc94-3245-4153-9641-b9d025367e1d/graph 304 {"service":"nords-server","method":"GET","path":"/api/projects/5413fc94-3245-4153-9641-b9d025367e1d/graph","status":304,"duration":"136ms"}
19:50:10.380 [33mwarn[39m: Auth bypassed: dev mode (VITE_SKIP_AUTH or demo-api-key) {"service":"nords-client","clientTimestamp":"2026-05-13T23:49:54.073Z","userId":"dev-user-000"}
19:50:10.380 [33mwarn[39m: Auth bypassed: dev mode (VITE_SKIP_AUTH or demo-api-key) {"service":"nords-client","clientTimestamp":"2026-05-13T23:49:54.073Z","userId":"dev-user-000"}
19:50:10.380 [33mwarn[39m: Auth bypassed: dev mode (VITE_SKIP_AUTH or demo-api-key) {"service":"nords-client","clientTimestamp":"2026-05-13T23:49:56.290Z","userId":"dev-user-000"}
19:50:10.380 [33mwarn[39m: Auth bypassed: dev mode (VITE_SKIP_AUTH or demo-api-key) {"service":"nords-client","clientTimestamp":"2026-05-13T23:49:56.291Z","userId":"dev-user-000"}
19:50:10.380 [33mwarn[39m: Auth bypassed: dev mode (VITE_SKIP_AUTH or demo-api-key) {"service":"nords-client","clientTimestamp":"2026-05-13T23:50:07.738Z","userId":"dev-user-000"}
19:50:10.380 [33mwarn[39m: Auth bypassed: dev mode (VITE_SKIP_AUTH or demo-api-key) {"service":"nords-client","clientTimestamp":"2026-05-13T23:50:07.739Z","userId":"dev-user-000"}
19:50:10.380 [33mwarn[39m: Auth bypassed: dev mode (VITE_SKIP_AUTH or demo-api-key) {"service":"nords-client","clientTimestamp":"2026-05-13T23:50:08.900Z","userId":"dev-user-000"}
19:50:10.380 [33mwarn[39m: Auth bypassed: dev mode (VITE_SKIP_AUTH or demo-api-key) {"service":"nords-client","clientTimestamp":"2026-05-13T23:50:08.900Z","userId":"dev-user-000"}
19:50:10.381 [32minfo[39m: POST /api/logs 200 {"service":"nords-server","method":"POST","path":"/api/logs","status":200,"duration":"1ms","bytes":"14"}
19:50:10.411 [34mdebug[39m: Query executed {"service":"nords-server","text":"INSERT INTO usage_events (account_id, project_id, event_type, quantity, metadata","duration":30,"rows":1}
19:50:18.284 [34mdebug[39m: Query executed {"service":"nords-server","text":"SELECT * FROM projects WHERE deleted_at IS NULL ORDER BY updated_at DESC","duration":32,"rows":2}
19:50:18.285 [32minfo[39m: GET /api/projects 304 {"service":"nords-server","method":"GET","path":"/api/projects","status":304,"duration":"33ms"}
19:50:18.286 [34mdebug[39m: Query executed {"service":"nords-server","text":"INSERT INTO usage_events (account_id, project_id, event_type, quantity, metadata","duration":34,"rows":1}
19:50:18.315 [34mdebug[39m: Query executed {"service":"nords-server","text":"SELECT * FROM projects WHERE deleted_at IS NULL ORDER BY updated_at DESC","duration":29,"rows":2}
19:50:18.316 [32minfo[39m: GET /api/projects 304 {"service":"nords-server","method":"GET","path":"/api/projects","status":304,"duration":"30ms"}
19:50:18.316 [34mdebug[39m: Query executed {"service":"nords-server","text":"INSERT INTO usage_events (account_id, project_id, event_type, quantity, metadata","duration":30,"rows":1}
19:50:19.339 [34mdebug[39m: Query executed {"service":"nords-server","text":"SELECT * FROM personas WHERE project_id = $1 AND deleted_at IS NULL ORDER BY sor","duration":32,"rows":4}
19:50:19.340 [34mdebug[39m: Query executed {"service":"nords-server","text":"INSERT INTO usage_events (account_id, project_id, event_type, quantity, metadata","duration":32,"rows":1}
19:50:19.368 [34mdebug[39m: Query executed {"service":"nords-server","text":"SELECT * FROM persona_mental_models WHERE persona_id = ANY($1) ORDER BY sort_ord","duration":29,"rows":0}
19:50:19.401 [34mdebug[39m: Query executed {"service":"nords-server","text":"SELECT * FROM persona_category_weights WHERE persona_id = ANY($1)","duration":33,"rows":5}
19:50:19.402 [32minfo[39m: GET /api/projects/bf84e9fc-8c1e-4ffe-ac1c-415d13de0967/personas 304 {"service":"nords-server","method":"GET","path":"/api/projects/bf84e9fc-8c1e-4ffe-ac1c-415d13de0967/personas","status":304,"duration":"95ms"}
19:50:19.433 [34mdebug[39m: Query executed {"service":"nords-server","text":"SELECT * FROM personas WHERE project_id = $1 AND deleted_at IS NULL ORDER BY sor","duration":30,"rows":4}
19:50:19.433 [34mdebug[39m: Query executed {"service":"nords-server","text":"INSERT INTO usage_events (account_id, project_id, event_type, quantity, metadata","duration":30,"rows":1}
19:50:19.439 [34mdebug[39m: New client connected to pool {"service":"nords-server"}
19:50:19.439 [34mdebug[39m: New client connected to pool {"service":"nords-server"}
19:50:19.441 [34mdebug[39m: New client connected to pool {"service":"nords-server"}
19:50:19.441 [34mdebug[39m: New client connected to pool {"service":"nords-server"}
19:50:19.464 [34mdebug[39m: Query executed {"service":"nords-server","text":"SELECT * FROM persona_mental_models WHERE persona_id = ANY($1) ORDER BY sort_ord","duration":31,"rows":0}
19:50:19.471 [34mdebug[39m: Query executed {"service":"nords-server","text":"SELECT * FROM projects WHERE id = $1 AND deleted_at IS NULL","duration":162,"rows":1}
19:50:19.471 [32minfo[39m: GET /api/projects/bf84e9fc-8c1e-4ffe-ac1c-415d13de0967 304 {"service":"nords-server","method":"GET","path":"/api/projects/bf84e9fc-8c1e-4ffe-ac1c-415d13de0967","status":304,"duration":"162ms"}
19:50:19.475 [34mdebug[39m: Query executed {"service":"nords-server","text":"INSERT INTO usage_events (account_id, project_id, event_type, quantity, metadata","duration":165,"rows":1}
19:50:19.475 [34mdebug[39m: Query executed {"service":"nords-server","text":"INSERT INTO usage_events (account_id, project_id, event_type, quantity, metadata","duration":166,"rows":1}
19:50:19.492 [34mdebug[39m: Query executed {"service":"nords-server","text":"SELECT * FROM persona_category_weights WHERE persona_id = ANY($1)","duration":28,"rows":5}
19:50:19.492 [32minfo[39m: GET /api/projects/bf84e9fc-8c1e-4ffe-ac1c-415d13de0967/personas 304 {"service":"nords-server","method":"GET","path":"/api/projects/bf84e9fc-8c1e-4ffe-ac1c-415d13de0967/personas","status":304,"duration":"89ms"}
19:50:19.505 [34mdebug[39m: Query executed {"service":"nords-server","text":"SELECT * FROM projects WHERE id = $1 AND deleted_at IS NULL","duration":33,"rows":1}
19:50:19.505 [32minfo[39m: GET /api/projects/bf84e9fc-8c1e-4ffe-ac1c-415d13de0967 304 {"service":"nords-server","method":"GET","path":"/api/projects/bf84e9fc-8c1e-4ffe-ac1c-415d13de0967","status":304,"duration":"33ms"}
19:50:19.506 [34mdebug[39m: Query executed {"service":"nords-server","text":"INSERT INTO usage_events (account_id, project_id, event_type, quantity, metadata","duration":34,"rows":1}
19:50:19.514 [34mdebug[39m: Query executed {"service":"nords-server","text":"SELECT fn_load_project_graph($1) AS fn_load_project_graph","duration":204,"rows":1}
19:50:19.515 [32minfo[39m: GET /api/projects/bf84e9fc-8c1e-4ffe-ac1c-415d13de0967/graph 304 {"service":"nords-server","method":"GET","path":"/api/projects/bf84e9fc-8c1e-4ffe-ac1c-415d13de0967/graph","status":304,"duration":"205ms"}
19:50:19.522 [34mdebug[39m: Query executed {"service":"nords-server","text":"INSERT INTO usage_events (account_id, project_id, event_type, quantity, metadata","duration":29,"rows":1}
19:50:19.523 [34mdebug[39m: Query executed {"service":"nords-server","text":"SELECT * FROM personas WHERE project_id = $1 AND deleted_at IS NULL ORDER BY sor","duration":30,"rows":4}
19:50:19.548 [34mdebug[39m: Query executed {"service":"nords-server","text":"INSERT INTO usage_events (account_id, project_id, event_type, quantity, metadata","duration":33,"rows":1}
19:50:19.554 [34mdebug[39m: Query executed {"service":"nords-server","text":"SELECT * FROM persona_mental_models WHERE persona_id = ANY($1) ORDER BY sort_ord","duration":31,"rows":0}
19:50:19.585 [34mdebug[39m: Query executed {"service":"nords-server","text":"SELECT fn_load_project_graph($1) AS fn_load_project_graph","duration":70,"rows":1}
19:50:19.585 [32minfo[39m: GET /api/projects/bf84e9fc-8c1e-4ffe-ac1c-415d13de0967/graph 304 {"service":"nords-server","method":"GET","path":"/api/projects/bf84e9fc-8c1e-4ffe-ac1c-415d13de0967/graph","status":304,"duration":"70ms"}
19:50:19.585 [34mdebug[39m: Query executed {"service":"nords-server","text":"SELECT * FROM persona_category_weights WHERE persona_id = ANY($1)","duration":31,"rows":5}
19:50:19.586 [32minfo[39m: GET /api/projects/bf84e9fc-8c1e-4ffe-ac1c-415d13de0967/personas 304 {"service":"nords-server","method":"GET","path":"/api/projects/bf84e9fc-8c1e-4ffe-ac1c-415d13de0967/personas","status":304,"duration":"93ms"}
19:50:19.617 [34mdebug[39m: Query executed {"service":"nords-server","text":"SELECT * FROM personas WHERE project_id = $1 AND deleted_at IS NULL ORDER BY sor","duration":31,"rows":4}
19:50:19.617 [34mdebug[39m: Query executed {"service":"nords-server","text":"INSERT INTO usage_events (account_id, project_id, event_type, quantity, metadata","duration":31,"rows":1}
19:50:19.647 [34mdebug[39m: Query executed {"service":"nords-server","text":"SELECT * FROM persona_mental_models WHERE persona_id = ANY($1) ORDER BY sort_ord","duration":30,"rows":0}
19:50:19.678 [34mdebug[39m: Query executed {"service":"nords-server","text":"SELECT * FROM persona_category_weights WHERE persona_id = ANY($1)","duration":30,"rows":5}
19:50:19.678 [32minfo[39m: GET /api/projects/bf84e9fc-8c1e-4ffe-ac1c-415d13de0967/personas 304 {"service":"nords-server","method":"GET","path":"/api/projects/bf84e9fc-8c1e-4ffe-ac1c-415d13de0967/personas","status":304,"duration":"92ms"}
19:50:34.427 [33mwarn[39m: Auth bypassed: dev mode (VITE_SKIP_AUTH or demo-api-key) {"service":"nords-client","clientTimestamp":"2026-05-13T23:50:18.224Z","userId":"dev-user-000"}
19:50:34.428 [33mwarn[39m: Auth bypassed: dev mode (VITE_SKIP_AUTH or demo-api-key) {"service":"nords-client","clientTimestamp":"2026-05-13T23:50:18.224Z","userId":"dev-user-000"}
19:50:34.428 [33mwarn[39m: Auth bypassed: dev mode (VITE_SKIP_AUTH or demo-api-key) {"service":"nords-client","clientTimestamp":"2026-05-13T23:50:19.283Z","userId":"dev-user-000"}
19:50:34.428 [33mwarn[39m: Auth bypassed: dev mode (VITE_SKIP_AUTH or demo-api-key) {"service":"nords-client","clientTimestamp":"2026-05-13T23:50:19.283Z","userId":"dev-user-000"}
19:50:34.432 [32minfo[39m: POST /api/logs 200 {"service":"nords-server","method":"POST","path":"/api/logs","status":200,"duration":"6ms","bytes":"14"}
19:50:34.563 [34mdebug[39m: New client connected to pool {"service":"nords-server"}
19:50:34.600 [34mdebug[39m: Query executed {"service":"nords-server","text":"INSERT INTO usage_events (account_id, project_id, event_type, quantity, metadata","duration":174,"rows":1}
19:51:10.158 [34mdebug[39m: New client connected to pool {"service":"nords-server"}
19:51:10.158 [34mdebug[39m: New client connected to pool {"service":"nords-server"}
19:51:10.192 [34mdebug[39m: Query executed {"service":"nords-server","text":"INSERT INTO usage_events (account_id, project_id, event_type, quantity, metadata","duration":160,"rows":1}
19:51:10.231 [34mdebug[39m: Query executed {"service":"nords-server","text":"SELECT fn_load_project_graph($1) AS fn_load_project_graph","duration":199,"rows":1}
19:51:10.231 [32minfo[39m: GET /api/projects/bf84e9fc-8c1e-4ffe-ac1c-415d13de0967/graph 200 {"service":"nords-server","method":"GET","path":"/api/projects/bf84e9fc-8c1e-4ffe-ac1c-415d13de0967/graph","status":200,"duration":"199ms","bytes":"17419"}
19:52:04.642 [34mdebug[39m: New client connected to pool {"service":"nords-server"}
19:52:04.643 [34mdebug[39m: New client connected to pool {"service":"nords-server"}
19:52:04.644 [34mdebug[39m: New client connected to pool {"service":"nords-server"}
19:52:04.645 [34mdebug[39m: New client connected to pool {"service":"nords-server"}
19:52:04.646 [34mdebug[39m: New client connected to pool {"service":"nords-server"}
19:52:04.680 [34mdebug[39m: Query executed {"service":"nords-server","text":"INSERT INTO usage_events (account_id, project_id, event_type, quantity, metadata","duration":179,"rows":1}
19:52:04.680 [34mdebug[39m: Query executed {"service":"nords-server","text":"SELECT * FROM projects WHERE id = $1 AND deleted_at IS NULL","duration":178,"rows":1}
19:52:04.680 [32minfo[39m: GET /api/projects/bf84e9fc-8c1e-4ffe-ac1c-415d13de0967 304 {"service":"nords-server","method":"GET","path":"/api/projects/bf84e9fc-8c1e-4ffe-ac1c-415d13de0967","status":304,"duration":"179ms"}
19:52:04.680 [34mdebug[39m: Query executed {"service":"nords-server","text":"SELECT * FROM connection_types\n       WHERE project_id = $1 AND deleted_at IS NU","duration":176,"rows":7}
19:52:04.681 [34mdebug[39m: Query executed {"service":"nords-server","text":"SELECT * FROM nord_types\n       WHERE project_id = $1 AND deleted_at IS NULL\n   ","duration":178,"rows":8}
19:52:04.682 [32minfo[39m: GET /api/projects/bf84e9fc-8c1e-4ffe-ac1c-415d13de0967/types 200 {"service":"nords-server","method":"GET","path":"/api/projects/bf84e9fc-8c1e-4ffe-ac1c-415d13de0967/types","status":200,"duration":"179ms","bytes":"10154"}
19:52:04.682 [34mdebug[39m: Query executed {"service":"nords-server","text":"INSERT INTO usage_events (account_id, project_id, event_type, quantity, metadata","duration":179,"rows":1}
19:52:04.711 [34mdebug[39m: Query executed {"service":"nords-server","text":"SELECT * FROM projects WHERE id = $1 AND deleted_at IS NULL","duration":30,"rows":1}
19:52:04.711 [32minfo[39m: GET /api/projects/bf84e9fc-8c1e-4ffe-ac1c-415d13de0967 304 {"service":"nords-server","method":"GET","path":"/api/projects/bf84e9fc-8c1e-4ffe-ac1c-415d13de0967","status":304,"duration":"30ms"}
19:52:04.712 [34mdebug[39m: Query executed {"service":"nords-server","text":"INSERT INTO usage_events (account_id, project_id, event_type, quantity, metadata","duration":29,"rows":1}
19:52:04.714 [34mdebug[39m: Query executed {"service":"nords-server","text":"SELECT * FROM connection_types\n       WHERE project_id = $1 AND deleted_at IS NU","duration":31,"rows":7}
19:52:04.714 [34mdebug[39m: Query executed {"service":"nords-server","text":"INSERT INTO usage_events (account_id, project_id, event_type, quantity, metadata","duration":33,"rows":1}
19:52:04.716 [34mdebug[39m: Query executed {"service":"nords-server","text":"SELECT * FROM nord_types\n       WHERE project_id = $1 AND deleted_at IS NULL\n   ","duration":33,"rows":8}
19:52:04.717 [32minfo[39m: GET /api/projects/bf84e9fc-8c1e-4ffe-ac1c-415d13de0967/types 304 {"service":"nords-server","method":"GET","path":"/api/projects/bf84e9fc-8c1e-4ffe-ac1c-415d13de0967/types","status":304,"duration":"33ms"}
19:53:01.885 [34mdebug[39m: New client connected to pool {"service":"nords-server"}
19:53:01.900 [34mdebug[39m: New client connected to pool {"service":"nords-server"}
19:53:01.901 [34mdebug[39m: New client connected to pool {"service":"nords-server"}
19:53:01.901 [34mdebug[39m: New client connected to pool {"service":"nords-server"}
19:53:01.901 [34mdebug[39m: New client connected to pool {"service":"nords-server"}
19:53:01.901 [34mdebug[39m: New client connected to pool {"service":"nords-server"}
19:53:01.920 [34mdebug[39m: Query executed {"service":"nords-server","text":"INSERT INTO usage_events (account_id, project_id, event_type, quantity, metadata","duration":160,"rows":1}
19:53:01.936 [34mdebug[39m: Query executed {"service":"nords-server","text":"SELECT * FROM projects WHERE id = $1 AND deleted_at IS NULL","duration":176,"rows":1}
19:53:01.936 [32minfo[39m: GET /api/projects/bf84e9fc-8c1e-4ffe-ac1c-415d13de0967 304 {"service":"nords-server","method":"GET","path":"/api/projects/bf84e9fc-8c1e-4ffe-ac1c-415d13de0967","status":304,"duration":"176ms"}
19:53:01.937 [34mdebug[39m: Query executed {"service":"nords-server","text":"INSERT INTO usage_events (account_id, project_id, event_type, quantity, metadata","duration":177,"rows":1}
19:53:01.937 [34mdebug[39m: Query executed {"service":"nords-server","text":"SELECT * FROM personas WHERE project_id = $1 AND deleted_at IS NULL ORDER BY sor","duration":178,"rows":4}
19:53:01.937 [34mdebug[39m: Query executed {"service":"nords-server","text":"INSERT INTO usage_events (account_id, project_id, event_type, quantity, metadata","duration":178,"rows":1}
19:53:01.971 [34mdebug[39m: Query executed {"service":"nords-server","text":"SELECT * FROM persona_mental_models WHERE persona_id = ANY($1) ORDER BY sort_ord","duration":34,"rows":0}
19:53:01.971 [34mdebug[39m: Query executed {"service":"nords-server","text":"SELECT * FROM projects WHERE id = $1 AND deleted_at IS NULL","duration":34,"rows":1}
19:53:01.971 [32minfo[39m: GET /api/projects/bf84e9fc-8c1e-4ffe-ac1c-415d13de0967 304 {"service":"nords-server","method":"GET","path":"/api/projects/bf84e9fc-8c1e-4ffe-ac1c-415d13de0967","status":304,"duration":"34ms"}
19:53:01.971 [34mdebug[39m: Query executed {"service":"nords-server","text":"INSERT INTO usage_events (account_id, project_id, event_type, quantity, metadata","duration":34,"rows":1}
19:53:01.977 [34mdebug[39m: Query executed {"service":"nords-server","text":"SELECT fn_load_project_graph($1) AS fn_load_project_graph","duration":217,"rows":1}
19:53:01.977 [32minfo[39m: GET /api/projects/bf84e9fc-8c1e-4ffe-ac1c-415d13de0967/graph 200 {"service":"nords-server","method":"GET","path":"/api/projects/bf84e9fc-8c1e-4ffe-ac1c-415d13de0967/graph","status":200,"duration":"217ms","bytes":"17466"}
19:53:02.001 [34mdebug[39m: Query executed {"service":"nords-server","text":"SELECT * FROM persona_category_weights WHERE persona_id = ANY($1)","duration":30,"rows":5}
19:53:02.001 [32minfo[39m: GET /api/projects/bf84e9fc-8c1e-4ffe-ac1c-415d13de0967/personas 304 {"service":"nords-server","method":"GET","path":"/api/projects/bf84e9fc-8c1e-4ffe-ac1c-415d13de0967/personas","status":304,"duration":"242ms"}
19:53:02.011 [34mdebug[39m: Query executed {"service":"nords-server","text":"INSERT INTO usage_events (account_id, project_id, event_type, quantity, metadata","duration":33,"rows":1}
19:53:02.032 [34mdebug[39m: Query executed {"service":"nords-server","text":"SELECT * FROM personas WHERE project_id = $1 AND deleted_at IS NULL ORDER BY sor","duration":30,"rows":4}
19:53:02.034 [34mdebug[39m: Query executed {"service":"nords-server","text":"INSERT INTO usage_events (account_id, project_id, event_type, quantity, metadata","duration":32,"rows":1}
19:53:02.044 [34mdebug[39m: Query executed {"service":"nords-server","text":"SELECT fn_load_project_graph($1) AS fn_load_project_graph","duration":66,"rows":1}
19:53:02.045 [32minfo[39m: GET /api/projects/bf84e9fc-8c1e-4ffe-ac1c-415d13de0967/graph 304 {"service":"nords-server","method":"GET","path":"/api/projects/bf84e9fc-8c1e-4ffe-ac1c-415d13de0967/graph","status":304,"duration":"67ms"}
19:53:02.061 [34mdebug[39m: Query executed {"service":"nords-server","text":"SELECT * FROM persona_mental_models WHERE persona_id = ANY($1) ORDER BY sort_ord","duration":29,"rows":0}
19:53:02.093 [34mdebug[39m: Query executed {"service":"nords-server","text":"SELECT * FROM persona_category_weights WHERE persona_id = ANY($1)","duration":32,"rows":5}
19:53:02.093 [32minfo[39m: GET /api/projects/bf84e9fc-8c1e-4ffe-ac1c-415d13de0967/personas 304 {"service":"nords-server","method":"GET","path":"/api/projects/bf84e9fc-8c1e-4ffe-ac1c-415d13de0967/personas","status":304,"duration":"91ms"}
19:53:02.123 [34mdebug[39m: Query executed {"service":"nords-server","text":"INSERT INTO usage_events (account_id, project_id, event_type, quantity, metadata","duration":29,"rows":1}
19:53:02.124 [34mdebug[39m: Query executed {"service":"nords-server","text":"SELECT * FROM personas WHERE project_id = $1 AND deleted_at IS NULL ORDER BY sor","duration":30,"rows":4}
19:53:02.153 [34mdebug[39m: Query executed {"service":"nords-server","text":"SELECT * FROM persona_mental_models WHERE persona_id = ANY($1) ORDER BY sort_ord","duration":29,"rows":0}
19:53:02.183 [34mdebug[39m: Query executed {"service":"nords-server","text":"SELECT * FROM persona_category_weights WHERE persona_id = ANY($1)","duration":30,"rows":5}
19:53:02.184 [32minfo[39m: GET /api/projects/bf84e9fc-8c1e-4ffe-ac1c-415d13de0967/personas 304 {"service":"nords-server","method":"GET","path":"/api/projects/bf84e9fc-8c1e-4ffe-ac1c-415d13de0967/personas","status":304,"duration":"90ms"}
19:53:02.217 [34mdebug[39m: Query executed {"service":"nords-server","text":"SELECT * FROM personas WHERE project_id = $1 AND deleted_at IS NULL ORDER BY sor","duration":32,"rows":4}
19:53:02.218 [34mdebug[39m: Query executed {"service":"nords-server","text":"INSERT INTO usage_events (account_id, project_id, event_type, quantity, metadata","duration":34,"rows":1}
19:53:02.245 [34mdebug[39m: Query executed {"service":"nords-server","text":"SELECT * FROM persona_mental_models WHERE persona_id = ANY($1) ORDER BY sort_ord","duration":27,"rows":0}
19:53:02.274 [34mdebug[39m: Query executed {"service":"nords-server","text":"SELECT * FROM persona_category_weights WHERE persona_id = ANY($1)","duration":28,"rows":5}
19:53:02.275 [32minfo[39m: GET /api/projects/bf84e9fc-8c1e-4ffe-ac1c-415d13de0967/personas 304 {"service":"nords-server","method":"GET","path":"/api/projects/bf84e9fc-8c1e-4ffe-ac1c-415d13de0967/personas","status":304,"duration":"91ms"}
19:53:31.710 [33mwarn[39m: Auth bypassed: dev mode (VITE_SKIP_AUTH or demo-api-key) {"service":"nords-client","clientTimestamp":"2026-05-13T23:53:01.731Z","userId":"dev-user-000"}
19:53:31.710 [33mwarn[39m: Auth bypassed: dev mode (VITE_SKIP_AUTH or demo-api-key) {"service":"nords-client","clientTimestamp":"2026-05-13T23:53:01.731Z","userId":"dev-user-000"}
19:53:31.710 [33mwarn[39m: Auth bypassed: dev mode (VITE_SKIP_AUTH or demo-api-key) {"service":"nords-client","clientTimestamp":"2026-05-13T23:53:01.762Z","userId":"dev-user-000"}
19:53:31.710 [33mwarn[39m: Auth bypassed: dev mode (VITE_SKIP_AUTH or demo-api-key) {"service":"nords-client","clientTimestamp":"2026-05-13T23:53:01.762Z","userId":"dev-user-000"}
19:53:31.711 [32minfo[39m: POST /api/logs 200 {"service":"nords-server","method":"POST","path":"/api/logs","status":200,"duration":"1ms","bytes":"14"}
19:53:31.837 [34mdebug[39m: New client connected to pool {"service":"nords-server"}
19:53:31.871 [34mdebug[39m: Query executed {"service":"nords-server","text":"INSERT INTO usage_events (account_id, project_id, event_type, quantity, metadata","duration":161,"rows":1}
19:57:50.610 [34mdebug[39m: New client connected to pool {"service":"nords-server"}
19:57:50.610 [34mdebug[39m: New client connected to pool {"service":"nords-server"}
19:57:50.646 [34mdebug[39m: Query executed {"service":"nords-server","text":"INSERT INTO usage_events (account_id, project_id, event_type, quantity, metadata","duration":166,"rows":1}
19:57:50.683 [34mdebug[39m: Query executed {"service":"nords-server","text":"SELECT fn_load_project_graph($1) AS fn_load_project_graph","duration":202,"rows":1}
19:57:50.684 [32minfo[39m: GET /api/projects/bf84e9fc-8c1e-4ffe-ac1c-415d13de0967/graph 304 {"service":"nords-server","method":"GET","path":"/api/projects/bf84e9fc-8c1e-4ffe-ac1c-415d13de0967/graph","status":304,"duration":"204ms"}
14:45:28.550 [33mwarn[39m: No Firebase config found. Auth middleware will run in PASSTHROUGH mode. {"service":"nords-server"}
14:45:28.553 [32minfo[39m: Nords API listening on port 3000 {"service":"nords-server"}
14:45:28.553 [32minfo[39m: Swagger UI available at http://localhost:3000/api-docs {"service":"nords-server"}
14:47:41.066 [33mwarn[39m: No Firebase config found. Auth middleware will run in PASSTHROUGH mode. {"service":"nords-server"}
14:47:41.069 [32minfo[39m: Nords API listening on port 3000 {"service":"nords-server"}
14:47:41.069 [32minfo[39m: Swagger UI available at http://localhost:3000/api-docs {"service":"nords-server"}
14:48:09.106 [34mdebug[39m: New client connected to pool {"service":"nords-server"}
14:48:09.107 [34mdebug[39m: New client connected to pool {"service":"nords-server"}
14:48:09.153 [34mdebug[39m: Query executed {"service":"nords-server","text":"SELECT * FROM projects WHERE deleted_at IS NULL ORDER BY updated_at DESC","duration":182,"rows":2}
14:48:09.155 [32minfo[39m: GET /api/projects 304 {"service":"nords-server","method":"GET","path":"/api/projects","status":304,"duration":"185ms"}
14:48:09.180 [34mdebug[39m: Query executed {"service":"nords-server","text":"INSERT INTO usage_events (account_id, project_id, event_type, quantity, metadata","duration":210,"rows":1}
14:48:09.190 [34mdebug[39m: Query executed {"service":"nords-server","text":"INSERT INTO usage_events (account_id, project_id, event_type, quantity, metadata","duration":34,"rows":1}
14:48:09.281 [34mdebug[39m: New client connected to pool {"service":"nords-server"}
14:48:09.316 [34mdebug[39m: Query executed {"service":"nords-server","text":"SELECT * FROM projects WHERE deleted_at IS NULL ORDER BY updated_at DESC","duration":160,"rows":2}
14:48:09.316 [32minfo[39m: GET /api/projects 304 {"service":"nords-server","method":"GET","path":"/api/projects","status":304,"duration":"160ms"}
14:48:38.935 [33mwarn[39m: Auth bypassed: dev mode (VITE_SKIP_AUTH or demo-api-key) {"service":"nords-client","clientTimestamp":"2026-05-14T18:48:08.956Z","userId":"dev-user-000"}
14:48:38.935 [33mwarn[39m: Auth bypassed: dev mode (VITE_SKIP_AUTH or demo-api-key) {"service":"nords-client","clientTimestamp":"2026-05-14T18:48:08.957Z","userId":"dev-user-000"}
14:48:38.936 [33mwarn[39m: Auth bypassed: dev mode (VITE_SKIP_AUTH or demo-api-key) {"service":"nords-client","clientTimestamp":"2026-05-14T18:48:08.967Z","userId":"dev-user-000"}
14:48:38.936 [33mwarn[39m: Auth bypassed: dev mode (VITE_SKIP_AUTH or demo-api-key) {"service":"nords-client","clientTimestamp":"2026-05-14T18:48:08.967Z","userId":"dev-user-000"}
14:48:38.936 [32minfo[39m: POST /api/logs 200 {"service":"nords-server","method":"POST","path":"/api/logs","status":200,"duration":"2ms","bytes":"14"}
14:48:39.066 [34mdebug[39m: New client connected to pool {"service":"nords-server"}
14:48:39.107 [34mdebug[39m: Query executed {"service":"nords-server","text":"INSERT INTO usage_events (account_id, project_id, event_type, quantity, metadata","duration":173,"rows":1}
14:51:23.575 [34mdebug[39m: New client connected to pool {"service":"nords-server"}
14:51:23.576 [34mdebug[39m: New client connected to pool {"service":"nords-server"}
14:51:23.577 [34mdebug[39m: New client connected to pool {"service":"nords-server"}
14:51:23.579 [34mdebug[39m: New client connected to pool {"service":"nords-server"}
14:51:23.581 [34mdebug[39m: New client connected to pool {"service":"nords-server"}
14:51:23.582 [34mdebug[39m: New client connected to pool {"service":"nords-server"}
14:51:23.609 [34mdebug[39m: Query executed {"service":"nords-server","text":"INSERT INTO usage_events (account_id, project_id, event_type, quantity, metadata","duration":161,"rows":1}
14:51:23.612 [34mdebug[39m: Query executed {"service":"nords-server","text":"SELECT * FROM projects WHERE id = $1 AND deleted_at IS NULL","duration":158,"rows":1}
14:51:23.612 [32minfo[39m: GET /api/projects/bf84e9fc-8c1e-4ffe-ac1c-415d13de0967 304 {"service":"nords-server","method":"GET","path":"/api/projects/bf84e9fc-8c1e-4ffe-ac1c-415d13de0967","status":304,"duration":"159ms"}
14:51:23.613 [34mdebug[39m: Query executed {"service":"nords-server","text":"SELECT * FROM personas WHERE project_id = $1 AND deleted_at IS NULL ORDER BY sor","duration":164,"rows":4}
14:51:23.614 [34mdebug[39m: Query executed {"service":"nords-server","text":"INSERT INTO usage_events (account_id, project_id, event_type, quantity, metadata","duration":161,"rows":1}
14:51:23.617 [34mdebug[39m: Query executed {"service":"nords-server","text":"INSERT INTO usage_events (account_id, project_id, event_type, quantity, metadata","duration":166,"rows":1}
14:51:23.644 [34mdebug[39m: Query executed {"service":"nords-server","text":"INSERT INTO usage_events (account_id, project_id, event_type, quantity, metadata","duration":29,"rows":1}
14:51:23.644 [34mdebug[39m: Query executed {"service":"nords-server","text":"SELECT * FROM projects WHERE id = $1 AND deleted_at IS NULL","duration":29,"rows":1}
14:51:23.645 [32minfo[39m: GET /api/projects/bf84e9fc-8c1e-4ffe-ac1c-415d13de0967 304 {"service":"nords-server","method":"GET","path":"/api/projects/bf84e9fc-8c1e-4ffe-ac1c-415d13de0967","status":304,"duration":"30ms"}
14:51:23.648 [34mdebug[39m: Query executed {"service":"nords-server","text":"SELECT * FROM persona_mental_models WHERE persona_id = ANY($1) ORDER BY sort_ord","duration":35,"rows":0}
14:51:23.686 [34mdebug[39m: Query executed {"service":"nords-server","text":"SELECT * FROM persona_category_weights WHERE persona_id = ANY($1)","duration":38,"rows":5}
14:51:23.686 [32minfo[39m: GET /api/projects/bf84e9fc-8c1e-4ffe-ac1c-415d13de0967/personas 304 {"service":"nords-server","method":"GET","path":"/api/projects/bf84e9fc-8c1e-4ffe-ac1c-415d13de0967/personas","status":304,"duration":"238ms"}
14:51:23.717 [34mdebug[39m: Query executed {"service":"nords-server","text":"SELECT fn_load_project_graph($1) AS fn_load_project_graph","duration":265,"rows":1}
14:51:23.718 [32minfo[39m: GET /api/projects/bf84e9fc-8c1e-4ffe-ac1c-415d13de0967/graph 304 {"service":"nords-server","method":"GET","path":"/api/projects/bf84e9fc-8c1e-4ffe-ac1c-415d13de0967/graph","status":304,"duration":"267ms"}
14:51:23.718 [34mdebug[39m: Query executed {"service":"nords-server","text":"SELECT * FROM personas WHERE project_id = $1 AND deleted_at IS NULL ORDER BY sor","duration":30,"rows":4}
14:51:23.718 [34mdebug[39m: Query executed {"service":"nords-server","text":"INSERT INTO usage_events (account_id, project_id, event_type, quantity, metadata","duration":31,"rows":1}
14:51:23.750 [34mdebug[39m: Query executed {"service":"nords-server","text":"INSERT INTO usage_events (account_id, project_id, event_type, quantity, metadata","duration":30,"rows":1}
14:51:23.750 [34mdebug[39m: Query executed {"service":"nords-server","text":"SELECT * FROM persona_mental_models WHERE persona_id = ANY($1) ORDER BY sort_ord","duration":32,"rows":0}
14:51:23.754 [34mdebug[39m: Query executed {"service":"nords-server","text":"SELECT fn_load_project_graph($1) AS fn_load_project_graph","duration":34,"rows":1}
14:51:23.754 [32minfo[39m: GET /api/projects/bf84e9fc-8c1e-4ffe-ac1c-415d13de0967/graph 304 {"service":"nords-server","method":"GET","path":"/api/projects/bf84e9fc-8c1e-4ffe-ac1c-415d13de0967/graph","status":304,"duration":"35ms"}
14:51:23.778 [34mdebug[39m: Query executed {"service":"nords-server","text":"SELECT * FROM persona_category_weights WHERE persona_id = ANY($1)","duration":28,"rows":5}
14:51:23.778 [32minfo[39m: GET /api/projects/bf84e9fc-8c1e-4ffe-ac1c-415d13de0967/personas 304 {"service":"nords-server","method":"GET","path":"/api/projects/bf84e9fc-8c1e-4ffe-ac1c-415d13de0967/personas","status":304,"duration":"91ms"}
14:51:23.812 [34mdebug[39m: Query executed {"service":"nords-server","text":"SELECT * FROM personas WHERE project_id = $1 AND deleted_at IS NULL ORDER BY sor","duration":33,"rows":4}
14:51:23.812 [34mdebug[39m: Query executed {"service":"nords-server","text":"INSERT INTO usage_events (account_id, project_id, event_type, quantity, metadata","duration":33,"rows":1}
14:51:23.842 [34mdebug[39m: Query executed {"service":"nords-server","text":"SELECT * FROM persona_mental_models WHERE persona_id = ANY($1) ORDER BY sort_ord","duration":30,"rows":0}
14:51:23.872 [34mdebug[39m: Query executed {"service":"nords-server","text":"SELECT * FROM persona_category_weights WHERE persona_id = ANY($1)","duration":30,"rows":5}
14:51:23.872 [32minfo[39m: GET /api/projects/bf84e9fc-8c1e-4ffe-ac1c-415d13de0967/personas 304 {"service":"nords-server","method":"GET","path":"/api/projects/bf84e9fc-8c1e-4ffe-ac1c-415d13de0967/personas","status":304,"duration":"93ms"}
14:51:23.902 [34mdebug[39m: Query executed {"service":"nords-server","text":"SELECT * FROM personas WHERE project_id = $1 AND deleted_at IS NULL ORDER BY sor","duration":29,"rows":4}
14:51:23.905 [34mdebug[39m: Query executed {"service":"nords-server","text":"INSERT INTO usage_events (account_id, project_id, event_type, quantity, metadata","duration":32,"rows":1}
14:51:23.934 [34mdebug[39m: Query executed {"service":"nords-server","text":"SELECT * FROM persona_mental_models WHERE persona_id = ANY($1) ORDER BY sort_ord","duration":32,"rows":0}
14:51:23.964 [34mdebug[39m: Query executed {"service":"nords-server","text":"SELECT * FROM persona_category_weights WHERE persona_id = ANY($1)","duration":30,"rows":5}
14:51:23.964 [32minfo[39m: GET /api/projects/bf84e9fc-8c1e-4ffe-ac1c-415d13de0967/personas 304 {"service":"nords-server","method":"GET","path":"/api/projects/bf84e9fc-8c1e-4ffe-ac1c-415d13de0967/personas","status":304,"duration":"91ms"}
14:51:38.931 [33mwarn[39m: Auth bypassed: dev mode (VITE_SKIP_AUTH or demo-api-key) {"service":"nords-client","clientTimestamp":"2026-05-14T18:51:23.406Z","userId":"dev-user-000"}
14:51:38.931 [33mwarn[39m: Auth bypassed: dev mode (VITE_SKIP_AUTH or demo-api-key) {"service":"nords-client","clientTimestamp":"2026-05-14T18:51:23.406Z","userId":"dev-user-000"}
14:51:38.931 [32minfo[39m: POST /api/logs 200 {"service":"nords-server","method":"POST","path":"/api/logs","status":200,"duration":"1ms","bytes":"14"}
14:51:39.059 [34mdebug[39m: New client connected to pool {"service":"nords-server"}
14:51:39.096 [34mdebug[39m: Query executed {"service":"nords-server","text":"INSERT INTO usage_events (account_id, project_id, event_type, quantity, metadata","duration":166,"rows":1}
14:51:59.263 [34mdebug[39m: New client connected to pool {"service":"nords-server"}
14:51:59.264 [34mdebug[39m: New client connected to pool {"service":"nords-server"}
14:51:59.265 [34mdebug[39m: New client connected to pool {"service":"nords-server"}
14:51:59.266 [34mdebug[39m: New client connected to pool {"service":"nords-server"}
14:51:59.267 [34mdebug[39m: New client connected to pool {"service":"nords-server"}
14:51:59.267 [34mdebug[39m: New client connected to pool {"service":"nords-server"}
14:51:59.296 [34mdebug[39m: Query executed {"service":"nords-server","text":"SELECT * FROM projects WHERE id = $1 AND deleted_at IS NULL","duration":186,"rows":1}
14:51:59.296 [32minfo[39m: GET /api/projects/bf84e9fc-8c1e-4ffe-ac1c-415d13de0967 304 {"service":"nords-server","method":"GET","path":"/api/projects/bf84e9fc-8c1e-4ffe-ac1c-415d13de0967","status":304,"duration":"187ms"}
14:51:59.308 [34mdebug[39m: Query executed {"service":"nords-server","text":"SELECT * FROM personas WHERE project_id = $1 AND deleted_at IS NULL ORDER BY sor","duration":196,"rows":4}
14:51:59.309 [34mdebug[39m: Query executed {"service":"nords-server","text":"INSERT INTO usage_events (account_id, project_id, event_type, quantity, metadata","duration":200,"rows":1}
14:51:59.310 [34mdebug[39m: Query executed {"service":"nords-server","text":"INSERT INTO usage_events (account_id, project_id, event_type, quantity, metadata","duration":199,"rows":1}
14:51:59.310 [34mdebug[39m: Query executed {"service":"nords-server","text":"INSERT INTO usage_events (account_id, project_id, event_type, quantity, metadata","duration":196,"rows":1}
14:51:59.340 [34mdebug[39m: Query executed {"service":"nords-server","text":"SELECT * FROM persona_mental_models WHERE persona_id = ANY($1) ORDER BY sort_ord","duration":32,"rows":0}
14:51:59.345 [34mdebug[39m: Query executed {"service":"nords-server","text":"SELECT fn_load_project_graph($1) AS fn_load_project_graph","duration":231,"rows":1}
14:51:59.346 [32minfo[39m: GET /api/projects/bf84e9fc-8c1e-4ffe-ac1c-415d13de0967/graph 304 {"service":"nords-server","method":"GET","path":"/api/projects/bf84e9fc-8c1e-4ffe-ac1c-415d13de0967/graph","status":304,"duration":"232ms"}
14:51:59.373 [34mdebug[39m: Query executed {"service":"nords-server","text":"SELECT * FROM persona_category_weights WHERE persona_id = ANY($1)","duration":33,"rows":5}
14:51:59.373 [32minfo[39m: GET /api/projects/bf84e9fc-8c1e-4ffe-ac1c-415d13de0967/personas 304 {"service":"nords-server","method":"GET","path":"/api/projects/bf84e9fc-8c1e-4ffe-ac1c-415d13de0967/personas","status":304,"duration":"262ms"}
